2026-04-30 14:07:20,764 p=9979 u=ansible n=ansible | PLAY [Configure all cluster nodes (common prerequisites)] *****************************************************************
2026-04-30 14:07:21,801 p=9979 u=ansible n=ansible | TASK [Gathering Facts] ****************************************************************************************************
2026-04-30 14:07:46,668 p=9979 u=ansible n=ansible | ok: [worker-01]
2026-04-30 14:08:14,307 p=9979 u=ansible n=ansible | ok: [Master]
2026-04-30 14:08:25,435 p=9979 u=ansible n=ansible | ok: [worker-02]
2026-04-30 14:08:25,957 p=9979 u=ansible n=ansible | TASK [common : Disable swap immediately] **********************************************************************************
2026-04-30 14:25:28,411 p=9979 u=ansible n=ansible |  [ERROR]: User interrupted execution

2026-04-30 14:30:53,544 p=11457 u=ansible n=ansible | PLAY [Configure all cluster nodes (common prerequisites)] *****************************************************************
2026-04-30 14:30:53,579 p=11457 u=ansible n=ansible | TASK [Gathering Facts] ****************************************************************************************************
2026-04-30 14:31:22,495 p=11457 u=ansible n=ansible | ok: [Master]
2026-04-30 14:34:06,273 p=11457 u=ansible n=ansible | ok: [worker-01]
2026-04-30 14:48:50,731 p=11457 u=ansible n=ansible |  [ERROR]: User interrupted execution

2026-04-30 20:02:28,410 p=10884 u=ansible n=ansible | Master | SUCCESS => {
    "ansible_facts": {
        "discovered_interpreter_python": "/usr/bin/python3"
    },
    "changed": false,
    "ping": "pong"
}
2026-04-30 20:03:02,774 p=10884 u=ansible n=ansible | worker-01 | SUCCESS => {
    "ansible_facts": {
        "discovered_interpreter_python": "/usr/bin/python3"
    },
    "changed": false,
    "ping": "pong"
}
2026-04-30 20:03:09,600 p=10884 u=ansible n=ansible | worker-02 | SUCCESS => {
    "ansible_facts": {
        "discovered_interpreter_python": "/usr/bin/python3"
    },
    "changed": false,
    "ping": "pong"
}
2026-04-30 20:03:15,184 p=11091 u=ansible n=ansible | Master | SUCCESS => {
    "ansible_facts": {
        "discovered_interpreter_python": "/usr/bin/python3"
    },
    "changed": false,
    "ping": "pong"
}
2026-04-30 20:03:15,296 p=11091 u=ansible n=ansible | worker-02 | SUCCESS => {
    "ansible_facts": {
        "discovered_interpreter_python": "/usr/bin/python3"
    },
    "changed": false,
    "ping": "pong"
}
2026-04-30 20:03:15,415 p=11091 u=ansible n=ansible | worker-01 | SUCCESS => {
    "ansible_facts": {
        "discovered_interpreter_python": "/usr/bin/python3"
    },
    "changed": false,
    "ping": "pong"
}
2026-04-30 20:03:17,210 p=11129 u=ansible n=ansible | Master | SUCCESS => {
    "ansible_facts": {
        "discovered_interpreter_python": "/usr/bin/python3"
    },
    "changed": false,
    "ping": "pong"
}
2026-04-30 20:03:17,327 p=11129 u=ansible n=ansible | worker-01 | SUCCESS => {
    "ansible_facts": {
        "discovered_interpreter_python": "/usr/bin/python3"
    },
    "changed": false,
    "ping": "pong"
}
2026-04-30 20:03:17,373 p=11129 u=ansible n=ansible | worker-02 | SUCCESS => {
    "ansible_facts": {
        "discovered_interpreter_python": "/usr/bin/python3"
    },
    "changed": false,
    "ping": "pong"
}
2026-04-30 20:05:31,406 p=11349 u=ansible n=ansible | PLAY [Configure all cluster nodes (common prerequisites)] **************************************************************************
2026-04-30 20:05:31,429 p=11349 u=ansible n=ansible | TASK [Gathering Facts] *************************************************************************************************************
2026-04-30 20:05:37,344 p=11349 u=ansible n=ansible | ok: [Master]
2026-04-30 20:05:41,919 p=11349 u=ansible n=ansible | ok: [worker-02]
2026-04-30 20:05:46,072 p=11349 u=ansible n=ansible | ok: [worker-01]
2026-04-30 20:05:46,146 p=11349 u=ansible n=ansible | TASK [common : Disable swap immediately] *******************************************************************************************
2026-04-30 20:05:46,543 p=11349 u=ansible n=ansible | changed: [Master]
2026-04-30 20:06:05,168 p=11349 u=ansible n=ansible | changed: [worker-01]
2026-04-30 20:06:22,935 p=11349 u=ansible n=ansible | changed: [worker-02]
2026-04-30 20:06:22,943 p=11349 u=ansible n=ansible | TASK [common : Remove swap from /etc/fstab] ****************************************************************************************
2026-04-30 20:06:23,266 p=11349 u=ansible n=ansible | ok: [Master]
2026-04-30 20:06:23,957 p=11349 u=ansible n=ansible | ok: [worker-01]
2026-04-30 20:06:25,727 p=11349 u=ansible n=ansible | ok: [worker-02]
2026-04-30 20:06:25,736 p=11349 u=ansible n=ansible | TASK [common : Set hostname] *******************************************************************************************************
2026-04-30 20:06:46,680 p=11349 u=ansible n=ansible | changed: [Master]
2026-04-30 20:06:46,916 p=11349 u=ansible n=ansible | changed: [worker-01]
2026-04-30 20:06:49,135 p=11349 u=ansible n=ansible | changed: [worker-02]
2026-04-30 20:06:49,144 p=11349 u=ansible n=ansible | TASK [common : Update /etc/hosts with all cluster nodes] ***************************************************************************
2026-04-30 20:06:49,508 p=11349 u=ansible n=ansible | changed: [Master]
2026-04-30 20:06:49,528 p=11349 u=ansible n=ansible | changed: [worker-01]
2026-04-30 20:06:50,611 p=11349 u=ansible n=ansible | changed: [worker-02]
2026-04-30 20:06:50,620 p=11349 u=ansible n=ansible | TASK [common : Set SELinux to permissive mode (runtime)] ***************************************************************************
2026-04-30 20:06:50,907 p=11349 u=ansible n=ansible | changed: [worker-02]
2026-04-30 20:06:50,938 p=11349 u=ansible n=ansible | changed: [worker-01]
2026-04-30 20:06:50,980 p=11349 u=ansible n=ansible | changed: [Master]
2026-04-30 20:06:50,988 p=11349 u=ansible n=ansible | TASK [common : Set SELinux to permissive mode (permanent)] *************************************************************************
2026-04-30 20:06:51,201 p=11349 u=ansible n=ansible | changed: [Master]
2026-04-30 20:06:51,242 p=11349 u=ansible n=ansible | changed: [worker-02]
2026-04-30 20:06:52,147 p=11349 u=ansible n=ansible | changed: [worker-01]
2026-04-30 20:06:52,154 p=11349 u=ansible n=ansible | TASK [common : Ensure firewalld is started] ****************************************************************************************
2026-04-30 20:06:53,098 p=11349 u=ansible n=ansible | ok: [Master]
2026-04-30 20:06:53,242 p=11349 u=ansible n=ansible | ok: [worker-02]
2026-04-30 20:06:53,641 p=11349 u=ansible n=ansible | ok: [worker-01]
2026-04-30 20:06:53,650 p=11349 u=ansible n=ansible | TASK [common : Open required ports on control plane] *******************************************************************************
2026-04-30 20:06:53,684 p=11349 u=ansible n=ansible | skipping: [worker-01] => (item=6443/tcp) 
2026-04-30 20:06:53,685 p=11349 u=ansible n=ansible | skipping: [worker-01] => (item=2379/tcp) 
2026-04-30 20:06:53,689 p=11349 u=ansible n=ansible | skipping: [worker-01] => (item=2380/tcp) 
2026-04-30 20:06:53,691 p=11349 u=ansible n=ansible | skipping: [worker-01] => (item=10250/tcp) 
2026-04-30 20:06:53,694 p=11349 u=ansible n=ansible | skipping: [worker-01] => (item=10257/tcp) 
2026-04-30 20:06:53,697 p=11349 u=ansible n=ansible | skipping: [worker-01] => (item=10259/tcp) 
2026-04-30 20:06:53,699 p=11349 u=ansible n=ansible | skipping: [worker-02] => (item=6443/tcp) 
2026-04-30 20:06:53,705 p=11349 u=ansible n=ansible | skipping: [worker-01] => (item=179/tcp) 
2026-04-30 20:06:53,705 p=11349 u=ansible n=ansible | skipping: [worker-01] => (item=4789/udp) 
2026-04-30 20:06:53,706 p=11349 u=ansible n=ansible | skipping: [worker-02] => (item=2379/tcp) 
2026-04-30 20:06:53,707 p=11349 u=ansible n=ansible | skipping: [worker-02] => (item=2380/tcp) 
2026-04-30 20:06:53,707 p=11349 u=ansible n=ansible | skipping: [worker-01]
2026-04-30 20:06:53,711 p=11349 u=ansible n=ansible | skipping: [worker-02] => (item=10250/tcp) 
2026-04-30 20:06:53,711 p=11349 u=ansible n=ansible | skipping: [worker-02] => (item=10257/tcp) 
2026-04-30 20:06:53,717 p=11349 u=ansible n=ansible | skipping: [worker-02] => (item=10259/tcp) 
2026-04-30 20:06:53,717 p=11349 u=ansible n=ansible | skipping: [worker-02] => (item=179/tcp) 
2026-04-30 20:06:53,718 p=11349 u=ansible n=ansible | skipping: [worker-02] => (item=4789/udp) 
2026-04-30 20:06:53,720 p=11349 u=ansible n=ansible | skipping: [worker-02]
2026-04-30 20:06:54,555 p=11349 u=ansible n=ansible | changed: [Master] => (item=6443/tcp)
2026-04-30 20:06:54,915 p=11349 u=ansible n=ansible | changed: [Master] => (item=2379/tcp)
2026-04-30 20:06:55,253 p=11349 u=ansible n=ansible | changed: [Master] => (item=2380/tcp)
2026-04-30 20:06:55,603 p=11349 u=ansible n=ansible | changed: [Master] => (item=10250/tcp)
2026-04-30 20:06:55,974 p=11349 u=ansible n=ansible | changed: [Master] => (item=10257/tcp)
2026-04-30 20:06:56,299 p=11349 u=ansible n=ansible | changed: [Master] => (item=10259/tcp)
2026-04-30 20:06:56,656 p=11349 u=ansible n=ansible | changed: [Master] => (item=179/tcp)
2026-04-30 20:06:57,021 p=11349 u=ansible n=ansible | changed: [Master] => (item=4789/udp)
2026-04-30 20:06:57,029 p=11349 u=ansible n=ansible | TASK [common : Open required ports on worker nodes] ********************************************************************************
2026-04-30 20:06:57,049 p=11349 u=ansible n=ansible | skipping: [Master] => (item=10250/tcp) 
2026-04-30 20:06:57,051 p=11349 u=ansible n=ansible | skipping: [Master] => (item=30000-32767/tcp) 
2026-04-30 20:06:57,052 p=11349 u=ansible n=ansible | skipping: [Master] => (item=179/tcp) 
2026-04-30 20:06:57,054 p=11349 u=ansible n=ansible | skipping: [Master] => (item=4789/udp) 
2026-04-30 20:06:57,066 p=11349 u=ansible n=ansible | skipping: [Master]
2026-04-30 20:06:59,541 p=11349 u=ansible n=ansible | changed: [worker-02] => (item=10250/tcp)
2026-04-30 20:06:59,907 p=11349 u=ansible n=ansible | changed: [worker-02] => (item=30000-32767/tcp)
2026-04-30 20:07:00,256 p=11349 u=ansible n=ansible | changed: [worker-02] => (item=179/tcp)
2026-04-30 20:07:00,649 p=11349 u=ansible n=ansible | changed: [worker-02] => (item=4789/udp)
2026-04-30 20:07:01,618 p=11349 u=ansible n=ansible | changed: [worker-01] => (item=10250/tcp)
2026-04-30 20:07:02,630 p=11349 u=ansible n=ansible | changed: [worker-01] => (item=30000-32767/tcp)
2026-04-30 20:07:02,964 p=11349 u=ansible n=ansible | changed: [worker-01] => (item=179/tcp)
2026-04-30 20:07:03,394 p=11349 u=ansible n=ansible | changed: [worker-01] => (item=4789/udp)
2026-04-30 20:07:03,505 p=11349 u=ansible n=ansible | TASK [common : Load kernel modules config] *****************************************************************************************
2026-04-30 20:07:04,415 p=11349 u=ansible n=ansible | changed: [Master]
2026-04-30 20:07:04,789 p=11349 u=ansible n=ansible | changed: [worker-01]
2026-04-30 20:07:04,823 p=11349 u=ansible n=ansible | changed: [worker-02]
2026-04-30 20:07:04,832 p=11349 u=ansible n=ansible | TASK [common : Load overlay module] ************************************************************************************************
2026-04-30 20:07:05,210 p=11349 u=ansible n=ansible | ok: [Master]
2026-04-30 20:07:05,229 p=11349 u=ansible n=ansible | ok: [worker-01]
2026-04-30 20:07:05,232 p=11349 u=ansible n=ansible | ok: [worker-02]
2026-04-30 20:07:05,240 p=11349 u=ansible n=ansible | TASK [common : Load br_netfilter module] *******************************************************************************************
2026-04-30 20:07:05,458 p=11349 u=ansible n=ansible | ok: [Master]
2026-04-30 20:07:05,489 p=11349 u=ansible n=ansible | ok: [worker-01]
2026-04-30 20:07:05,513 p=11349 u=ansible n=ansible | ok: [worker-02]
2026-04-30 20:07:05,522 p=11349 u=ansible n=ansible | TASK [common : Set sysctl params for Kubernetes] ***********************************************************************************
2026-04-30 20:07:05,937 p=11349 u=ansible n=ansible | changed: [Master]
2026-04-30 20:07:06,284 p=11349 u=ansible n=ansible | changed: [worker-02]
2026-04-30 20:07:06,448 p=11349 u=ansible n=ansible | changed: [worker-01]
2026-04-30 20:07:06,457 p=11349 u=ansible n=ansible | TASK [common : Apply sysctl params] ************************************************************************************************
2026-04-30 20:07:06,880 p=11349 u=ansible n=ansible | changed: [worker-02]
2026-04-30 20:07:07,130 p=11349 u=ansible n=ansible | changed: [Master]
2026-04-30 20:07:07,193 p=11349 u=ansible n=ansible | changed: [worker-01]
2026-04-30 20:07:07,201 p=11349 u=ansible n=ansible | TASK [common : Install required packages] ******************************************************************************************
2026-04-30 20:08:33,654 p=11349 u=ansible n=ansible | ok: [worker-01]
2026-04-30 20:09:22,577 p=11349 u=ansible n=ansible | fatal: [worker-02]: FAILED! => changed=false 
  msg: 'Failed to download metadata for repo ''google-cloud-sdk'': Cannot download repomd.xml: Cannot download repodata/repomd.xml: All mirrors were tried'
  rc: 1
  results: []
2026-04-30 20:11:05,376 p=11349 u=ansible n=ansible | fatal: [Master]: FAILED! => changed=false 
  msg: 'Failed to download metadata for repo ''baseos'': Cannot prepare internal mirrorlist: Curl error (28): Timeout was reached for https://mirrors.rockylinux.org/mirrorlist?arch=x86_64&repo=BaseOS-9 [Failed to connect to mirrors.rockylinux.org port 443: Connection timed out]'
  rc: 1
  results: []
2026-04-30 20:11:05,383 p=11349 u=ansible n=ansible | TASK [common : Add Docker repo (contains containerd)] ******************************************************************************
2026-04-30 20:11:09,613 p=11349 u=ansible n=ansible | ok: [worker-01]
2026-04-30 20:11:09,621 p=11349 u=ansible n=ansible | TASK [common : Install containerd] *************************************************************************************************
2026-04-30 20:12:00,950 p=11349 u=ansible n=ansible | ok: [worker-01]
2026-04-30 20:12:00,959 p=11349 u=ansible n=ansible | TASK [common : Create containerd config directory] *********************************************************************************
2026-04-30 20:12:04,019 p=11349 u=ansible n=ansible | ok: [worker-01]
2026-04-30 20:12:04,064 p=11349 u=ansible n=ansible | TASK [common : Generate default containerd config] *********************************************************************************
2026-04-30 20:12:04,263 p=11349 u=ansible n=ansible | ok: [worker-01]
2026-04-30 20:12:04,270 p=11349 u=ansible n=ansible | TASK [common : Enable SystemdCgroup in containerd config] **************************************************************************
2026-04-30 20:12:04,485 p=11349 u=ansible n=ansible | ok: [worker-01]
2026-04-30 20:12:04,494 p=11349 u=ansible n=ansible | TASK [common : Enable and start containerd] ****************************************************************************************
2026-04-30 20:12:10,686 p=11349 u=ansible n=ansible | changed: [worker-01]
2026-04-30 20:12:10,694 p=11349 u=ansible n=ansible | TASK [common : Add Kubernetes yum repository] **************************************************************************************
2026-04-30 20:12:11,668 p=11349 u=ansible n=ansible | changed: [worker-01]
2026-04-30 20:12:11,676 p=11349 u=ansible n=ansible | TASK [common : Install kubelet, kubeadm, kubectl] **********************************************************************************
2026-04-30 20:18:15,928 p=11349 u=ansible n=ansible | changed: [worker-01]
2026-04-30 20:18:15,935 p=11349 u=ansible n=ansible | TASK [common : Enable and start kubelet] *******************************************************************************************
2026-04-30 20:18:19,290 p=11349 u=ansible n=ansible | changed: [worker-01]
2026-04-30 20:18:19,327 p=11349 u=ansible n=ansible | PLAY [Initialize Kubernetes control plane] *****************************************************************************************
2026-04-30 20:18:19,335 p=11349 u=ansible n=ansible | PLAY [Join worker nodes to the cluster] ********************************************************************************************
2026-04-30 20:18:19,344 p=11349 u=ansible n=ansible | TASK [Gathering Facts] *************************************************************************************************************
2026-04-30 20:18:24,171 p=11349 u=ansible n=ansible | ok: [worker-01]
2026-04-30 20:18:24,192 p=11349 u=ansible n=ansible | TASK [worker : Check if node is already part of a cluster] *************************************************************************
2026-04-30 20:18:24,455 p=11349 u=ansible n=ansible | ok: [worker-01]
2026-04-30 20:18:24,467 p=11349 u=ansible n=ansible | TASK [worker : Read join command from local file] **********************************************************************************
2026-04-30 20:18:25,372 p=11349 u=ansible n=ansible | fatal: [worker-01 -> localhost]: FAILED! => changed=false 
  msg: 'file not found: /tmp/k8s_join_command.sh'
2026-04-30 20:18:25,375 p=11349 u=ansible n=ansible | PLAY [Verify cluster is healthy] ***************************************************************************************************
2026-04-30 20:18:25,377 p=11349 u=ansible n=ansible | PLAY RECAP *************************************************************************************************************************
2026-04-30 20:18:25,377 p=11349 u=ansible n=ansible | Master                     : ok=14   changed=9    unreachable=0    failed=1    skipped=1    rescued=0    ignored=0   
2026-04-30 20:18:25,378 p=11349 u=ansible n=ansible | worker-01                  : ok=26   changed=13   unreachable=0    failed=1    skipped=1    rescued=0    ignored=0   
2026-04-30 20:18:25,378 p=11349 u=ansible n=ansible | worker-02                  : ok=14   changed=9    unreachable=0    failed=1    skipped=1    rescued=0    ignored=0   
2026-04-30 20:28:05,794 p=13017 u=ansible n=ansible | PLAY [Configure all cluster nodes (common prerequisites)] **************************************************************************
2026-04-30 20:28:05,814 p=13017 u=ansible n=ansible | TASK [Gathering Facts] *************************************************************************************************************
2026-04-30 20:28:08,386 p=13017 u=ansible n=ansible | ok: [Master]
2026-04-30 20:28:08,411 p=13017 u=ansible n=ansible | ok: [worker-01]
2026-04-30 20:28:12,737 p=13017 u=ansible n=ansible | ok: [worker-02]
2026-04-30 20:28:12,804 p=13017 u=ansible n=ansible | TASK [common : Disable swap immediately] *******************************************************************************************
2026-04-30 20:28:12,820 p=13017 u=ansible n=ansible | skipping: [Master]
2026-04-30 20:28:12,832 p=13017 u=ansible n=ansible | skipping: [worker-01]
2026-04-30 20:28:12,840 p=13017 u=ansible n=ansible | skipping: [worker-02]
2026-04-30 20:28:12,850 p=13017 u=ansible n=ansible | TASK [common : Remove swap from /etc/fstab] ****************************************************************************************
2026-04-30 20:28:13,172 p=13017 u=ansible n=ansible | ok: [Master]
2026-04-30 20:28:13,189 p=13017 u=ansible n=ansible | ok: [worker-01]
2026-04-30 20:28:13,199 p=13017 u=ansible n=ansible | ok: [worker-02]
2026-04-30 20:28:13,208 p=13017 u=ansible n=ansible | TASK [common : Set hostname] *******************************************************************************************************
2026-04-30 20:28:14,067 p=13017 u=ansible n=ansible | ok: [Master]
2026-04-30 20:28:14,144 p=13017 u=ansible n=ansible | ok: [worker-02]
2026-04-30 20:28:14,244 p=13017 u=ansible n=ansible | ok: [worker-01]
2026-04-30 20:28:14,252 p=13017 u=ansible n=ansible | TASK [common : Update /etc/hosts with all cluster nodes] ***************************************************************************
2026-04-30 20:28:14,565 p=13017 u=ansible n=ansible | ok: [Master]
2026-04-30 20:28:14,586 p=13017 u=ansible n=ansible | ok: [worker-01]
2026-04-30 20:28:14,591 p=13017 u=ansible n=ansible | ok: [worker-02]
2026-04-30 20:28:14,599 p=13017 u=ansible n=ansible | TASK [common : Set SELinux to permissive mode (runtime)] ***************************************************************************
2026-04-30 20:28:14,935 p=13017 u=ansible n=ansible | changed: [Master]
2026-04-30 20:28:14,944 p=13017 u=ansible n=ansible | changed: [worker-02]
2026-04-30 20:28:14,954 p=13017 u=ansible n=ansible | changed: [worker-01]
2026-04-30 20:28:14,962 p=13017 u=ansible n=ansible | TASK [common : Set SELinux to permissive mode (permanent)] *************************************************************************
2026-04-30 20:28:15,189 p=13017 u=ansible n=ansible | ok: [Master]
2026-04-30 20:28:15,226 p=13017 u=ansible n=ansible | ok: [worker-01]
2026-04-30 20:28:15,229 p=13017 u=ansible n=ansible | ok: [worker-02]
2026-04-30 20:28:15,238 p=13017 u=ansible n=ansible | TASK [common : Ensure firewalld is started] ****************************************************************************************
2026-04-30 20:28:15,784 p=13017 u=ansible n=ansible | ok: [Master]
2026-04-30 20:28:15,843 p=13017 u=ansible n=ansible | ok: [worker-01]
2026-04-30 20:28:15,895 p=13017 u=ansible n=ansible | ok: [worker-02]
2026-04-30 20:28:15,903 p=13017 u=ansible n=ansible | TASK [common : Open required ports on control plane] *******************************************************************************
2026-04-30 20:28:15,934 p=13017 u=ansible n=ansible | skipping: [worker-01] => (item=6443/tcp) 
2026-04-30 20:28:15,936 p=13017 u=ansible n=ansible | skipping: [worker-01] => (item=2379/tcp) 
2026-04-30 20:28:15,939 p=13017 u=ansible n=ansible | skipping: [worker-01] => (item=2380/tcp) 
2026-04-30 20:28:15,942 p=13017 u=ansible n=ansible | skipping: [worker-01] => (item=10250/tcp) 
2026-04-30 20:28:15,945 p=13017 u=ansible n=ansible | skipping: [worker-01] => (item=10257/tcp) 
2026-04-30 20:28:15,951 p=13017 u=ansible n=ansible | skipping: [worker-01] => (item=10259/tcp) 
2026-04-30 20:28:15,951 p=13017 u=ansible n=ansible | skipping: [worker-01] => (item=179/tcp) 
2026-04-30 20:28:15,952 p=13017 u=ansible n=ansible | skipping: [worker-02] => (item=6443/tcp) 
2026-04-30 20:28:15,952 p=13017 u=ansible n=ansible | skipping: [worker-01] => (item=4789/udp) 
2026-04-30 20:28:15,953 p=13017 u=ansible n=ansible | skipping: [worker-01]
2026-04-30 20:28:15,956 p=13017 u=ansible n=ansible | skipping: [worker-02] => (item=2379/tcp) 
2026-04-30 20:28:15,960 p=13017 u=ansible n=ansible | skipping: [worker-02] => (item=2380/tcp) 
2026-04-30 20:28:15,963 p=13017 u=ansible n=ansible | skipping: [worker-02] => (item=10250/tcp) 
2026-04-30 20:28:15,966 p=13017 u=ansible n=ansible | skipping: [worker-02] => (item=10257/tcp) 
2026-04-30 20:28:15,969 p=13017 u=ansible n=ansible | skipping: [worker-02] => (item=10259/tcp) 
2026-04-30 20:28:15,971 p=13017 u=ansible n=ansible | skipping: [worker-02] => (item=179/tcp) 
2026-04-30 20:28:15,972 p=13017 u=ansible n=ansible | skipping: [worker-02] => (item=4789/udp) 
2026-04-30 20:28:15,973 p=13017 u=ansible n=ansible | skipping: [worker-02]
2026-04-30 20:28:16,405 p=13017 u=ansible n=ansible | ok: [Master] => (item=6443/tcp)
2026-04-30 20:28:16,704 p=13017 u=ansible n=ansible | ok: [Master] => (item=2379/tcp)
2026-04-30 20:28:17,001 p=13017 u=ansible n=ansible | ok: [Master] => (item=2380/tcp)
2026-04-30 20:28:17,295 p=13017 u=ansible n=ansible | ok: [Master] => (item=10250/tcp)
2026-04-30 20:28:17,600 p=13017 u=ansible n=ansible | ok: [Master] => (item=10257/tcp)
2026-04-30 20:28:17,901 p=13017 u=ansible n=ansible | ok: [Master] => (item=10259/tcp)
2026-04-30 20:28:18,211 p=13017 u=ansible n=ansible | ok: [Master] => (item=179/tcp)
2026-04-30 20:28:18,605 p=13017 u=ansible n=ansible | ok: [Master] => (item=4789/udp)
2026-04-30 20:28:18,614 p=13017 u=ansible n=ansible | TASK [common : Open required ports on worker nodes] ********************************************************************************
2026-04-30 20:28:18,634 p=13017 u=ansible n=ansible | skipping: [Master] => (item=10250/tcp) 
2026-04-30 20:28:18,636 p=13017 u=ansible n=ansible | skipping: [Master] => (item=30000-32767/tcp) 
2026-04-30 20:28:18,636 p=13017 u=ansible n=ansible | skipping: [Master] => (item=179/tcp) 
2026-04-30 20:28:18,637 p=13017 u=ansible n=ansible | skipping: [Master] => (item=4789/udp) 
2026-04-30 20:28:18,649 p=13017 u=ansible n=ansible | skipping: [Master]
2026-04-30 20:28:20,760 p=13017 u=ansible n=ansible | ok: [worker-01] => (item=10250/tcp)
2026-04-30 20:28:20,854 p=13017 u=ansible n=ansible | ok: [worker-02] => (item=10250/tcp)
2026-04-30 20:28:21,110 p=13017 u=ansible n=ansible | ok: [worker-01] => (item=30000-32767/tcp)
2026-04-30 20:28:21,197 p=13017 u=ansible n=ansible | ok: [worker-02] => (item=30000-32767/tcp)
2026-04-30 20:28:21,442 p=13017 u=ansible n=ansible | ok: [worker-01] => (item=179/tcp)
2026-04-30 20:28:21,544 p=13017 u=ansible n=ansible | ok: [worker-02] => (item=179/tcp)
2026-04-30 20:28:21,806 p=13017 u=ansible n=ansible | ok: [worker-01] => (item=4789/udp)
2026-04-30 20:28:21,868 p=13017 u=ansible n=ansible | ok: [worker-02] => (item=4789/udp)
2026-04-30 20:28:21,879 p=13017 u=ansible n=ansible | TASK [common : Load kernel modules config] *****************************************************************************************
2026-04-30 20:28:23,101 p=13017 u=ansible n=ansible | ok: [Master]
2026-04-30 20:28:23,267 p=13017 u=ansible n=ansible | ok: [worker-02]
2026-04-30 20:28:23,274 p=13017 u=ansible n=ansible | ok: [worker-01]
2026-04-30 20:28:23,287 p=13017 u=ansible n=ansible | TASK [common : Load overlay module] ************************************************************************************************
2026-04-30 20:28:23,612 p=13017 u=ansible n=ansible | ok: [Master]
2026-04-30 20:28:23,646 p=13017 u=ansible n=ansible | ok: [worker-02]
2026-04-30 20:28:23,646 p=13017 u=ansible n=ansible | ok: [worker-01]
2026-04-30 20:28:23,653 p=13017 u=ansible n=ansible | TASK [common : Load br_netfilter module] *******************************************************************************************
2026-04-30 20:28:23,884 p=13017 u=ansible n=ansible | ok: [Master]
2026-04-30 20:28:23,903 p=13017 u=ansible n=ansible | ok: [worker-01]
2026-04-30 20:28:23,920 p=13017 u=ansible n=ansible | ok: [worker-02]
2026-04-30 20:28:23,928 p=13017 u=ansible n=ansible | TASK [common : Set sysctl params for Kubernetes] ***********************************************************************************
2026-04-30 20:28:24,360 p=13017 u=ansible n=ansible | ok: [Master]
2026-04-30 20:28:24,584 p=13017 u=ansible n=ansible | ok: [worker-02]
2026-04-30 20:28:24,585 p=13017 u=ansible n=ansible | ok: [worker-01]
2026-04-30 20:28:24,593 p=13017 u=ansible n=ansible | TASK [common : Apply sysctl params] ************************************************************************************************
2026-04-30 20:28:24,973 p=13017 u=ansible n=ansible | changed: [worker-02]
2026-04-30 20:28:25,075 p=13017 u=ansible n=ansible | changed: [worker-01]
2026-04-30 20:28:25,178 p=13017 u=ansible n=ansible | changed: [Master]
2026-04-30 20:28:25,187 p=13017 u=ansible n=ansible | TASK [common : Install required packages] ******************************************************************************************
2026-04-30 20:29:27,834 p=13017 u=ansible n=ansible | ok: [worker-01]
2026-04-30 20:40:16,772 p=13017 u=ansible n=ansible |  [ERROR]: User interrupted execution

2026-04-30 21:14:09,913 p=5104 u=ansible n=ansible | PLAY [Configure all cluster nodes (common prerequisites)] *********************************************************
2026-04-30 21:14:10,158 p=5104 u=ansible n=ansible | TASK [Gathering Facts] ********************************************************************************************
2026-04-30 21:14:38,532 p=5104 u=ansible n=ansible | ok: [Master]
2026-04-30 21:14:40,136 p=5104 u=ansible n=ansible | ok: [worker-02]
2026-04-30 21:15:42,011 p=5104 u=ansible n=ansible | ok: [worker-01]
2026-04-30 21:15:42,359 p=5104 u=ansible n=ansible | TASK [common : Disable swap immediately] **************************************************************************
2026-04-30 21:17:13,734 p=5104 u=ansible n=ansible |  [ERROR]: User interrupted execution

2026-04-30 21:32:01,765 p=3369 u=ansible n=ansible | PLAY [Configure all cluster nodes (common prerequisites)] *****************************************************************
2026-04-30 21:32:04,342 p=3369 u=ansible n=ansible | TASK [Gathering Facts] ****************************************************************************************************
2026-04-30 21:33:57,929 p=3369 u=ansible n=ansible | ok: [Master]
2026-04-30 21:34:28,757 p=3369 u=ansible n=ansible | ok: [worker-02]
2026-04-30 21:35:47,771 p=3369 u=ansible n=ansible | ok: [worker-01]
2026-04-30 21:35:50,467 p=3369 u=ansible n=ansible | TASK [common : Disable swap immediately] **********************************************************************************
2026-04-30 21:35:57,479 p=3369 u=ansible n=ansible | changed: [worker-01]
2026-04-30 21:35:57,664 p=3369 u=ansible n=ansible | changed: [worker-02]
2026-04-30 21:36:00,297 p=3369 u=ansible n=ansible | changed: [Master]
2026-04-30 21:36:00,316 p=3369 u=ansible n=ansible | TASK [common : Remove swap from /etc/fstab] *******************************************************************************
2026-04-30 21:36:03,990 p=3369 u=ansible n=ansible | ok: [worker-02]
2026-04-30 21:36:04,223 p=3369 u=ansible n=ansible | ok: [Master]
2026-04-30 21:36:04,673 p=3369 u=ansible n=ansible | ok: [worker-01]
2026-04-30 21:36:04,688 p=3369 u=ansible n=ansible | TASK [common : Set hostname] **********************************************************************************************
2026-04-30 21:36:08,082 p=3369 u=ansible n=ansible | ok: [worker-02]
2026-04-30 21:36:08,296 p=3369 u=ansible n=ansible | ok: [worker-01]
2026-04-30 21:36:12,456 p=3369 u=ansible n=ansible | ok: [Master]
2026-04-30 21:36:12,504 p=3369 u=ansible n=ansible | TASK [common : Update /etc/hosts with all cluster nodes] ******************************************************************
2026-04-30 21:36:14,634 p=3369 u=ansible n=ansible | ok: [worker-02]
2026-04-30 21:36:15,509 p=3369 u=ansible n=ansible | ok: [worker-01]
2026-04-30 21:36:16,084 p=3369 u=ansible n=ansible | ok: [Master]
2026-04-30 21:36:16,100 p=3369 u=ansible n=ansible | TASK [common : Set SELinux to permissive mode (runtime)] ******************************************************************
2026-04-30 21:36:18,128 p=3369 u=ansible n=ansible | changed: [worker-02]
2026-04-30 21:36:18,939 p=3369 u=ansible n=ansible | changed: [worker-01]
2026-04-30 21:36:20,361 p=3369 u=ansible n=ansible | changed: [Master]
2026-04-30 21:36:20,388 p=3369 u=ansible n=ansible | TASK [common : Set SELinux to permissive mode (permanent)] ****************************************************************
2026-04-30 21:36:21,190 p=3369 u=ansible n=ansible | ok: [Master]
2026-04-30 21:36:21,192 p=3369 u=ansible n=ansible | ok: [worker-02]
2026-04-30 21:36:21,832 p=3369 u=ansible n=ansible | ok: [worker-01]
2026-04-30 21:36:21,848 p=3369 u=ansible n=ansible | TASK [common : Ensure firewalld is started] *******************************************************************************
2026-04-30 21:36:28,918 p=3369 u=ansible n=ansible | ok: [worker-02]
2026-04-30 21:36:36,653 p=3369 u=ansible n=ansible | ok: [Master]
2026-04-30 21:36:36,727 p=3369 u=ansible n=ansible | ok: [worker-01]
2026-04-30 21:36:36,773 p=3369 u=ansible n=ansible | TASK [common : Open required ports on control plane] **********************************************************************
2026-04-30 21:36:36,955 p=3369 u=ansible n=ansible | skipping: [worker-01] => (item=6443/tcp) 
2026-04-30 21:36:36,958 p=3369 u=ansible n=ansible | skipping: [worker-01] => (item=2379/tcp) 
2026-04-30 21:36:36,980 p=3369 u=ansible n=ansible | skipping: [worker-01] => (item=2380/tcp) 
2026-04-30 21:36:36,987 p=3369 u=ansible n=ansible | skipping: [worker-01] => (item=10250/tcp) 
2026-04-30 21:36:37,006 p=3369 u=ansible n=ansible | skipping: [worker-01] => (item=10257/tcp) 
2026-04-30 21:36:37,015 p=3369 u=ansible n=ansible | skipping: [worker-02] => (item=6443/tcp) 
2026-04-30 21:36:37,028 p=3369 u=ansible n=ansible | skipping: [worker-01] => (item=10259/tcp) 
2026-04-30 21:36:37,030 p=3369 u=ansible n=ansible | skipping: [worker-02] => (item=2379/tcp) 
2026-04-30 21:36:37,043 p=3369 u=ansible n=ansible | skipping: [worker-02] => (item=2380/tcp) 
2026-04-30 21:36:37,046 p=3369 u=ansible n=ansible | skipping: [worker-01] => (item=179/tcp) 
2026-04-30 21:36:37,058 p=3369 u=ansible n=ansible | skipping: [worker-01] => (item=4789/udp) 
2026-04-30 21:36:37,062 p=3369 u=ansible n=ansible | skipping: [worker-02] => (item=10250/tcp) 
2026-04-30 21:36:37,064 p=3369 u=ansible n=ansible | skipping: [worker-01]
2026-04-30 21:36:37,076 p=3369 u=ansible n=ansible | skipping: [worker-02] => (item=10257/tcp) 
2026-04-30 21:36:37,090 p=3369 u=ansible n=ansible | skipping: [worker-02] => (item=10259/tcp) 
2026-04-30 21:36:37,105 p=3369 u=ansible n=ansible | skipping: [worker-02] => (item=179/tcp) 
2026-04-30 21:36:37,116 p=3369 u=ansible n=ansible | skipping: [worker-02] => (item=4789/udp) 
2026-04-30 21:36:37,119 p=3369 u=ansible n=ansible | skipping: [worker-02]
2026-04-30 21:36:46,376 p=3369 u=ansible n=ansible | ok: [Master] => (item=6443/tcp)
2026-04-30 21:36:48,240 p=3369 u=ansible n=ansible | ok: [Master] => (item=2379/tcp)
2026-04-30 21:36:49,710 p=3369 u=ansible n=ansible | ok: [Master] => (item=2380/tcp)
2026-04-30 21:36:51,494 p=3369 u=ansible n=ansible | ok: [Master] => (item=10250/tcp)
2026-04-30 21:36:52,888 p=3369 u=ansible n=ansible | ok: [Master] => (item=10257/tcp)
2026-04-30 21:36:54,989 p=3369 u=ansible n=ansible | ok: [Master] => (item=10259/tcp)
2026-04-30 21:36:57,278 p=3369 u=ansible n=ansible | ok: [Master] => (item=179/tcp)
2026-04-30 21:36:59,190 p=3369 u=ansible n=ansible | ok: [Master] => (item=4789/udp)
2026-04-30 21:36:59,237 p=3369 u=ansible n=ansible | TASK [common : Open required ports on worker nodes] ***********************************************************************
2026-04-30 21:36:59,278 p=3369 u=ansible n=ansible | skipping: [Master] => (item=10250/tcp) 
2026-04-30 21:36:59,280 p=3369 u=ansible n=ansible | skipping: [Master] => (item=30000-32767/tcp) 
2026-04-30 21:36:59,289 p=3369 u=ansible n=ansible | skipping: [Master] => (item=179/tcp) 
2026-04-30 21:36:59,296 p=3369 u=ansible n=ansible | skipping: [Master] => (item=4789/udp) 
2026-04-30 21:36:59,305 p=3369 u=ansible n=ansible | skipping: [Master]
2026-04-30 21:37:00,640 p=3369 u=ansible n=ansible | ok: [worker-02] => (item=10250/tcp)
2026-04-30 21:37:01,673 p=3369 u=ansible n=ansible | ok: [worker-02] => (item=30000-32767/tcp)
2026-04-30 21:37:02,451 p=3369 u=ansible n=ansible | ok: [worker-02] => (item=179/tcp)
2026-04-30 21:37:02,732 p=3369 u=ansible n=ansible | ok: [worker-01] => (item=10250/tcp)
2026-04-30 21:37:04,431 p=3369 u=ansible n=ansible | ok: [worker-02] => (item=4789/udp)
2026-04-30 21:37:05,173 p=3369 u=ansible n=ansible | ok: [worker-01] => (item=30000-32767/tcp)
2026-04-30 21:37:07,354 p=3369 u=ansible n=ansible | ok: [worker-01] => (item=179/tcp)
2026-04-30 21:37:08,699 p=3369 u=ansible n=ansible | ok: [worker-01] => (item=4789/udp)
2026-04-30 21:37:09,536 p=3369 u=ansible n=ansible | TASK [common : Load kernel modules config] ********************************************************************************
2026-04-30 21:37:29,265 p=3369 u=ansible n=ansible | ok: [worker-01]
2026-04-30 21:37:31,913 p=3369 u=ansible n=ansible | ok: [worker-02]
2026-04-30 21:37:33,164 p=3369 u=ansible n=ansible | ok: [Master]
2026-04-30 21:37:33,194 p=3369 u=ansible n=ansible | TASK [common : Load overlay module] ***************************************************************************************
2026-04-30 21:37:36,033 p=3369 u=ansible n=ansible | ok: [Master]
2026-04-30 21:37:36,598 p=3369 u=ansible n=ansible | ok: [worker-02]
2026-04-30 21:37:36,667 p=3369 u=ansible n=ansible | ok: [worker-01]
2026-04-30 21:37:36,685 p=3369 u=ansible n=ansible | TASK [common : Load br_netfilter module] **********************************************************************************
2026-04-30 21:37:37,398 p=3369 u=ansible n=ansible | ok: [Master]
2026-04-30 21:37:37,526 p=3369 u=ansible n=ansible | ok: [worker-01]
2026-04-30 21:37:37,528 p=3369 u=ansible n=ansible | ok: [worker-02]
2026-04-30 21:37:37,544 p=3369 u=ansible n=ansible | TASK [common : Set sysctl params for Kubernetes] **************************************************************************
2026-04-30 21:37:39,309 p=3369 u=ansible n=ansible | ok: [Master]
2026-04-30 21:37:40,088 p=3369 u=ansible n=ansible | ok: [worker-01]
2026-04-30 21:37:41,487 p=3369 u=ansible n=ansible | ok: [worker-02]
2026-04-30 21:37:41,517 p=3369 u=ansible n=ansible | TASK [common : Apply sysctl params] ***************************************************************************************
2026-04-30 21:37:42,304 p=3369 u=ansible n=ansible | changed: [Master]
2026-04-30 21:37:43,143 p=3369 u=ansible n=ansible | changed: [worker-01]
2026-04-30 21:37:43,163 p=3369 u=ansible n=ansible | changed: [worker-02]
2026-04-30 21:37:43,179 p=3369 u=ansible n=ansible | TASK [common : Install required packages] *********************************************************************************
2026-04-30 21:53:40,016 p=3146 u=ansible n=ansible | PLAY [Configure all cluster nodes (common prerequisites)] *********************************************************
2026-04-30 21:53:44,394 p=3146 u=ansible n=ansible | TASK [Gathering Facts] ********************************************************************************************
2026-04-30 21:54:41,762 p=3146 u=ansible n=ansible | ok: [worker-01]
2026-04-30 21:54:55,040 p=3146 u=ansible n=ansible | ok: [Master]
2026-04-30 21:56:45,762 p=3146 u=ansible n=ansible | ok: [worker-02]
2026-04-30 21:56:46,872 p=3146 u=ansible n=ansible | TASK [common : Disable swap immediately] **************************************************************************
2026-04-30 21:56:48,073 p=3146 u=ansible n=ansible | changed: [worker-01]
2026-04-30 21:56:48,370 p=3146 u=ansible n=ansible | changed: [Master]
2026-04-30 22:00:14,586 p=3146 u=ansible n=ansible | changed: [worker-02]
2026-04-30 22:00:14,635 p=3146 u=ansible n=ansible | TASK [common : Remove swap from /etc/fstab] ***********************************************************************
2026-04-30 22:00:16,589 p=3146 u=ansible n=ansible | ok: [Master]
2026-04-30 22:00:17,518 p=3146 u=ansible n=ansible | ok: [worker-01]
2026-04-30 22:00:46,471 p=3146 u=ansible n=ansible | ok: [worker-02]
2026-04-30 22:00:46,522 p=3146 u=ansible n=ansible | TASK [common : Set hostname] **************************************************************************************
2026-04-30 22:00:48,808 p=3146 u=ansible n=ansible | ok: [Master]
2026-04-30 22:00:50,165 p=3146 u=ansible n=ansible | ok: [worker-01]
2026-04-30 22:00:55,234 p=3146 u=ansible n=ansible | ok: [worker-02]
2026-04-30 22:00:55,288 p=3146 u=ansible n=ansible | TASK [common : Update /etc/hosts with all cluster nodes] **********************************************************
2026-04-30 22:00:56,696 p=3146 u=ansible n=ansible | ok: [Master]
2026-04-30 22:00:56,725 p=3146 u=ansible n=ansible | ok: [worker-01]
2026-04-30 22:00:56,791 p=3146 u=ansible n=ansible | ok: [worker-02]
2026-04-30 22:00:56,809 p=3146 u=ansible n=ansible | TASK [common : Set SELinux to permissive mode (runtime)] **********************************************************
2026-04-30 22:00:57,813 p=3146 u=ansible n=ansible | changed: [worker-01]
2026-04-30 22:00:58,129 p=3146 u=ansible n=ansible | changed: [Master]
2026-04-30 22:00:58,567 p=3146 u=ansible n=ansible | changed: [worker-02]
2026-04-30 22:00:58,622 p=3146 u=ansible n=ansible | TASK [common : Set SELinux to permissive mode (permanent)] ********************************************************
2026-04-30 22:00:59,327 p=3146 u=ansible n=ansible | ok: [worker-01]
2026-04-30 22:00:59,375 p=3146 u=ansible n=ansible | ok: [Master]
2026-04-30 22:00:59,483 p=3146 u=ansible n=ansible | ok: [worker-02]
2026-04-30 22:00:59,502 p=3146 u=ansible n=ansible | TASK [common : Ensure firewalld is started] ***********************************************************************
2026-04-30 22:01:03,754 p=3146 u=ansible n=ansible | ok: [worker-01]
2026-04-30 22:01:04,298 p=3146 u=ansible n=ansible | ok: [Master]
2026-04-30 22:01:07,042 p=3146 u=ansible n=ansible | ok: [worker-02]
2026-04-30 22:01:07,094 p=3146 u=ansible n=ansible | TASK [common : Open required ports on control plane] **************************************************************
2026-04-30 22:01:07,228 p=3146 u=ansible n=ansible | skipping: [worker-01] => (item=6443/tcp) 
2026-04-30 22:01:07,247 p=3146 u=ansible n=ansible | skipping: [worker-01] => (item=2379/tcp) 
2026-04-30 22:01:07,260 p=3146 u=ansible n=ansible | skipping: [worker-01] => (item=2380/tcp) 
2026-04-30 22:01:07,277 p=3146 u=ansible n=ansible | skipping: [worker-01] => (item=10250/tcp) 
2026-04-30 22:01:07,295 p=3146 u=ansible n=ansible | skipping: [worker-01] => (item=10257/tcp) 
2026-04-30 22:01:07,309 p=3146 u=ansible n=ansible | skipping: [worker-01] => (item=10259/tcp) 
2026-04-30 22:01:07,318 p=3146 u=ansible n=ansible | skipping: [worker-02] => (item=6443/tcp) 
2026-04-30 22:01:07,335 p=3146 u=ansible n=ansible | skipping: [worker-01] => (item=179/tcp) 
2026-04-30 22:01:07,338 p=3146 u=ansible n=ansible | skipping: [worker-02] => (item=2379/tcp) 
2026-04-30 22:01:07,349 p=3146 u=ansible n=ansible | skipping: [worker-01] => (item=4789/udp) 
2026-04-30 22:01:07,357 p=3146 u=ansible n=ansible | skipping: [worker-01]
2026-04-30 22:01:07,359 p=3146 u=ansible n=ansible | skipping: [worker-02] => (item=2380/tcp) 
2026-04-30 22:01:07,377 p=3146 u=ansible n=ansible | skipping: [worker-02] => (item=10250/tcp) 
2026-04-30 22:01:07,394 p=3146 u=ansible n=ansible | skipping: [worker-02] => (item=10257/tcp) 
2026-04-30 22:01:07,406 p=3146 u=ansible n=ansible | skipping: [worker-02] => (item=10259/tcp) 
2026-04-30 22:01:07,413 p=3146 u=ansible n=ansible | skipping: [worker-02] => (item=179/tcp) 
2026-04-30 22:01:07,420 p=3146 u=ansible n=ansible | skipping: [worker-02] => (item=4789/udp) 
2026-04-30 22:01:07,422 p=3146 u=ansible n=ansible | skipping: [worker-02]
2026-04-30 22:01:09,655 p=3146 u=ansible n=ansible | ok: [Master] => (item=6443/tcp)
2026-04-30 22:01:10,462 p=3146 u=ansible n=ansible | ok: [Master] => (item=2379/tcp)
2026-04-30 22:01:11,195 p=3146 u=ansible n=ansible | ok: [Master] => (item=2380/tcp)
2026-04-30 22:01:11,941 p=3146 u=ansible n=ansible | ok: [Master] => (item=10250/tcp)
2026-04-30 22:01:12,967 p=3146 u=ansible n=ansible | ok: [Master] => (item=10257/tcp)
2026-04-30 22:01:14,197 p=3146 u=ansible n=ansible | ok: [Master] => (item=10259/tcp)
2026-04-30 22:01:15,209 p=3146 u=ansible n=ansible | ok: [Master] => (item=179/tcp)
2026-04-30 22:01:15,842 p=3146 u=ansible n=ansible | ok: [Master] => (item=4789/udp)
2026-04-30 22:01:15,870 p=3146 u=ansible n=ansible | TASK [common : Open required ports on worker nodes] ***************************************************************
2026-04-30 22:01:15,932 p=3146 u=ansible n=ansible | skipping: [Master] => (item=10250/tcp) 
2026-04-30 22:01:15,939 p=3146 u=ansible n=ansible | skipping: [Master] => (item=30000-32767/tcp) 
2026-04-30 22:01:15,958 p=3146 u=ansible n=ansible | skipping: [Master] => (item=179/tcp) 
2026-04-30 22:01:15,959 p=3146 u=ansible n=ansible | skipping: [Master] => (item=4789/udp) 
2026-04-30 22:01:15,967 p=3146 u=ansible n=ansible | skipping: [Master]
2026-04-30 22:01:16,712 p=3146 u=ansible n=ansible | ok: [worker-01] => (item=10250/tcp)
2026-04-30 22:01:17,557 p=3146 u=ansible n=ansible | ok: [worker-01] => (item=30000-32767/tcp)
2026-04-30 22:01:18,333 p=3146 u=ansible n=ansible | ok: [worker-01] => (item=179/tcp)
2026-04-30 22:01:19,368 p=3146 u=ansible n=ansible | ok: [worker-01] => (item=4789/udp)
2026-04-30 22:01:21,517 p=3146 u=ansible n=ansible | ok: [worker-02] => (item=10250/tcp)
2026-04-30 22:01:25,744 p=3146 u=ansible n=ansible | ok: [worker-02] => (item=30000-32767/tcp)
2026-04-30 22:01:32,407 p=3146 u=ansible n=ansible | ok: [worker-02] => (item=179/tcp)
2026-04-30 22:01:33,481 p=3146 u=ansible n=ansible | ok: [worker-02] => (item=4789/udp)
2026-04-30 22:01:33,576 p=3146 u=ansible n=ansible | TASK [common : Load kernel modules config] ************************************************************************
2026-04-30 22:01:37,133 p=3146 u=ansible n=ansible | ok: [worker-01]
2026-04-30 22:01:37,446 p=3146 u=ansible n=ansible | ok: [Master]
2026-04-30 22:01:38,214 p=3146 u=ansible n=ansible | ok: [worker-02]
2026-04-30 22:01:38,260 p=3146 u=ansible n=ansible | TASK [common : Load overlay module] *******************************************************************************
2026-04-30 22:01:39,417 p=3146 u=ansible n=ansible | ok: [worker-01]
2026-04-30 22:01:39,439 p=3146 u=ansible n=ansible | ok: [worker-02]
2026-04-30 22:01:39,472 p=3146 u=ansible n=ansible | ok: [Master]
2026-04-30 22:01:39,507 p=3146 u=ansible n=ansible | TASK [common : Load br_netfilter module] **************************************************************************
2026-04-30 22:01:40,386 p=3146 u=ansible n=ansible | ok: [worker-01]
2026-04-30 22:01:40,399 p=3146 u=ansible n=ansible | ok: [Master]
2026-04-30 22:01:40,444 p=3146 u=ansible n=ansible | ok: [worker-02]
2026-04-30 22:01:40,477 p=3146 u=ansible n=ansible | TASK [common : Set sysctl params for Kubernetes] ******************************************************************
2026-04-30 22:01:41,809 p=3146 u=ansible n=ansible | ok: [worker-01]
2026-04-30 22:01:42,443 p=3146 u=ansible n=ansible | ok: [Master]
2026-04-30 22:01:42,533 p=3146 u=ansible n=ansible | ok: [worker-02]
2026-04-30 22:01:42,549 p=3146 u=ansible n=ansible | TASK [common : Apply sysctl params] *******************************************************************************
2026-04-30 22:01:43,418 p=3146 u=ansible n=ansible | changed: [worker-01]
2026-04-30 22:01:44,097 p=3146 u=ansible n=ansible | changed: [worker-02]
2026-04-30 22:01:44,691 p=3146 u=ansible n=ansible | changed: [Master]
2026-04-30 22:01:44,748 p=3146 u=ansible n=ansible | TASK [common : Install required packages] *************************************************************************
2026-04-30 22:03:10,090 p=3146 u=ansible n=ansible | ok: [worker-01]
2026-04-30 22:06:56,726 p=3146 u=ansible n=ansible | ok: [Master]
2026-04-30 22:38:09,641 p=3146 u=ansible n=ansible |  [ERROR]: User interrupted execution

2026-04-30 22:41:42,906 p=9841 u=ansible n=ansible | PLAY [Configure all cluster nodes (common prerequisites)] *********************************************************
2026-04-30 22:41:50,868 p=9841 u=ansible n=ansible | TASK [Gathering Facts] ********************************************************************************************
2026-04-30 22:42:34,509 p=9841 u=ansible n=ansible | ok: [worker-01]
2026-04-30 22:43:01,377 p=9841 u=ansible n=ansible | ok: [Master]
2026-04-30 23:16:44,700 p=5999 u=ansible n=ansible | PLAY [Configure all cluster nodes (common prerequisites)] *****************************************************************
2026-04-30 23:16:46,228 p=5999 u=ansible n=ansible | TASK [Gathering Facts] ****************************************************************************************************
2026-04-30 23:17:10,971 p=5999 u=ansible n=ansible | ok: [Master]
2026-04-30 23:17:15,743 p=5999 u=ansible n=ansible | ok: [worker-01]
2026-04-30 23:20:45,692 p=5999 u=ansible n=ansible | [WARNING]: Timeout exceeded when getting mount info for /

2026-04-30 23:20:45,692 p=5999 u=ansible n=ansible | [WARNING]: Timeout exceeded when getting mount info for /boot

2026-04-30 23:20:45,692 p=5999 u=ansible n=ansible | [WARNING]: Timeout exceeded when getting mount info for /home

2026-04-30 23:20:45,692 p=5999 u=ansible n=ansible | ok: [worker-02]
2026-04-30 23:20:46,400 p=5999 u=ansible n=ansible | TASK [common : Disable swap immediately] **********************************************************************************
2026-04-30 23:20:47,647 p=5999 u=ansible n=ansible | changed: [worker-01]
2026-04-30 23:21:09,671 p=5999 u=ansible n=ansible | changed: [Master]
2026-04-30 23:25:32,048 p=5999 u=ansible n=ansible | changed: [worker-02]
2026-04-30 23:25:32,055 p=5999 u=ansible n=ansible | TASK [common : Remove swap from /etc/fstab] *******************************************************************************
2026-04-30 23:25:32,499 p=5999 u=ansible n=ansible | ok: [Master]
2026-04-30 23:25:32,712 p=5999 u=ansible n=ansible | ok: [worker-01]
2026-04-30 23:25:57,969 p=5999 u=ansible n=ansible | ok: [worker-02]
2026-04-30 23:25:57,978 p=5999 u=ansible n=ansible | TASK [common : Set hostname] **********************************************************************************************
2026-04-30 23:25:58,717 p=5999 u=ansible n=ansible | ok: [worker-01]
2026-04-30 23:25:58,893 p=5999 u=ansible n=ansible | ok: [Master]
2026-04-30 23:26:01,256 p=5999 u=ansible n=ansible | ok: [worker-02]
2026-04-30 23:26:01,265 p=5999 u=ansible n=ansible | TASK [common : Update /etc/hosts with all cluster nodes] ******************************************************************
2026-04-30 23:26:01,646 p=5999 u=ansible n=ansible | ok: [Master]
2026-04-30 23:26:01,677 p=5999 u=ansible n=ansible | ok: [worker-02]
2026-04-30 23:26:01,703 p=5999 u=ansible n=ansible | ok: [worker-01]
2026-04-30 23:26:01,711 p=5999 u=ansible n=ansible | TASK [common : Set SELinux to permissive mode (runtime)] ******************************************************************
2026-04-30 23:26:02,046 p=5999 u=ansible n=ansible | changed: [worker-01]
2026-04-30 23:26:02,098 p=5999 u=ansible n=ansible | changed: [Master]
2026-04-30 23:26:02,119 p=5999 u=ansible n=ansible | changed: [worker-02]
2026-04-30 23:26:02,128 p=5999 u=ansible n=ansible | TASK [common : Set SELinux to permissive mode (permanent)] ****************************************************************
2026-04-30 23:26:02,365 p=5999 u=ansible n=ansible | ok: [Master]
2026-04-30 23:26:02,418 p=5999 u=ansible n=ansible | ok: [worker-01]
2026-04-30 23:26:02,494 p=5999 u=ansible n=ansible | ok: [worker-02]
2026-04-30 23:26:02,503 p=5999 u=ansible n=ansible | TASK [common : Ensure firewalld is started] *******************************************************************************
2026-04-30 23:26:03,920 p=5999 u=ansible n=ansible | ok: [worker-01]
2026-04-30 23:26:03,942 p=5999 u=ansible n=ansible | ok: [worker-02]
2026-04-30 23:26:04,208 p=5999 u=ansible n=ansible | ok: [Master]
2026-04-30 23:26:04,217 p=5999 u=ansible n=ansible | TASK [common : Open required ports on control plane] **********************************************************************
2026-04-30 23:26:04,257 p=5999 u=ansible n=ansible | skipping: [worker-01] => (item=6443/tcp) 
2026-04-30 23:26:04,258 p=5999 u=ansible n=ansible | skipping: [worker-01] => (item=2379/tcp) 
2026-04-30 23:26:04,259 p=5999 u=ansible n=ansible | skipping: [worker-01] => (item=2380/tcp) 
2026-04-30 23:26:04,262 p=5999 u=ansible n=ansible | skipping: [worker-01] => (item=10250/tcp) 
2026-04-30 23:26:04,263 p=5999 u=ansible n=ansible | skipping: [worker-01] => (item=10257/tcp) 
2026-04-30 23:26:04,264 p=5999 u=ansible n=ansible | skipping: [worker-01] => (item=10259/tcp) 
2026-04-30 23:26:04,264 p=5999 u=ansible n=ansible | skipping: [worker-01] => (item=179/tcp) 
2026-04-30 23:26:04,265 p=5999 u=ansible n=ansible | skipping: [worker-02] => (item=6443/tcp) 
2026-04-30 23:26:04,265 p=5999 u=ansible n=ansible | skipping: [worker-01] => (item=4789/udp) 
2026-04-30 23:26:04,267 p=5999 u=ansible n=ansible | skipping: [worker-01]
2026-04-30 23:26:04,267 p=5999 u=ansible n=ansible | skipping: [worker-02] => (item=2379/tcp) 
2026-04-30 23:26:04,270 p=5999 u=ansible n=ansible | skipping: [worker-02] => (item=2380/tcp) 
2026-04-30 23:26:04,272 p=5999 u=ansible n=ansible | skipping: [worker-02] => (item=10250/tcp) 
2026-04-30 23:26:04,275 p=5999 u=ansible n=ansible | skipping: [worker-02] => (item=10257/tcp) 
2026-04-30 23:26:04,278 p=5999 u=ansible n=ansible | skipping: [worker-02] => (item=10259/tcp) 
2026-04-30 23:26:04,281 p=5999 u=ansible n=ansible | skipping: [worker-02] => (item=179/tcp) 
2026-04-30 23:26:04,282 p=5999 u=ansible n=ansible | skipping: [worker-02] => (item=4789/udp) 
2026-04-30 23:26:04,283 p=5999 u=ansible n=ansible | skipping: [worker-02]
2026-04-30 23:26:05,181 p=5999 u=ansible n=ansible | ok: [Master] => (item=6443/tcp)
2026-04-30 23:26:05,519 p=5999 u=ansible n=ansible | ok: [Master] => (item=2379/tcp)
2026-04-30 23:26:05,823 p=5999 u=ansible n=ansible | ok: [Master] => (item=2380/tcp)
2026-04-30 23:26:06,134 p=5999 u=ansible n=ansible | ok: [Master] => (item=10250/tcp)
2026-04-30 23:26:06,436 p=5999 u=ansible n=ansible | ok: [Master] => (item=10257/tcp)
2026-04-30 23:26:06,746 p=5999 u=ansible n=ansible | ok: [Master] => (item=10259/tcp)
2026-04-30 23:26:07,054 p=5999 u=ansible n=ansible | ok: [Master] => (item=179/tcp)
2026-04-30 23:26:07,368 p=5999 u=ansible n=ansible | ok: [Master] => (item=4789/udp)
2026-04-30 23:26:07,379 p=5999 u=ansible n=ansible | TASK [common : Open required ports on worker nodes] ***********************************************************************
2026-04-30 23:26:07,402 p=5999 u=ansible n=ansible | skipping: [Master] => (item=10250/tcp) 
2026-04-30 23:26:07,405 p=5999 u=ansible n=ansible | skipping: [Master] => (item=30000-32767/tcp) 
2026-04-30 23:26:07,414 p=5999 u=ansible n=ansible | skipping: [Master] => (item=179/tcp) 
2026-04-30 23:26:07,415 p=5999 u=ansible n=ansible | skipping: [Master] => (item=4789/udp) 
2026-04-30 23:26:07,420 p=5999 u=ansible n=ansible | skipping: [Master]
2026-04-30 23:26:07,808 p=5999 u=ansible n=ansible | ok: [worker-01] => (item=10250/tcp)
2026-04-30 23:26:08,142 p=5999 u=ansible n=ansible | ok: [worker-01] => (item=30000-32767/tcp)
2026-04-30 23:26:08,457 p=5999 u=ansible n=ansible | ok: [worker-01] => (item=179/tcp)
2026-04-30 23:26:08,740 p=5999 u=ansible n=ansible | ok: [worker-02] => (item=10250/tcp)
2026-04-30 23:26:08,780 p=5999 u=ansible n=ansible | ok: [worker-01] => (item=4789/udp)
2026-04-30 23:26:09,119 p=5999 u=ansible n=ansible | ok: [worker-02] => (item=30000-32767/tcp)
2026-04-30 23:26:09,445 p=5999 u=ansible n=ansible | ok: [worker-02] => (item=179/tcp)
2026-04-30 23:26:09,759 p=5999 u=ansible n=ansible | ok: [worker-02] => (item=4789/udp)
2026-04-30 23:26:09,781 p=5999 u=ansible n=ansible | TASK [common : Load kernel modules config] ********************************************************************************
2026-04-30 23:26:11,105 p=5999 u=ansible n=ansible | ok: [worker-01]
2026-04-30 23:26:11,688 p=5999 u=ansible n=ansible | ok: [Master]
2026-04-30 23:26:11,727 p=5999 u=ansible n=ansible | ok: [worker-02]
2026-04-30 23:26:11,735 p=5999 u=ansible n=ansible | TASK [common : Load overlay module] ***************************************************************************************
2026-04-30 23:26:12,219 p=5999 u=ansible n=ansible | ok: [Master]
2026-04-30 23:26:12,226 p=5999 u=ansible n=ansible | ok: [worker-01]
2026-04-30 23:26:12,233 p=5999 u=ansible n=ansible | ok: [worker-02]
2026-04-30 23:26:12,242 p=5999 u=ansible n=ansible | TASK [common : Load br_netfilter module] **********************************************************************************
2026-04-30 23:26:12,472 p=5999 u=ansible n=ansible | ok: [Master]
2026-04-30 23:26:12,487 p=5999 u=ansible n=ansible | ok: [worker-01]
2026-04-30 23:26:12,511 p=5999 u=ansible n=ansible | ok: [worker-02]
2026-04-30 23:26:12,520 p=5999 u=ansible n=ansible | TASK [common : Set sysctl params for Kubernetes] **************************************************************************
2026-04-30 23:26:13,250 p=5999 u=ansible n=ansible | ok: [Master]
2026-04-30 23:26:13,289 p=5999 u=ansible n=ansible | ok: [worker-01]
2026-04-30 23:26:13,309 p=5999 u=ansible n=ansible | ok: [worker-02]
2026-04-30 23:26:13,317 p=5999 u=ansible n=ansible | TASK [common : Apply sysctl params] ***************************************************************************************
2026-04-30 23:26:13,587 p=5999 u=ansible n=ansible | changed: [worker-01]
2026-04-30 23:26:13,740 p=5999 u=ansible n=ansible | changed: [Master]
2026-04-30 23:26:14,178 p=5999 u=ansible n=ansible | changed: [worker-02]
2026-04-30 23:26:14,188 p=5999 u=ansible n=ansible | TASK [common : Install required packages] *********************************************************************************
2026-04-30 23:26:50,932 p=5999 u=ansible n=ansible | ok: [worker-01]
2026-04-30 23:27:55,723 p=5999 u=ansible n=ansible | ok: [Master]
2026-05-01 01:58:40,057 p=8258 u=ansible n=ansible | PLAY [Configure all cluster nodes (common prerequisites)] **************************************************
2026-05-01 01:58:40,295 p=8258 u=ansible n=ansible | TASK [Gathering Facts] *************************************************************************************
2026-05-01 01:58:55,416 p=8258 u=ansible n=ansible | ok: [worker-01]
2026-05-01 01:58:58,849 p=8258 u=ansible n=ansible | ok: [Master]
2026-05-01 01:59:20,946 p=8258 u=ansible n=ansible | ok: [worker-02]
2026-05-01 01:59:21,065 p=8258 u=ansible n=ansible | TASK [common : Disable swap immediately] *******************************************************************
2026-05-01 01:59:21,962 p=8258 u=ansible n=ansible | changed: [worker-01]
2026-05-01 01:59:23,987 p=8258 u=ansible n=ansible | changed: [Master]
2026-05-01 02:04:33,292 p=8258 u=ansible n=ansible | changed: [worker-02]
2026-05-01 02:04:33,349 p=8258 u=ansible n=ansible | TASK [common : Remove swap from /etc/fstab] ****************************************************************
2026-05-01 02:04:34,344 p=8258 u=ansible n=ansible | ok: [Master]
2026-05-01 02:04:34,633 p=8258 u=ansible n=ansible | ok: [worker-01]
2026-05-01 02:04:43,223 p=8258 u=ansible n=ansible | ok: [worker-02]
2026-05-01 02:04:43,271 p=8258 u=ansible n=ansible | TASK [common : Set hostname] *******************************************************************************
2026-05-01 02:04:44,907 p=8258 u=ansible n=ansible | ok: [worker-01]
2026-05-01 02:04:47,295 p=8258 u=ansible n=ansible | ok: [worker-02]
2026-05-01 02:04:49,416 p=8258 u=ansible n=ansible | ok: [Master]
2026-05-01 02:04:49,436 p=8258 u=ansible n=ansible | TASK [common : Update /etc/hosts with all cluster nodes] ***************************************************
2026-05-01 02:04:50,152 p=8258 u=ansible n=ansible | changed: [Master]
2026-05-01 02:04:50,230 p=8258 u=ansible n=ansible | changed: [worker-02]
2026-05-01 02:04:50,248 p=8258 u=ansible n=ansible | changed: [worker-01]
2026-05-01 02:04:50,269 p=8258 u=ansible n=ansible | TASK [common : Set SELinux to permissive mode (runtime)] ***************************************************
2026-05-01 02:04:50,775 p=8258 u=ansible n=ansible | changed: [Master]
2026-05-01 02:04:50,800 p=8258 u=ansible n=ansible | changed: [worker-01]
2026-05-01 02:04:50,914 p=8258 u=ansible n=ansible | changed: [worker-02]
2026-05-01 02:04:50,942 p=8258 u=ansible n=ansible | TASK [common : Set SELinux to permissive mode (permanent)] *************************************************
2026-05-01 02:04:51,402 p=8258 u=ansible n=ansible | ok: [Master]
2026-05-01 02:04:51,477 p=8258 u=ansible n=ansible | ok: [worker-01]
2026-05-01 02:04:51,530 p=8258 u=ansible n=ansible | ok: [worker-02]
2026-05-01 02:04:51,553 p=8258 u=ansible n=ansible | TASK [common : Ensure firewalld is started] ****************************************************************
2026-05-01 02:04:53,230 p=8258 u=ansible n=ansible | ok: [Master]
2026-05-01 02:04:53,272 p=8258 u=ansible n=ansible | ok: [worker-01]
2026-05-01 02:04:54,038 p=8258 u=ansible n=ansible | ok: [worker-02]
2026-05-01 02:04:54,083 p=8258 u=ansible n=ansible | TASK [common : Open required ports on control plane] *******************************************************
2026-05-01 02:04:54,252 p=8258 u=ansible n=ansible | skipping: [worker-01] => (item=6443/tcp) 
2026-05-01 02:04:54,270 p=8258 u=ansible n=ansible | skipping: [worker-01] => (item=2379/tcp) 
2026-05-01 02:04:54,274 p=8258 u=ansible n=ansible | skipping: [worker-01] => (item=2380/tcp) 
2026-05-01 02:04:54,283 p=8258 u=ansible n=ansible | skipping: [worker-01] => (item=10250/tcp) 
2026-05-01 02:04:54,303 p=8258 u=ansible n=ansible | skipping: [worker-01] => (item=10257/tcp) 
2026-05-01 02:04:54,313 p=8258 u=ansible n=ansible | skipping: [worker-02] => (item=6443/tcp) 
2026-05-01 02:04:54,324 p=8258 u=ansible n=ansible | skipping: [worker-01] => (item=10259/tcp) 
2026-05-01 02:04:54,329 p=8258 u=ansible n=ansible | skipping: [worker-02] => (item=2379/tcp) 
2026-05-01 02:04:54,339 p=8258 u=ansible n=ansible | skipping: [worker-01] => (item=179/tcp) 
2026-05-01 02:04:54,346 p=8258 u=ansible n=ansible | skipping: [worker-02] => (item=2380/tcp) 
2026-05-01 02:04:54,353 p=8258 u=ansible n=ansible | skipping: [worker-01] => (item=4789/udp) 
2026-05-01 02:04:54,357 p=8258 u=ansible n=ansible | skipping: [worker-01]
2026-05-01 02:04:54,364 p=8258 u=ansible n=ansible | skipping: [worker-02] => (item=10250/tcp) 
2026-05-01 02:04:54,378 p=8258 u=ansible n=ansible | skipping: [worker-02] => (item=10257/tcp) 
2026-05-01 02:04:54,393 p=8258 u=ansible n=ansible | skipping: [worker-02] => (item=10259/tcp) 
2026-05-01 02:04:54,410 p=8258 u=ansible n=ansible | skipping: [worker-02] => (item=179/tcp) 
2026-05-01 02:04:54,421 p=8258 u=ansible n=ansible | skipping: [worker-02] => (item=4789/udp) 
2026-05-01 02:04:54,426 p=8258 u=ansible n=ansible | skipping: [worker-02]
2026-05-01 02:04:57,330 p=8258 u=ansible n=ansible | ok: [Master] => (item=6443/tcp)
2026-05-01 02:04:58,237 p=8258 u=ansible n=ansible | ok: [Master] => (item=2379/tcp)
2026-05-01 02:04:59,007 p=8258 u=ansible n=ansible | ok: [Master] => (item=2380/tcp)
2026-05-01 02:04:59,740 p=8258 u=ansible n=ansible | ok: [Master] => (item=10250/tcp)
2026-05-01 02:05:00,376 p=8258 u=ansible n=ansible | ok: [Master] => (item=10257/tcp)
2026-05-01 02:05:01,049 p=8258 u=ansible n=ansible | ok: [Master] => (item=10259/tcp)
2026-05-01 02:05:01,742 p=8258 u=ansible n=ansible | ok: [Master] => (item=179/tcp)
2026-05-01 02:05:02,549 p=8258 u=ansible n=ansible | ok: [Master] => (item=4789/udp)
2026-05-01 02:05:02,585 p=8258 u=ansible n=ansible | TASK [common : Open required ports on worker nodes] ********************************************************
2026-05-01 02:05:02,623 p=8258 u=ansible n=ansible | skipping: [Master] => (item=10250/tcp) 
2026-05-01 02:05:02,634 p=8258 u=ansible n=ansible | skipping: [Master] => (item=30000-32767/tcp) 
2026-05-01 02:05:02,639 p=8258 u=ansible n=ansible | skipping: [Master] => (item=179/tcp) 
2026-05-01 02:05:02,640 p=8258 u=ansible n=ansible | skipping: [Master] => (item=4789/udp) 
2026-05-01 02:05:02,656 p=8258 u=ansible n=ansible | skipping: [Master]
2026-05-01 02:05:03,437 p=8258 u=ansible n=ansible | ok: [worker-01] => (item=10250/tcp)
2026-05-01 02:05:04,170 p=8258 u=ansible n=ansible | ok: [worker-01] => (item=30000-32767/tcp)
2026-05-01 02:05:04,831 p=8258 u=ansible n=ansible | ok: [worker-01] => (item=179/tcp)
2026-05-01 02:05:05,651 p=8258 u=ansible n=ansible | ok: [worker-01] => (item=4789/udp)
2026-05-01 02:05:10,175 p=8258 u=ansible n=ansible | ok: [worker-02] => (item=10250/tcp)
2026-05-01 02:05:10,836 p=8258 u=ansible n=ansible | ok: [worker-02] => (item=30000-32767/tcp)
2026-05-01 02:05:11,472 p=8258 u=ansible n=ansible | ok: [worker-02] => (item=179/tcp)
2026-05-01 02:05:12,172 p=8258 u=ansible n=ansible | ok: [worker-02] => (item=4789/udp)
2026-05-01 02:05:12,247 p=8258 u=ansible n=ansible | TASK [common : Load kernel modules config] *****************************************************************
2026-05-01 02:05:14,675 p=8258 u=ansible n=ansible | ok: [Master]
2026-05-01 02:05:14,868 p=8258 u=ansible n=ansible | ok: [worker-01]
2026-05-01 02:05:15,197 p=8258 u=ansible n=ansible | ok: [worker-02]
2026-05-01 02:05:15,253 p=8258 u=ansible n=ansible | TASK [common : Load overlay module] ************************************************************************
2026-05-01 02:05:16,159 p=8258 u=ansible n=ansible | ok: [Master]
2026-05-01 02:05:16,227 p=8258 u=ansible n=ansible | ok: [worker-02]
2026-05-01 02:05:16,346 p=8258 u=ansible n=ansible | ok: [worker-01]
2026-05-01 02:05:16,395 p=8258 u=ansible n=ansible | TASK [common : Load br_netfilter module] *******************************************************************
2026-05-01 02:05:17,189 p=8258 u=ansible n=ansible | ok: [worker-01]
2026-05-01 02:05:17,205 p=8258 u=ansible n=ansible | ok: [Master]
2026-05-01 02:05:17,274 p=8258 u=ansible n=ansible | ok: [worker-02]
2026-05-01 02:05:17,292 p=8258 u=ansible n=ansible | TASK [common : Set sysctl params for Kubernetes] ***********************************************************
2026-05-01 02:05:18,791 p=8258 u=ansible n=ansible | ok: [Master]
2026-05-01 02:05:19,094 p=8258 u=ansible n=ansible | ok: [worker-01]
2026-05-01 02:05:19,224 p=8258 u=ansible n=ansible | ok: [worker-02]
2026-05-01 02:05:19,245 p=8258 u=ansible n=ansible | TASK [common : Apply sysctl params] ************************************************************************
2026-05-01 02:05:19,870 p=8258 u=ansible n=ansible | changed: [worker-01]
2026-05-01 02:05:20,021 p=8258 u=ansible n=ansible | changed: [Master]
2026-05-01 02:05:20,135 p=8258 u=ansible n=ansible | changed: [worker-02]
2026-05-01 02:05:20,191 p=8258 u=ansible n=ansible | TASK [common : Install required packages] ******************************************************************
2026-05-01 02:06:20,680 p=8258 u=ansible n=ansible | ok: [worker-01]
2026-05-01 02:06:48,339 p=8258 u=ansible n=ansible | ok: [Master]
2026-05-01 03:15:16,431 p=7373 u=ansible n=ansible | Master | SUCCESS => {
    "ansible_facts": {
        "discovered_interpreter_python": "/usr/bin/python3"
    },
    "changed": false,
    "ping": "pong"
}
2026-05-01 03:15:16,991 p=7373 u=ansible n=ansible | worker-01 | SUCCESS => {
    "ansible_facts": {
        "discovered_interpreter_python": "/usr/bin/python3"
    },
    "changed": false,
    "ping": "pong"
}
2026-05-01 03:15:19,041 p=7373 u=ansible n=ansible | [WARNING]: Unhandled error in Python interpreter discovery for host worker-02: Failed to connect to the host via ssh: ssh: connect to host
192.168.1.17 port 22: No route to host

2026-05-01 03:15:22,113 p=7373 u=ansible n=ansible | worker-02 | UNREACHABLE! => {
    "changed": false,
    "msg": "Data could not be sent to remote host \"192.168.1.17\". Make sure this host can be reached over ssh: ssh: connect to host 192.168.1.17 port 22: No route to host\r\n",
    "unreachable": true
}
2026-05-01 03:15:46,308 p=7509 u=ansible n=ansible | Master | SUCCESS => {
    "ansible_facts": {
        "discovered_interpreter_python": "/usr/bin/python3"
    },
    "changed": false,
    "ping": "pong"
}
2026-05-01 03:15:46,348 p=7509 u=ansible n=ansible | worker-01 | SUCCESS => {
    "ansible_facts": {
        "discovered_interpreter_python": "/usr/bin/python3"
    },
    "changed": false,
    "ping": "pong"
}
2026-05-01 03:17:19,971 p=7681 u=ansible n=ansible | PLAY [Configure all cluster nodes (common prerequisites)] ************************************************************************************
2026-05-01 03:17:19,983 p=7681 u=ansible n=ansible | TASK [Gathering Facts] ***********************************************************************************************************************
2026-05-01 03:17:23,352 p=7681 u=ansible n=ansible | ok: [Master]
2026-05-01 03:17:23,743 p=7681 u=ansible n=ansible | ok: [worker-01]
2026-05-01 03:17:23,785 p=7681 u=ansible n=ansible | TASK [common : Disable swap immediately] *****************************************************************************************************
2026-05-01 03:17:24,145 p=7681 u=ansible n=ansible | changed: [worker-01]
2026-05-01 03:17:24,802 p=7681 u=ansible n=ansible | changed: [Master]
2026-05-01 03:17:24,809 p=7681 u=ansible n=ansible | TASK [common : Remove swap from /etc/fstab] **************************************************************************************************
2026-05-01 03:17:25,138 p=7681 u=ansible n=ansible | ok: [Master]
2026-05-01 03:17:25,157 p=7681 u=ansible n=ansible | ok: [worker-01]
2026-05-01 03:17:25,166 p=7681 u=ansible n=ansible | TASK [common : Set hostname] *****************************************************************************************************************
2026-05-01 03:17:25,807 p=7681 u=ansible n=ansible | ok: [worker-01]
2026-05-01 03:17:25,972 p=7681 u=ansible n=ansible | ok: [Master]
2026-05-01 03:17:25,980 p=7681 u=ansible n=ansible | TASK [common : Update /etc/hosts with all cluster nodes] *************************************************************************************
2026-05-01 03:17:26,294 p=7681 u=ansible n=ansible | changed: [Master]
2026-05-01 03:17:26,342 p=7681 u=ansible n=ansible | changed: [worker-01]
2026-05-01 03:17:26,351 p=7681 u=ansible n=ansible | TASK [common : Set SELinux to permissive mode (runtime)] *************************************************************************************
2026-05-01 03:17:26,598 p=7681 u=ansible n=ansible | changed: [Master]
2026-05-01 03:17:26,628 p=7681 u=ansible n=ansible | changed: [worker-01]
2026-05-01 03:17:26,636 p=7681 u=ansible n=ansible | TASK [common : Set SELinux to permissive mode (permanent)] ***********************************************************************************
2026-05-01 03:17:26,867 p=7681 u=ansible n=ansible | ok: [Master]
2026-05-01 03:17:26,893 p=7681 u=ansible n=ansible | ok: [worker-01]
2026-05-01 03:17:26,923 p=7681 u=ansible n=ansible | TASK [common : Ensure firewalld is started] **************************************************************************************************
2026-05-01 03:17:27,612 p=7681 u=ansible n=ansible | ok: [Master]
2026-05-01 03:17:27,730 p=7681 u=ansible n=ansible | ok: [worker-01]
2026-05-01 03:17:27,740 p=7681 u=ansible n=ansible | TASK [common : Open required ports on control plane] *****************************************************************************************
2026-05-01 03:17:27,774 p=7681 u=ansible n=ansible | skipping: [worker-01] => (item=6443/tcp) 
2026-05-01 03:17:27,778 p=7681 u=ansible n=ansible | skipping: [worker-01] => (item=2379/tcp) 
2026-05-01 03:17:27,782 p=7681 u=ansible n=ansible | skipping: [worker-01] => (item=2380/tcp) 
2026-05-01 03:17:27,785 p=7681 u=ansible n=ansible | skipping: [worker-01] => (item=10250/tcp) 
2026-05-01 03:17:27,789 p=7681 u=ansible n=ansible | skipping: [worker-01] => (item=10257/tcp) 
2026-05-01 03:17:27,793 p=7681 u=ansible n=ansible | skipping: [worker-01] => (item=10259/tcp) 
2026-05-01 03:17:27,796 p=7681 u=ansible n=ansible | skipping: [worker-01] => (item=179/tcp) 
2026-05-01 03:17:27,798 p=7681 u=ansible n=ansible | skipping: [worker-01] => (item=4789/udp) 
2026-05-01 03:17:27,800 p=7681 u=ansible n=ansible | skipping: [worker-01]
2026-05-01 03:17:28,480 p=7681 u=ansible n=ansible | ok: [Master] => (item=6443/tcp)
2026-05-01 03:17:28,783 p=7681 u=ansible n=ansible | ok: [Master] => (item=2379/tcp)
2026-05-01 03:17:29,080 p=7681 u=ansible n=ansible | ok: [Master] => (item=2380/tcp)
2026-05-01 03:17:29,384 p=7681 u=ansible n=ansible | ok: [Master] => (item=10250/tcp)
2026-05-01 03:17:29,680 p=7681 u=ansible n=ansible | ok: [Master] => (item=10257/tcp)
2026-05-01 03:17:30,005 p=7681 u=ansible n=ansible | ok: [Master] => (item=10259/tcp)
2026-05-01 03:17:30,297 p=7681 u=ansible n=ansible | ok: [Master] => (item=179/tcp)
2026-05-01 03:17:30,898 p=7681 u=ansible n=ansible | ok: [Master] => (item=4789/udp)
2026-05-01 03:17:30,908 p=7681 u=ansible n=ansible | TASK [common : Open required ports on worker nodes] ******************************************************************************************
2026-05-01 03:17:30,926 p=7681 u=ansible n=ansible | skipping: [Master] => (item=10250/tcp) 
2026-05-01 03:17:30,929 p=7681 u=ansible n=ansible | skipping: [Master] => (item=30000-32767/tcp) 
2026-05-01 03:17:30,933 p=7681 u=ansible n=ansible | skipping: [Master] => (item=179/tcp) 
2026-05-01 03:17:30,933 p=7681 u=ansible n=ansible | skipping: [Master] => (item=4789/udp) 
2026-05-01 03:17:30,935 p=7681 u=ansible n=ansible | skipping: [Master]
2026-05-01 03:17:31,274 p=7681 u=ansible n=ansible | ok: [worker-01] => (item=10250/tcp)
2026-05-01 03:17:31,573 p=7681 u=ansible n=ansible | ok: [worker-01] => (item=30000-32767/tcp)
2026-05-01 03:17:31,866 p=7681 u=ansible n=ansible | ok: [worker-01] => (item=179/tcp)
2026-05-01 03:17:32,162 p=7681 u=ansible n=ansible | ok: [worker-01] => (item=4789/udp)
2026-05-01 03:17:32,174 p=7681 u=ansible n=ansible | TASK [common : Load kernel modules config] ***************************************************************************************************
2026-05-01 03:17:33,255 p=7681 u=ansible n=ansible | ok: [Master]
2026-05-01 03:17:33,320 p=7681 u=ansible n=ansible | ok: [worker-01]
2026-05-01 03:17:33,329 p=7681 u=ansible n=ansible | TASK [common : Load overlay module] **********************************************************************************************************
2026-05-01 03:17:33,668 p=7681 u=ansible n=ansible | ok: [Master]
2026-05-01 03:17:33,678 p=7681 u=ansible n=ansible | ok: [worker-01]
2026-05-01 03:17:33,686 p=7681 u=ansible n=ansible | TASK [common : Load br_netfilter module] *****************************************************************************************************
2026-05-01 03:17:33,913 p=7681 u=ansible n=ansible | ok: [worker-01]
2026-05-01 03:17:33,915 p=7681 u=ansible n=ansible | ok: [Master]
2026-05-01 03:17:33,924 p=7681 u=ansible n=ansible | TASK [common : Set sysctl params for Kubernetes] *********************************************************************************************
2026-05-01 03:17:34,380 p=7681 u=ansible n=ansible | ok: [Master]
2026-05-01 03:17:34,503 p=7681 u=ansible n=ansible | ok: [worker-01]
2026-05-01 03:17:34,511 p=7681 u=ansible n=ansible | TASK [common : Apply sysctl params] **********************************************************************************************************
2026-05-01 03:17:34,737 p=7681 u=ansible n=ansible | changed: [worker-01]
2026-05-01 03:17:34,810 p=7681 u=ansible n=ansible | changed: [Master]
2026-05-01 03:17:34,819 p=7681 u=ansible n=ansible | TASK [common : Install required packages] ****************************************************************************************************
2026-05-01 03:18:10,488 p=7681 u=ansible n=ansible | ok: [worker-01]
2026-05-01 03:18:21,139 p=7681 u=ansible n=ansible | ok: [Master]
2026-05-01 03:18:21,146 p=7681 u=ansible n=ansible | TASK [common : Add Docker repo (contains containerd)] ****************************************************************************************
2026-05-01 03:18:22,003 p=7681 u=ansible n=ansible | ok: [worker-01]
2026-05-01 03:18:22,646 p=7681 u=ansible n=ansible | ok: [Master]
2026-05-01 03:18:22,654 p=7681 u=ansible n=ansible | TASK [common : Install containerd] ***********************************************************************************************************
2026-05-01 03:18:32,520 p=7681 u=ansible n=ansible | ok: [worker-01]
2026-05-01 03:18:33,578 p=7681 u=ansible n=ansible | ok: [Master]
2026-05-01 03:18:33,586 p=7681 u=ansible n=ansible | TASK [common : Create containerd config directory] *******************************************************************************************
2026-05-01 03:18:33,828 p=7681 u=ansible n=ansible | ok: [worker-01]
2026-05-01 03:18:33,917 p=7681 u=ansible n=ansible | ok: [Master]
2026-05-01 03:18:33,934 p=7681 u=ansible n=ansible | TASK [common : Generate default containerd config] *******************************************************************************************
2026-05-01 03:18:34,145 p=7681 u=ansible n=ansible | ok: [Master]
2026-05-01 03:18:34,169 p=7681 u=ansible n=ansible | ok: [worker-01]
2026-05-01 03:18:34,178 p=7681 u=ansible n=ansible | TASK [common : Enable SystemdCgroup in containerd config] ************************************************************************************
2026-05-01 03:18:34,427 p=7681 u=ansible n=ansible | ok: [Master]
2026-05-01 03:18:34,445 p=7681 u=ansible n=ansible | ok: [worker-01]
2026-05-01 03:18:34,455 p=7681 u=ansible n=ansible | TASK [common : Enable and start containerd] **************************************************************************************************
2026-05-01 03:18:34,892 p=7681 u=ansible n=ansible | ok: [worker-01]
2026-05-01 03:18:42,394 p=7681 u=ansible n=ansible | changed: [Master]
2026-05-01 03:18:42,402 p=7681 u=ansible n=ansible | TASK [common : Add Kubernetes yum repository] ************************************************************************************************
2026-05-01 03:18:43,314 p=7681 u=ansible n=ansible | ok: [worker-01]
2026-05-01 03:18:43,792 p=7681 u=ansible n=ansible | changed: [Master]
2026-05-01 03:18:43,800 p=7681 u=ansible n=ansible | TASK [common : Install kubelet, kubeadm, kubectl] ********************************************************************************************
2026-05-01 03:18:46,727 p=7681 u=ansible n=ansible | ok: [worker-01]
2026-05-01 03:22:06,727 p=7681 u=ansible n=ansible | changed: [Master]
2026-05-01 03:22:06,906 p=7681 u=ansible n=ansible | TASK [common : Enable and start kubelet] *****************************************************************************************************
2026-05-01 03:22:09,579 p=7681 u=ansible n=ansible | ok: [worker-01]
2026-05-01 03:22:13,715 p=7681 u=ansible n=ansible | changed: [Master]
2026-05-01 03:22:13,781 p=7681 u=ansible n=ansible | PLAY [Initialize Kubernetes control plane] ***************************************************************************************************
2026-05-01 03:22:13,792 p=7681 u=ansible n=ansible | TASK [Gathering Facts] ***********************************************************************************************************************
2026-05-01 03:22:18,369 p=7681 u=ansible n=ansible | ok: [Master]
2026-05-01 03:22:18,389 p=7681 u=ansible n=ansible | TASK [master : Check if Kubernetes is already initialized] ***********************************************************************************
2026-05-01 03:22:18,694 p=7681 u=ansible n=ansible | ok: [Master]
2026-05-01 03:22:18,702 p=7681 u=ansible n=ansible | TASK [master : Initialize Kubernetes control plane with kubeadm] *****************************************************************************
2026-05-01 03:22:33,573 p=7681 u=ansible n=ansible | fatal: [Master]: FAILED! => changed=true 
  cmd:
  - kubeadm
  - init
  - --apiserver-advertise-address=192.168.1.13
  - --control-plane-endpoint=192.168.1.13:6443
  - --pod-network-cidr=192.168.0.0/16
  delta: '0:00:14.523668'
  end: '2026-05-01 03:22:33.478681'
  msg: non-zero return code
  rc: 1
  start: '2026-05-01 03:22:18.955013'
  stderr: |-
    I0501 03:22:20.502024   15779 version.go:256] remote version is much newer: v1.36.0; falling back to: stable-1.29
            [WARNING Firewalld]: firewalld is active, please ensure ports [6443 10250] are open or your cluster may not function correctly
    error execution phase preflight: [preflight] Some fatal errors occurred:
            [ERROR Port-6443]: Port 6443 is in use
            [ERROR Port-10259]: Port 10259 is in use
            [ERROR Port-10257]: Port 10257 is in use
            [ERROR CRI]: container runtime is not running: output: time="2026-05-01T03:22:28+03:00" level=fatal msg="validate service connection: validate CRI v1 runtime API for endpoint \"unix:///var/run/containerd/containerd.sock\": rpc error: code = Unimplemented desc = unknown service runtime.v1.RuntimeService"
    , error: exit status 1
            [ERROR Port-10250]: Port 10250 is in use
    [preflight] If you know what you are doing, you can make a check non-fatal with `--ignore-preflight-errors=...`
    To see the stack trace of this error execute with --v=5 or higher
  stderr_lines: <omitted>
  stdout: |-
    [init] Using Kubernetes version: v1.29.15
    [preflight] Running pre-flight checks
  stdout_lines: <omitted>
2026-05-01 03:22:33,574 p=7681 u=ansible n=ansible | PLAY RECAP ***********************************************************************************************************************************
2026-05-01 03:22:33,574 p=7681 u=ansible n=ansible | Master                     : ok=26   changed=8    unreachable=0    failed=1    skipped=1    rescued=0    ignored=0   
2026-05-01 03:22:33,574 p=7681 u=ansible n=ansible | worker-01                  : ok=24   changed=4    unreachable=0    failed=0    skipped=1    rescued=0    ignored=0   
2026-05-01 03:26:16,364 p=126701 u=ansible n=ansible | PLAY [Configure all cluster nodes (common prerequisites)] ************************************************************************************
2026-05-01 03:26:16,465 p=126701 u=ansible n=ansible | TASK [Gathering Facts] ***********************************************************************************************************************
2026-05-01 03:26:18,230 p=126701 u=ansible n=ansible | ok: [Master]
2026-05-01 03:26:18,966 p=126701 u=ansible n=ansible | ok: [worker-01]
2026-05-01 03:26:18,997 p=126701 u=ansible n=ansible | TASK [common : Disable swap immediately] *****************************************************************************************************
2026-05-01 03:26:19,014 p=126701 u=ansible n=ansible | skipping: [Master]
2026-05-01 03:26:19,021 p=126701 u=ansible n=ansible | skipping: [worker-01]
2026-05-01 03:26:19,030 p=126701 u=ansible n=ansible | TASK [common : Remove swap from /etc/fstab] **************************************************************************************************
2026-05-01 03:26:19,352 p=126701 u=ansible n=ansible | ok: [Master]
2026-05-01 03:26:19,365 p=126701 u=ansible n=ansible | ok: [worker-01]
2026-05-01 03:26:19,374 p=126701 u=ansible n=ansible | TASK [common : Set hostname] *****************************************************************************************************************
2026-05-01 03:26:20,136 p=126701 u=ansible n=ansible | ok: [worker-01]
2026-05-01 03:26:20,246 p=126701 u=ansible n=ansible | ok: [Master]
2026-05-01 03:26:20,254 p=126701 u=ansible n=ansible | TASK [common : Update /etc/hosts with all cluster nodes] *************************************************************************************
2026-05-01 03:26:20,570 p=126701 u=ansible n=ansible | ok: [Master]
2026-05-01 03:26:20,590 p=126701 u=ansible n=ansible | ok: [worker-01]
2026-05-01 03:26:20,599 p=126701 u=ansible n=ansible | TASK [common : Set SELinux to permissive mode (runtime)] *************************************************************************************
2026-05-01 03:26:20,954 p=126701 u=ansible n=ansible | changed: [Master]
2026-05-01 03:26:20,970 p=126701 u=ansible n=ansible | changed: [worker-01]
2026-05-01 03:26:20,979 p=126701 u=ansible n=ansible | TASK [common : Set SELinux to permissive mode (permanent)] ***********************************************************************************
2026-05-01 03:26:21,197 p=126701 u=ansible n=ansible | ok: [Master]
2026-05-01 03:26:21,239 p=126701 u=ansible n=ansible | ok: [worker-01]
2026-05-01 03:26:21,247 p=126701 u=ansible n=ansible | TASK [common : Ensure firewalld is started] **************************************************************************************************
2026-05-01 03:26:21,794 p=126701 u=ansible n=ansible | ok: [Master]
2026-05-01 03:26:21,821 p=126701 u=ansible n=ansible | ok: [worker-01]
2026-05-01 03:26:21,828 p=126701 u=ansible n=ansible | TASK [common : Open required ports on control plane] *****************************************************************************************
2026-05-01 03:26:21,856 p=126701 u=ansible n=ansible | skipping: [worker-01] => (item=6443/tcp) 
2026-05-01 03:26:21,858 p=126701 u=ansible n=ansible | skipping: [worker-01] => (item=2379/tcp) 
2026-05-01 03:26:21,861 p=126701 u=ansible n=ansible | skipping: [worker-01] => (item=2380/tcp) 
2026-05-01 03:26:21,864 p=126701 u=ansible n=ansible | skipping: [worker-01] => (item=10250/tcp) 
2026-05-01 03:26:21,868 p=126701 u=ansible n=ansible | skipping: [worker-01] => (item=10257/tcp) 
2026-05-01 03:26:21,871 p=126701 u=ansible n=ansible | skipping: [worker-01] => (item=10259/tcp) 
2026-05-01 03:26:21,874 p=126701 u=ansible n=ansible | skipping: [worker-01] => (item=179/tcp) 
2026-05-01 03:26:21,875 p=126701 u=ansible n=ansible | skipping: [worker-01] => (item=4789/udp) 
2026-05-01 03:26:21,876 p=126701 u=ansible n=ansible | skipping: [worker-01]
2026-05-01 03:26:22,788 p=126701 u=ansible n=ansible | ok: [Master] => (item=6443/tcp)
2026-05-01 03:26:23,085 p=126701 u=ansible n=ansible | ok: [Master] => (item=2379/tcp)
2026-05-01 03:26:23,390 p=126701 u=ansible n=ansible | ok: [Master] => (item=2380/tcp)
2026-05-01 03:26:23,686 p=126701 u=ansible n=ansible | ok: [Master] => (item=10250/tcp)
2026-05-01 03:26:24,056 p=126701 u=ansible n=ansible | ok: [Master] => (item=10257/tcp)
2026-05-01 03:26:24,424 p=126701 u=ansible n=ansible | ok: [Master] => (item=10259/tcp)
2026-05-01 03:26:24,724 p=126701 u=ansible n=ansible | ok: [Master] => (item=179/tcp)
2026-05-01 03:26:25,023 p=126701 u=ansible n=ansible | ok: [Master] => (item=4789/udp)
2026-05-01 03:26:25,033 p=126701 u=ansible n=ansible | TASK [common : Open required ports on worker nodes] ******************************************************************************************
2026-05-01 03:26:25,050 p=126701 u=ansible n=ansible | skipping: [Master] => (item=10250/tcp) 
2026-05-01 03:26:25,052 p=126701 u=ansible n=ansible | skipping: [Master] => (item=30000-32767/tcp) 
2026-05-01 03:26:25,056 p=126701 u=ansible n=ansible | skipping: [Master] => (item=179/tcp) 
2026-05-01 03:26:25,056 p=126701 u=ansible n=ansible | skipping: [Master] => (item=4789/udp) 
2026-05-01 03:26:25,057 p=126701 u=ansible n=ansible | skipping: [Master]
2026-05-01 03:26:25,363 p=126701 u=ansible n=ansible | ok: [worker-01] => (item=10250/tcp)
2026-05-01 03:26:25,669 p=126701 u=ansible n=ansible | ok: [worker-01] => (item=30000-32767/tcp)
2026-05-01 03:26:25,981 p=126701 u=ansible n=ansible | ok: [worker-01] => (item=179/tcp)
2026-05-01 03:26:26,276 p=126701 u=ansible n=ansible | ok: [worker-01] => (item=4789/udp)
2026-05-01 03:26:26,288 p=126701 u=ansible n=ansible | TASK [common : Load kernel modules config] ***************************************************************************************************
2026-05-01 03:26:27,048 p=126701 u=ansible n=ansible | ok: [Master]
2026-05-01 03:26:27,113 p=126701 u=ansible n=ansible | ok: [worker-01]
2026-05-01 03:26:27,122 p=126701 u=ansible n=ansible | TASK [common : Load overlay module] **********************************************************************************************************
2026-05-01 03:26:27,447 p=126701 u=ansible n=ansible | ok: [Master]
2026-05-01 03:26:27,470 p=126701 u=ansible n=ansible | ok: [worker-01]
2026-05-01 03:26:27,478 p=126701 u=ansible n=ansible | TASK [common : Load br_netfilter module] *****************************************************************************************************
2026-05-01 03:26:27,679 p=126701 u=ansible n=ansible | ok: [Master]
2026-05-01 03:26:27,701 p=126701 u=ansible n=ansible | ok: [worker-01]
2026-05-01 03:26:27,709 p=126701 u=ansible n=ansible | TASK [common : Set sysctl params for Kubernetes] *********************************************************************************************
2026-05-01 03:26:28,128 p=126701 u=ansible n=ansible | ok: [Master]
2026-05-01 03:26:28,314 p=126701 u=ansible n=ansible | ok: [worker-01]
2026-05-01 03:26:28,322 p=126701 u=ansible n=ansible | TASK [common : Apply sysctl params] **********************************************************************************************************
2026-05-01 03:26:28,716 p=126701 u=ansible n=ansible | changed: [worker-01]
2026-05-01 03:26:28,768 p=126701 u=ansible n=ansible | changed: [Master]
2026-05-01 03:26:28,776 p=126701 u=ansible n=ansible | TASK [common : Install required packages] ****************************************************************************************************
2026-05-01 03:26:32,639 p=126701 u=ansible n=ansible | ok: [worker-01]
2026-05-01 03:26:37,181 p=126701 u=ansible n=ansible | ok: [Master]
2026-05-01 03:26:37,195 p=126701 u=ansible n=ansible | TASK [common : Add Docker repo (contains containerd)] ****************************************************************************************
2026-05-01 03:26:37,407 p=126701 u=ansible n=ansible | ok: [Master]
2026-05-01 03:26:37,460 p=126701 u=ansible n=ansible | ok: [worker-01]
2026-05-01 03:26:37,470 p=126701 u=ansible n=ansible | TASK [common : Install containerd] ***********************************************************************************************************
2026-05-01 03:26:38,813 p=126701 u=ansible n=ansible | ok: [worker-01]
2026-05-01 03:26:43,893 p=126701 u=ansible n=ansible | ok: [Master]
2026-05-01 03:26:43,901 p=126701 u=ansible n=ansible | TASK [common : Create containerd config directory] *******************************************************************************************
2026-05-01 03:26:44,123 p=126701 u=ansible n=ansible | ok: [Master]
2026-05-01 03:26:44,140 p=126701 u=ansible n=ansible | ok: [worker-01]
2026-05-01 03:26:44,198 p=126701 u=ansible n=ansible | TASK [common : Generate default containerd config] *******************************************************************************************
2026-05-01 03:26:44,401 p=126701 u=ansible n=ansible | ok: [Master]
2026-05-01 03:26:44,414 p=126701 u=ansible n=ansible | ok: [worker-01]
2026-05-01 03:26:44,423 p=126701 u=ansible n=ansible | TASK [common : Enable SystemdCgroup in containerd config] ************************************************************************************
2026-05-01 03:26:44,653 p=126701 u=ansible n=ansible | ok: [Master]
2026-05-01 03:26:44,664 p=126701 u=ansible n=ansible | ok: [worker-01]
2026-05-01 03:26:44,673 p=126701 u=ansible n=ansible | TASK [common : Enable and start containerd] **************************************************************************************************
2026-05-01 03:26:45,002 p=126701 u=ansible n=ansible | ok: [Master]
2026-05-01 03:26:45,024 p=126701 u=ansible n=ansible | ok: [worker-01]
2026-05-01 03:26:45,034 p=126701 u=ansible n=ansible | TASK [common : Add Kubernetes yum repository] ************************************************************************************************
2026-05-01 03:26:45,497 p=126701 u=ansible n=ansible | ok: [Master]
2026-05-01 03:26:45,599 p=126701 u=ansible n=ansible | ok: [worker-01]
2026-05-01 03:26:45,607 p=126701 u=ansible n=ansible | TASK [common : Install kubelet, kubeadm, kubectl] ********************************************************************************************
2026-05-01 03:26:46,925 p=126701 u=ansible n=ansible | ok: [worker-01]
2026-05-01 03:26:50,893 p=126701 u=ansible n=ansible | ok: [Master]
2026-05-01 03:26:50,902 p=126701 u=ansible n=ansible | TASK [common : Enable and start kubelet] *****************************************************************************************************
2026-05-01 03:26:51,246 p=126701 u=ansible n=ansible | ok: [Master]
2026-05-01 03:26:51,254 p=126701 u=ansible n=ansible | ok: [worker-01]
2026-05-01 03:26:51,315 p=126701 u=ansible n=ansible | PLAY [Initialize Kubernetes control plane] ***************************************************************************************************
2026-05-01 03:26:51,327 p=126701 u=ansible n=ansible | TASK [Gathering Facts] ***********************************************************************************************************************
2026-05-01 03:26:52,708 p=126701 u=ansible n=ansible | ok: [Master]
2026-05-01 03:26:52,729 p=126701 u=ansible n=ansible | TASK [master : Check if Kubernetes is already initialized] ***********************************************************************************
2026-05-01 03:26:52,913 p=126701 u=ansible n=ansible | ok: [Master]
2026-05-01 03:26:52,921 p=126701 u=ansible n=ansible | TASK [master : Initialize Kubernetes control plane with kubeadm] *****************************************************************************
2026-05-01 03:26:58,798 p=126701 u=ansible n=ansible | fatal: [Master]: FAILED! => changed=true 
  cmd:
  - kubeadm
  - init
  - --apiserver-advertise-address=192.168.1.18
  - --control-plane-endpoint=192.168.1.18:6443
  - --pod-network-cidr=192.168.0.0/16
  delta: '0:00:05.660410'
  end: '2026-05-01 03:26:58.776041'
  msg: non-zero return code
  rc: 1
  start: '2026-05-01 03:26:53.115631'
  stderr: |-
    I0501 03:26:58.372301  127697 version.go:256] remote version is much newer: v1.36.0; falling back to: stable-1.29
            [WARNING Firewalld]: firewalld is active, please ensure ports [6443 10250] are open or your cluster may not function correctly
    error execution phase preflight: [preflight] Some fatal errors occurred:
            [ERROR Port-6443]: Port 6443 is in use
            [ERROR Port-10259]: Port 10259 is in use
            [ERROR Port-10257]: Port 10257 is in use
            [ERROR CRI]: container runtime is not running: output: time="2026-05-01T03:26:58+03:00" level=fatal msg="validate service connection: validate CRI v1 runtime API for endpoint \"unix:///var/run/containerd/containerd.sock\": rpc error: code = Unimplemented desc = unknown service runtime.v1.RuntimeService"
    , error: exit status 1
            [ERROR Port-10250]: Port 10250 is in use
    [preflight] If you know what you are doing, you can make a check non-fatal with `--ignore-preflight-errors=...`
    To see the stack trace of this error execute with --v=5 or higher
  stderr_lines: <omitted>
  stdout: |-
    [init] Using Kubernetes version: v1.29.15
    [preflight] Running pre-flight checks
  stdout_lines: <omitted>
2026-05-01 03:26:58,799 p=126701 u=ansible n=ansible | PLAY RECAP ***********************************************************************************************************************************
2026-05-01 03:26:58,799 p=126701 u=ansible n=ansible | Master                     : ok=25   changed=2    unreachable=0    failed=1    skipped=2    rescued=0    ignored=0   
2026-05-01 03:26:58,799 p=126701 u=ansible n=ansible | worker-01                  : ok=23   changed=2    unreachable=0    failed=0    skipped=2    rescued=0    ignored=0   
2026-05-01 03:29:33,650 p=128039 u=ansible n=ansible | PLAY [Configure all cluster nodes (common prerequisites)] ************************************************************************************
2026-05-01 03:29:33,775 p=128039 u=ansible n=ansible | TASK [Gathering Facts] ***********************************************************************************************************************
2026-05-01 03:29:35,244 p=128039 u=ansible n=ansible | ok: [worker-01]
2026-05-01 03:29:35,286 p=128039 u=ansible n=ansible | ok: [Master]
2026-05-01 03:29:35,318 p=128039 u=ansible n=ansible | TASK [common : Disable swap immediately] *****************************************************************************************************
2026-05-01 03:29:35,333 p=128039 u=ansible n=ansible | skipping: [Master]
2026-05-01 03:29:35,339 p=128039 u=ansible n=ansible | skipping: [worker-01]
2026-05-01 03:29:35,348 p=128039 u=ansible n=ansible | TASK [common : Remove swap from /etc/fstab] **************************************************************************************************
2026-05-01 03:29:35,670 p=128039 u=ansible n=ansible | ok: [Master]
2026-05-01 03:29:35,696 p=128039 u=ansible n=ansible | ok: [worker-01]
2026-05-01 03:29:35,704 p=128039 u=ansible n=ansible | TASK [common : Set hostname] *****************************************************************************************************************
2026-05-01 03:29:36,332 p=128039 u=ansible n=ansible | ok: [worker-01]
2026-05-01 03:29:36,450 p=128039 u=ansible n=ansible | ok: [Master]
2026-05-01 03:29:36,457 p=128039 u=ansible n=ansible | TASK [common : Update /etc/hosts with all cluster nodes] *************************************************************************************
2026-05-01 03:29:36,782 p=128039 u=ansible n=ansible | ok: [Master]
2026-05-01 03:29:36,799 p=128039 u=ansible n=ansible | ok: [worker-01]
2026-05-01 03:29:36,807 p=128039 u=ansible n=ansible | TASK [common : Set SELinux to permissive mode (runtime)] *************************************************************************************
2026-05-01 03:29:37,128 p=128039 u=ansible n=ansible | changed: [worker-01]
2026-05-01 03:29:37,141 p=128039 u=ansible n=ansible | changed: [Master]
2026-05-01 03:29:37,149 p=128039 u=ansible n=ansible | TASK [common : Set SELinux to permissive mode (permanent)] ***********************************************************************************
2026-05-01 03:29:37,354 p=128039 u=ansible n=ansible | ok: [Master]
2026-05-01 03:29:37,375 p=128039 u=ansible n=ansible | ok: [worker-01]
2026-05-01 03:29:37,383 p=128039 u=ansible n=ansible | TASK [common : Ensure firewalld is started] **************************************************************************************************
2026-05-01 03:29:37,955 p=128039 u=ansible n=ansible | ok: [Master]
2026-05-01 03:29:37,962 p=128039 u=ansible n=ansible | ok: [worker-01]
2026-05-01 03:29:37,970 p=128039 u=ansible n=ansible | TASK [common : Open required ports on control plane] *****************************************************************************************
2026-05-01 03:29:37,998 p=128039 u=ansible n=ansible | skipping: [worker-01] => (item=6443/tcp) 
2026-05-01 03:29:38,000 p=128039 u=ansible n=ansible | skipping: [worker-01] => (item=2379/tcp) 
2026-05-01 03:29:38,003 p=128039 u=ansible n=ansible | skipping: [worker-01] => (item=2380/tcp) 
2026-05-01 03:29:38,006 p=128039 u=ansible n=ansible | skipping: [worker-01] => (item=10250/tcp) 
2026-05-01 03:29:38,009 p=128039 u=ansible n=ansible | skipping: [worker-01] => (item=10257/tcp) 
2026-05-01 03:29:38,012 p=128039 u=ansible n=ansible | skipping: [worker-01] => (item=10259/tcp) 
2026-05-01 03:29:38,015 p=128039 u=ansible n=ansible | skipping: [worker-01] => (item=179/tcp) 
2026-05-01 03:29:38,016 p=128039 u=ansible n=ansible | skipping: [worker-01] => (item=4789/udp) 
2026-05-01 03:29:38,017 p=128039 u=ansible n=ansible | skipping: [worker-01]
2026-05-01 03:29:38,466 p=128039 u=ansible n=ansible | ok: [Master] => (item=6443/tcp)
2026-05-01 03:29:38,757 p=128039 u=ansible n=ansible | ok: [Master] => (item=2379/tcp)
2026-05-01 03:29:39,059 p=128039 u=ansible n=ansible | ok: [Master] => (item=2380/tcp)
2026-05-01 03:29:39,348 p=128039 u=ansible n=ansible | ok: [Master] => (item=10250/tcp)
2026-05-01 03:29:39,640 p=128039 u=ansible n=ansible | ok: [Master] => (item=10257/tcp)
2026-05-01 03:29:39,937 p=128039 u=ansible n=ansible | ok: [Master] => (item=10259/tcp)
2026-05-01 03:29:40,231 p=128039 u=ansible n=ansible | ok: [Master] => (item=179/tcp)
2026-05-01 03:29:40,576 p=128039 u=ansible n=ansible | ok: [Master] => (item=4789/udp)
2026-05-01 03:29:40,586 p=128039 u=ansible n=ansible | TASK [common : Open required ports on worker nodes] ******************************************************************************************
2026-05-01 03:29:40,603 p=128039 u=ansible n=ansible | skipping: [Master] => (item=10250/tcp) 
2026-05-01 03:29:40,605 p=128039 u=ansible n=ansible | skipping: [Master] => (item=30000-32767/tcp) 
2026-05-01 03:29:40,608 p=128039 u=ansible n=ansible | skipping: [Master] => (item=179/tcp) 
2026-05-01 03:29:40,609 p=128039 u=ansible n=ansible | skipping: [Master] => (item=4789/udp) 
2026-05-01 03:29:40,610 p=128039 u=ansible n=ansible | skipping: [Master]
2026-05-01 03:29:40,918 p=128039 u=ansible n=ansible | ok: [worker-01] => (item=10250/tcp)
2026-05-01 03:29:41,256 p=128039 u=ansible n=ansible | ok: [worker-01] => (item=30000-32767/tcp)
2026-05-01 03:29:41,594 p=128039 u=ansible n=ansible | ok: [worker-01] => (item=179/tcp)
2026-05-01 03:29:41,918 p=128039 u=ansible n=ansible | ok: [worker-01] => (item=4789/udp)
2026-05-01 03:29:41,929 p=128039 u=ansible n=ansible | TASK [common : Load kernel modules config] ***************************************************************************************************
2026-05-01 03:29:42,597 p=128039 u=ansible n=ansible | ok: [Master]
2026-05-01 03:29:42,726 p=128039 u=ansible n=ansible | ok: [worker-01]
2026-05-01 03:29:42,735 p=128039 u=ansible n=ansible | TASK [common : Load overlay module] **********************************************************************************************************
2026-05-01 03:29:43,039 p=128039 u=ansible n=ansible | ok: [Master]
2026-05-01 03:29:43,070 p=128039 u=ansible n=ansible | ok: [worker-01]
2026-05-01 03:29:43,078 p=128039 u=ansible n=ansible | TASK [common : Load br_netfilter module] *****************************************************************************************************
2026-05-01 03:29:43,279 p=128039 u=ansible n=ansible | ok: [Master]
2026-05-01 03:29:43,298 p=128039 u=ansible n=ansible | ok: [worker-01]
2026-05-01 03:29:43,307 p=128039 u=ansible n=ansible | TASK [common : Set sysctl params for Kubernetes] *********************************************************************************************
2026-05-01 03:29:43,693 p=128039 u=ansible n=ansible | ok: [Master]
2026-05-01 03:29:43,888 p=128039 u=ansible n=ansible | ok: [worker-01]
2026-05-01 03:29:43,896 p=128039 u=ansible n=ansible | TASK [common : Apply sysctl params] **********************************************************************************************************
2026-05-01 03:29:44,123 p=128039 u=ansible n=ansible | changed: [worker-01]
2026-05-01 03:29:44,203 p=128039 u=ansible n=ansible | changed: [Master]
2026-05-01 03:29:44,211 p=128039 u=ansible n=ansible | TASK [common : Install required packages] ****************************************************************************************************
2026-05-01 03:29:45,578 p=128039 u=ansible n=ansible | ok: [worker-01]
2026-05-01 03:29:46,997 p=128039 u=ansible n=ansible | ok: [Master]
2026-05-01 03:29:47,004 p=128039 u=ansible n=ansible | TASK [common : Add Docker repo (contains containerd)] ****************************************************************************************
2026-05-01 03:29:47,206 p=128039 u=ansible n=ansible | ok: [Master]
2026-05-01 03:29:47,227 p=128039 u=ansible n=ansible | ok: [worker-01]
2026-05-01 03:29:47,235 p=128039 u=ansible n=ansible | TASK [common : Install containerd] ***********************************************************************************************************
2026-05-01 03:29:48,491 p=128039 u=ansible n=ansible | ok: [worker-01]
2026-05-01 03:29:49,115 p=128039 u=ansible n=ansible | ok: [Master]
2026-05-01 03:29:49,122 p=128039 u=ansible n=ansible | TASK [common : Create containerd config directory] *******************************************************************************************
2026-05-01 03:29:49,335 p=128039 u=ansible n=ansible | ok: [Master]
2026-05-01 03:29:49,387 p=128039 u=ansible n=ansible | ok: [worker-01]
2026-05-01 03:29:49,397 p=128039 u=ansible n=ansible | TASK [common : Generate default containerd config] *******************************************************************************************
2026-05-01 03:29:49,597 p=128039 u=ansible n=ansible | ok: [Master]
2026-05-01 03:29:49,620 p=128039 u=ansible n=ansible | ok: [worker-01]
2026-05-01 03:29:49,628 p=128039 u=ansible n=ansible | TASK [common : Enable SystemdCgroup in containerd config] ************************************************************************************
2026-05-01 03:29:49,848 p=128039 u=ansible n=ansible | ok: [Master]
2026-05-01 03:29:49,852 p=128039 u=ansible n=ansible | ok: [worker-01]
2026-05-01 03:29:49,861 p=128039 u=ansible n=ansible | TASK [common : Enable and start containerd] **************************************************************************************************
2026-05-01 03:29:50,219 p=128039 u=ansible n=ansible | ok: [Master]
2026-05-01 03:29:50,262 p=128039 u=ansible n=ansible | ok: [worker-01]
2026-05-01 03:29:50,282 p=128039 u=ansible n=ansible | TASK [common : Add Kubernetes yum repository] ************************************************************************************************
2026-05-01 03:29:50,731 p=128039 u=ansible n=ansible | ok: [Master]
2026-05-01 03:29:50,929 p=128039 u=ansible n=ansible | ok: [worker-01]
2026-05-01 03:29:50,938 p=128039 u=ansible n=ansible | TASK [common : Install kubelet, kubeadm, kubectl] ********************************************************************************************
2026-05-01 03:29:52,281 p=128039 u=ansible n=ansible | ok: [worker-01]
2026-05-01 03:29:52,354 p=128039 u=ansible n=ansible | ok: [Master]
2026-05-01 03:29:52,362 p=128039 u=ansible n=ansible | TASK [common : Enable and start kubelet] *****************************************************************************************************
2026-05-01 03:29:52,729 p=128039 u=ansible n=ansible | ok: [worker-01]
2026-05-01 03:29:52,740 p=128039 u=ansible n=ansible | changed: [Master]
2026-05-01 03:29:52,801 p=128039 u=ansible n=ansible | PLAY [Initialize Kubernetes control plane] ***************************************************************************************************
2026-05-01 03:29:52,811 p=128039 u=ansible n=ansible | TASK [Gathering Facts] ***********************************************************************************************************************
2026-05-01 03:29:53,923 p=128039 u=ansible n=ansible | ok: [Master]
2026-05-01 03:29:53,947 p=128039 u=ansible n=ansible | TASK [master : Check if Kubernetes is already initialized] ***********************************************************************************
2026-05-01 03:29:54,130 p=128039 u=ansible n=ansible | ok: [Master]
2026-05-01 03:29:54,138 p=128039 u=ansible n=ansible | TASK [master : Initialize Kubernetes control plane with kubeadm] *****************************************************************************
2026-05-01 03:29:54,989 p=128039 u=ansible n=ansible | fatal: [Master]: FAILED! => changed=true 
  cmd:
  - kubeadm
  - init
  - --apiserver-advertise-address=192.168.1.18
  - --control-plane-endpoint=192.168.1.18:6443
  - --pod-network-cidr=192.168.0.0/16
  delta: '0:00:00.659408'
  end: '2026-05-01 03:29:54.965914'
  msg: non-zero return code
  rc: 1
  start: '2026-05-01 03:29:54.306506'
  stderr: |-
    I0501 03:29:54.581139  129015 version.go:256] remote version is much newer: v1.36.0; falling back to: stable-1.29
            [WARNING Firewalld]: firewalld is active, please ensure ports [6443 10250] are open or your cluster may not function correctly
    error execution phase preflight: [preflight] Some fatal errors occurred:
            [ERROR Port-6443]: Port 6443 is in use
            [ERROR Port-10259]: Port 10259 is in use
            [ERROR Port-10257]: Port 10257 is in use
            [ERROR Port-10250]: Port 10250 is in use
    [preflight] If you know what you are doing, you can make a check non-fatal with `--ignore-preflight-errors=...`
    To see the stack trace of this error execute with --v=5 or higher
  stderr_lines: <omitted>
  stdout: |-
    [init] Using Kubernetes version: v1.29.15
    [preflight] Running pre-flight checks
  stdout_lines: <omitted>
2026-05-01 03:29:54,990 p=128039 u=ansible n=ansible | PLAY RECAP ***********************************************************************************************************************************
2026-05-01 03:29:54,990 p=128039 u=ansible n=ansible | Master                     : ok=25   changed=3    unreachable=0    failed=1    skipped=2    rescued=0    ignored=0   
2026-05-01 03:29:54,990 p=128039 u=ansible n=ansible | worker-01                  : ok=23   changed=2    unreachable=0    failed=0    skipped=2    rescued=0    ignored=0   
2026-05-01 03:30:49,996 p=129252 u=ansible n=ansible | PLAY [Configure all cluster nodes (common prerequisites)] ************************************************************************************
2026-05-01 03:30:50,036 p=129252 u=ansible n=ansible | PLAY [Initialize Kubernetes control plane] ***************************************************************************************************
2026-05-01 03:30:50,042 p=129252 u=ansible n=ansible | TASK [Gathering Facts] ***********************************************************************************************************************
2026-05-01 03:30:51,516 p=129252 u=ansible n=ansible | ok: [Master]
2026-05-01 03:30:51,541 p=129252 u=ansible n=ansible | TASK [master : Check if Kubernetes is already initialized] ***********************************************************************************
2026-05-01 03:30:51,898 p=129252 u=ansible n=ansible | ok: [Master]
2026-05-01 03:30:51,909 p=129252 u=ansible n=ansible | TASK [master : Initialize Kubernetes control plane with kubeadm] *****************************************************************************
2026-05-01 03:30:52,865 p=129252 u=ansible n=ansible | fatal: [Master]: FAILED! => changed=true 
  cmd:
  - kubeadm
  - init
  - --apiserver-advertise-address=192.168.1.18
  - --control-plane-endpoint=192.168.1.18:6443
  - --pod-network-cidr=192.168.0.0/16
  delta: '0:00:00.629139'
  end: '2026-05-01 03:30:52.836812'
  msg: non-zero return code
  rc: 1
  start: '2026-05-01 03:30:52.207673'
  stderr: |-
    I0501 03:30:52.490955  129413 version.go:256] remote version is much newer: v1.36.0; falling back to: stable-1.29
            [WARNING Firewalld]: firewalld is active, please ensure ports [6443 10250] are open or your cluster may not function correctly
    error execution phase preflight: [preflight] Some fatal errors occurred:
            [ERROR Port-6443]: Port 6443 is in use
            [ERROR Port-10259]: Port 10259 is in use
            [ERROR Port-10257]: Port 10257 is in use
            [ERROR Port-10250]: Port 10250 is in use
    [preflight] If you know what you are doing, you can make a check non-fatal with `--ignore-preflight-errors=...`
    To see the stack trace of this error execute with --v=5 or higher
  stderr_lines: <omitted>
  stdout: |-
    [init] Using Kubernetes version: v1.29.15
    [preflight] Running pre-flight checks
  stdout_lines: <omitted>
2026-05-01 03:30:52,867 p=129252 u=ansible n=ansible | PLAY RECAP ***********************************************************************************************************************************
2026-05-01 03:30:52,868 p=129252 u=ansible n=ansible | Master                     : ok=2    changed=0    unreachable=0    failed=1    skipped=0    rescued=0    ignored=0   
2026-05-01 03:34:28,446 p=130322 u=ansible n=ansible | PLAY [Configure all cluster nodes (common prerequisites)] **********************
2026-05-01 03:34:28,456 p=130322 u=ansible n=ansible | TASK [Gathering Facts] *********************************************************
2026-05-01 03:34:29,851 p=130322 u=ansible n=ansible | ok: [Master]
2026-05-01 03:34:30,105 p=130322 u=ansible n=ansible | ok: [worker-01]
2026-05-01 03:34:30,134 p=130322 u=ansible n=ansible | TASK [common : Disable swap immediately] ***************************************
2026-05-01 03:34:30,152 p=130322 u=ansible n=ansible | skipping: [Master]
2026-05-01 03:34:30,159 p=130322 u=ansible n=ansible | skipping: [worker-01]
2026-05-01 03:34:30,166 p=130322 u=ansible n=ansible | TASK [common : Remove swap from /etc/fstab] ************************************
2026-05-01 03:34:30,453 p=130322 u=ansible n=ansible | ok: [Master]
2026-05-01 03:34:30,492 p=130322 u=ansible n=ansible | ok: [worker-01]
2026-05-01 03:34:30,498 p=130322 u=ansible n=ansible | TASK [common : Set hostname] ***************************************************
2026-05-01 03:34:31,126 p=130322 u=ansible n=ansible | ok: [Master]
2026-05-01 03:34:31,141 p=130322 u=ansible n=ansible | ok: [worker-01]
2026-05-01 03:34:31,147 p=130322 u=ansible n=ansible | TASK [common : Update /etc/hosts with all cluster nodes] ***********************
2026-05-01 03:34:31,484 p=130322 u=ansible n=ansible | ok: [Master]
2026-05-01 03:34:31,532 p=130322 u=ansible n=ansible | ok: [worker-01]
2026-05-01 03:34:31,538 p=130322 u=ansible n=ansible | TASK [common : Set SELinux to permissive mode (runtime)] ***********************
2026-05-01 03:34:31,860 p=130322 u=ansible n=ansible | changed: [Master]
2026-05-01 03:34:31,887 p=130322 u=ansible n=ansible | changed: [worker-01]
2026-05-01 03:34:31,893 p=130322 u=ansible n=ansible | TASK [common : Set SELinux to permissive mode (permanent)] *********************
2026-05-01 03:34:32,095 p=130322 u=ansible n=ansible | ok: [Master]
2026-05-01 03:34:32,117 p=130322 u=ansible n=ansible | ok: [worker-01]
2026-05-01 03:34:32,123 p=130322 u=ansible n=ansible | TASK [common : Ensure firewalld is started] ************************************
2026-05-01 03:34:32,679 p=130322 u=ansible n=ansible | ok: [Master]
2026-05-01 03:34:32,704 p=130322 u=ansible n=ansible | ok: [worker-01]
2026-05-01 03:34:32,710 p=130322 u=ansible n=ansible | TASK [common : Open required ports on control plane] ***************************
2026-05-01 03:34:32,737 p=130322 u=ansible n=ansible | skipping: [worker-01] => (item=6443/tcp) 
2026-05-01 03:34:32,743 p=130322 u=ansible n=ansible | skipping: [worker-01] => (item=2379/tcp) 
2026-05-01 03:34:32,744 p=130322 u=ansible n=ansible | skipping: [worker-01] => (item=2380/tcp) 
2026-05-01 03:34:32,744 p=130322 u=ansible n=ansible | skipping: [worker-01] => (item=10250/tcp) 
2026-05-01 03:34:32,750 p=130322 u=ansible n=ansible | skipping: [worker-01] => (item=10257/tcp) 
2026-05-01 03:34:32,753 p=130322 u=ansible n=ansible | skipping: [worker-01] => (item=10259/tcp) 
2026-05-01 03:34:32,753 p=130322 u=ansible n=ansible | skipping: [worker-01] => (item=179/tcp) 
2026-05-01 03:34:32,754 p=130322 u=ansible n=ansible | skipping: [worker-01] => (item=4789/udp) 
2026-05-01 03:34:32,755 p=130322 u=ansible n=ansible | skipping: [worker-01]
2026-05-01 03:34:33,132 p=130322 u=ansible n=ansible | ok: [Master] => (item=6443/tcp)
2026-05-01 03:34:33,429 p=130322 u=ansible n=ansible | ok: [Master] => (item=2379/tcp)
2026-05-01 03:34:33,729 p=130322 u=ansible n=ansible | ok: [Master] => (item=2380/tcp)
2026-05-01 03:34:34,032 p=130322 u=ansible n=ansible | ok: [Master] => (item=10250/tcp)
2026-05-01 03:34:34,388 p=130322 u=ansible n=ansible | ok: [Master] => (item=10257/tcp)
2026-05-01 03:34:34,695 p=130322 u=ansible n=ansible | ok: [Master] => (item=10259/tcp)
2026-05-01 03:34:34,988 p=130322 u=ansible n=ansible | ok: [Master] => (item=179/tcp)
2026-05-01 03:34:35,315 p=130322 u=ansible n=ansible | ok: [Master] => (item=4789/udp)
2026-05-01 03:34:35,322 p=130322 u=ansible n=ansible | TASK [common : Open required ports on worker nodes] ****************************
2026-05-01 03:34:35,339 p=130322 u=ansible n=ansible | skipping: [Master] => (item=10250/tcp) 
2026-05-01 03:34:35,341 p=130322 u=ansible n=ansible | skipping: [Master] => (item=30000-32767/tcp) 
2026-05-01 03:34:35,344 p=130322 u=ansible n=ansible | skipping: [Master] => (item=179/tcp) 
2026-05-01 03:34:35,345 p=130322 u=ansible n=ansible | skipping: [Master] => (item=4789/udp) 
2026-05-01 03:34:35,347 p=130322 u=ansible n=ansible | skipping: [Master]
2026-05-01 03:34:35,643 p=130322 u=ansible n=ansible | ok: [worker-01] => (item=10250/tcp)
2026-05-01 03:34:35,945 p=130322 u=ansible n=ansible | ok: [worker-01] => (item=30000-32767/tcp)
2026-05-01 03:34:36,274 p=130322 u=ansible n=ansible | ok: [worker-01] => (item=179/tcp)
2026-05-01 03:34:36,542 p=130322 u=ansible n=ansible | ok: [worker-01] => (item=4789/udp)
2026-05-01 03:34:36,549 p=130322 u=ansible n=ansible | TASK [common : Load kernel modules config] *************************************
2026-05-01 03:34:37,136 p=130322 u=ansible n=ansible | ok: [Master]
2026-05-01 03:34:37,206 p=130322 u=ansible n=ansible | ok: [worker-01]
2026-05-01 03:34:37,212 p=130322 u=ansible n=ansible | TASK [common : Load overlay module] ********************************************
2026-05-01 03:34:37,480 p=130322 u=ansible n=ansible | ok: [Master]
2026-05-01 03:34:37,507 p=130322 u=ansible n=ansible | ok: [worker-01]
2026-05-01 03:34:37,513 p=130322 u=ansible n=ansible | TASK [common : Load br_netfilter module] ***************************************
2026-05-01 03:34:37,710 p=130322 u=ansible n=ansible | ok: [Master]
2026-05-01 03:34:37,729 p=130322 u=ansible n=ansible | ok: [worker-01]
2026-05-01 03:34:37,736 p=130322 u=ansible n=ansible | TASK [common : Set sysctl params for Kubernetes] *******************************
2026-05-01 03:34:38,113 p=130322 u=ansible n=ansible | ok: [Master]
2026-05-01 03:34:38,299 p=130322 u=ansible n=ansible | ok: [worker-01]
2026-05-01 03:34:38,305 p=130322 u=ansible n=ansible | TASK [common : Apply sysctl params] ********************************************
2026-05-01 03:34:38,509 p=130322 u=ansible n=ansible | changed: [Master]
2026-05-01 03:34:38,524 p=130322 u=ansible n=ansible | changed: [worker-01]
2026-05-01 03:34:38,530 p=130322 u=ansible n=ansible | TASK [common : Install required packages] **************************************
2026-05-01 03:34:39,945 p=130322 u=ansible n=ansible | ok: [worker-01]
2026-05-01 03:34:40,767 p=130322 u=ansible n=ansible | ok: [Master]
2026-05-01 03:34:40,773 p=130322 u=ansible n=ansible | TASK [common : Add Docker repo (contains containerd)] **************************
2026-05-01 03:34:40,971 p=130322 u=ansible n=ansible | ok: [Master]
2026-05-01 03:34:40,987 p=130322 u=ansible n=ansible | ok: [worker-01]
2026-05-01 03:34:40,993 p=130322 u=ansible n=ansible | TASK [common : Install containerd] *********************************************
2026-05-01 03:34:42,275 p=130322 u=ansible n=ansible | ok: [worker-01]
2026-05-01 03:34:42,352 p=130322 u=ansible n=ansible | ok: [Master]
2026-05-01 03:34:42,358 p=130322 u=ansible n=ansible | TASK [common : Create containerd config directory] *****************************
2026-05-01 03:34:42,566 p=130322 u=ansible n=ansible | ok: [Master]
2026-05-01 03:34:42,596 p=130322 u=ansible n=ansible | ok: [worker-01]
2026-05-01 03:34:42,630 p=130322 u=ansible n=ansible | TASK [common : Generate default containerd config] *****************************
2026-05-01 03:34:42,825 p=130322 u=ansible n=ansible | ok: [Master]
2026-05-01 03:34:42,847 p=130322 u=ansible n=ansible | ok: [worker-01]
2026-05-01 03:34:42,853 p=130322 u=ansible n=ansible | TASK [common : Enable SystemdCgroup in containerd config] **********************
2026-05-01 03:34:43,053 p=130322 u=ansible n=ansible | ok: [Master]
2026-05-01 03:34:43,076 p=130322 u=ansible n=ansible | ok: [worker-01]
2026-05-01 03:34:43,081 p=130322 u=ansible n=ansible | TASK [common : Enable and start containerd] ************************************
2026-05-01 03:34:43,415 p=130322 u=ansible n=ansible | ok: [Master]
2026-05-01 03:34:43,433 p=130322 u=ansible n=ansible | ok: [worker-01]
2026-05-01 03:34:43,438 p=130322 u=ansible n=ansible | TASK [common : Add Kubernetes yum repository] **********************************
2026-05-01 03:34:43,828 p=130322 u=ansible n=ansible | ok: [Master]
2026-05-01 03:34:44,016 p=130322 u=ansible n=ansible | ok: [worker-01]
2026-05-01 03:34:44,022 p=130322 u=ansible n=ansible | TASK [common : Install kubelet, kubeadm, kubectl] ******************************
2026-05-01 03:34:45,312 p=130322 u=ansible n=ansible | ok: [worker-01]
2026-05-01 03:34:45,314 p=130322 u=ansible n=ansible | ok: [Master]
2026-05-01 03:34:45,320 p=130322 u=ansible n=ansible | TASK [common : Enable and start kubelet] ***************************************
2026-05-01 03:34:45,677 p=130322 u=ansible n=ansible | ok: [worker-01]
2026-05-01 03:34:45,710 p=130322 u=ansible n=ansible | changed: [Master]
2026-05-01 03:34:45,776 p=130322 u=ansible n=ansible | PLAY [Initialize Kubernetes control plane] *************************************
2026-05-01 03:34:45,784 p=130322 u=ansible n=ansible | TASK [Gathering Facts] *********************************************************
2026-05-01 03:34:46,753 p=130322 u=ansible n=ansible | ok: [Master]
2026-05-01 03:34:46,769 p=130322 u=ansible n=ansible | TASK [master : Check if Kubernetes is already initialized] *********************
2026-05-01 03:34:46,945 p=130322 u=ansible n=ansible | ok: [Master]
2026-05-01 03:34:46,951 p=130322 u=ansible n=ansible | TASK [master : Initialize Kubernetes control plane with kubeadm] ***************
2026-05-01 03:37:21,065 p=130322 u=ansible n=ansible | changed: [Master]
2026-05-01 03:37:21,104 p=130322 u=ansible n=ansible | TASK [master : Print kubeadm init output] **************************************
2026-05-01 03:37:21,201 p=130322 u=ansible n=ansible | ok: [Master] => 
  kubeadm_init_output.stdout_lines:
  - '[init] Using Kubernetes version: v1.29.15'
  - '[preflight] Running pre-flight checks'
  - '[preflight] Pulling images required for setting up a Kubernetes cluster'
  - '[preflight] This might take a minute or two, depending on the speed of your internet connection'
  - '[preflight] You can also perform this action in beforehand using ''kubeadm config images pull'''
  - '[certs] Using certificateDir folder "/etc/kubernetes/pki"'
  - '[certs] Generating "ca" certificate and key'
  - '[certs] Generating "apiserver" certificate and key'
  - '[certs] apiserver serving cert is signed for DNS names [kubernetes kubernetes.default kubernetes.default.svc kubernetes.default.svc.cluster.local master] and IPs [10.96.0.1 192.168.1.18]'
  - '[certs] Generating "apiserver-kubelet-client" certificate and key'
  - '[certs] Generating "front-proxy-ca" certificate and key'
  - '[certs] Generating "front-proxy-client" certificate and key'
  - '[certs] Generating "etcd/ca" certificate and key'
  - '[certs] Generating "etcd/server" certificate and key'
  - '[certs] etcd/server serving cert is signed for DNS names [localhost master] and IPs [192.168.1.18 127.0.0.1 ::1]'
  - '[certs] Generating "etcd/peer" certificate and key'
  - '[certs] etcd/peer serving cert is signed for DNS names [localhost master] and IPs [192.168.1.18 127.0.0.1 ::1]'
  - '[certs] Generating "etcd/healthcheck-client" certificate and key'
  - '[certs] Generating "apiserver-etcd-client" certificate and key'
  - '[certs] Generating "sa" key and public key'
  - '[kubeconfig] Using kubeconfig folder "/etc/kubernetes"'
  - '[kubeconfig] Writing "admin.conf" kubeconfig file'
  - '[kubeconfig] Writing "super-admin.conf" kubeconfig file'
  - '[kubeconfig] Writing "kubelet.conf" kubeconfig file'
  - '[kubeconfig] Writing "controller-manager.conf" kubeconfig file'
  - '[kubeconfig] Writing "scheduler.conf" kubeconfig file'
  - '[etcd] Creating static Pod manifest for local etcd in "/etc/kubernetes/manifests"'
  - '[control-plane] Using manifest folder "/etc/kubernetes/manifests"'
  - '[control-plane] Creating static Pod manifest for "kube-apiserver"'
  - '[control-plane] Creating static Pod manifest for "kube-controller-manager"'
  - '[control-plane] Creating static Pod manifest for "kube-scheduler"'
  - '[kubelet-start] Writing kubelet environment file with flags to file "/var/lib/kubelet/kubeadm-flags.env"'
  - '[kubelet-start] Writing kubelet configuration to file "/var/lib/kubelet/config.yaml"'
  - '[kubelet-start] Starting the kubelet'
  - '[wait-control-plane] Waiting for the kubelet to boot up the control plane as static Pods from directory "/etc/kubernetes/manifests". This can take up to 4m0s'
  - '[apiclient] All control plane components are healthy after 13.514956 seconds'
  - '[upload-config] Storing the configuration used in ConfigMap "kubeadm-config" in the "kube-system" Namespace'
  - '[kubelet] Creating a ConfigMap "kubelet-config" in namespace kube-system with the configuration for the kubelets in the cluster'
  - '[upload-certs] Skipping phase. Please see --upload-certs'
  - '[mark-control-plane] Marking the node master as control-plane by adding the labels: [node-role.kubernetes.io/control-plane node.kubernetes.io/exclude-from-external-load-balancers]'
  - '[mark-control-plane] Marking the node master as control-plane by adding the taints [node-role.kubernetes.io/control-plane:NoSchedule]'
  - '[bootstrap-token] Using token: r264s8.09xa7581ubq3fkz6'
  - '[bootstrap-token] Configuring bootstrap tokens, cluster-info ConfigMap, RBAC Roles'
  - '[bootstrap-token] Configured RBAC rules to allow Node Bootstrap tokens to get nodes'
  - '[bootstrap-token] Configured RBAC rules to allow Node Bootstrap tokens to post CSRs in order for nodes to get long term certificate credentials'
  - '[bootstrap-token] Configured RBAC rules to allow the csrapprover controller automatically approve CSRs from a Node Bootstrap Token'
  - '[bootstrap-token] Configured RBAC rules to allow certificate rotation for all node client certificates in the cluster'
  - '[bootstrap-token] Creating the "cluster-info" ConfigMap in the "kube-public" namespace'
  - '[kubelet-finalize] Updating "/etc/kubernetes/kubelet.conf" to point to a rotatable kubelet client certificate and key'
  - '[addons] Applied essential addon: CoreDNS'
  - '[addons] Applied essential addon: kube-proxy'
  - ''
  - Your Kubernetes control-plane has initialized successfully!
  - ''
  - 'To start using your cluster, you need to run the following as a regular user:'
  - ''
  - '  mkdir -p $HOME/.kube'
  - '  sudo cp -i /etc/kubernetes/admin.conf $HOME/.kube/config'
  - '  sudo chown $(id -u):$(id -g) $HOME/.kube/config'
  - ''
  - 'Alternatively, if you are the root user, you can run:'
  - ''
  - '  export KUBECONFIG=/etc/kubernetes/admin.conf'
  - ''
  - You should now deploy a pod network to the cluster.
  - 'Run "kubectl apply -f [podnetwork].yaml" with one of the options listed at:'
  - '  https://kubernetes.io/docs/concepts/cluster-administration/addons/'
  - ''
  - You can now join any number of control-plane nodes by copying certificate authorities
  - 'and service account keys on each node and then running the following as root:'
  - ''
  - '  kubeadm join 192.168.1.18:6443 --token r264s8.09xa7581ubq3fkz6 \'
  - "\t--discovery-token-ca-cert-hash sha256:3afed5a3c9b225e0d96ee0f1025072c4ab0f59c38e014a689e59b6c9aa90b3c5 \\"
  - "\t--control-plane "
  - ''
  - 'Then you can join any number of worker nodes by running the following on each as root:'
  - ''
  - kubeadm join 192.168.1.18:6443 --token r264s8.09xa7581ubq3fkz6 \
  - "\t--discovery-token-ca-cert-hash sha256:3afed5a3c9b225e0d96ee0f1025072c4ab0f59c38e014a689e59b6c9aa90b3c5 "
2026-05-01 03:37:21,218 p=130322 u=ansible n=ansible | TASK [master : Create .kube directory for root] ********************************
2026-05-01 03:37:21,802 p=130322 u=ansible n=ansible | changed: [Master]
2026-05-01 03:37:21,819 p=130322 u=ansible n=ansible | TASK [master : Copy admin.conf to root's .kube/config] *************************
2026-05-01 03:37:22,770 p=130322 u=ansible n=ansible | changed: [Master]
2026-05-01 03:37:22,789 p=130322 u=ansible n=ansible | TASK [master : Create .kube directory for ansible user] ************************
2026-05-01 03:37:23,363 p=130322 u=ansible n=ansible | changed: [Master]
2026-05-01 03:37:23,383 p=130322 u=ansible n=ansible | TASK [master : Copy admin.conf to ansible user's .kube/config] *****************
2026-05-01 03:37:23,997 p=130322 u=ansible n=ansible | changed: [Master]
2026-05-01 03:37:24,014 p=130322 u=ansible n=ansible | TASK [master : Check if Calico is already installed] ***************************
2026-05-01 03:37:30,839 p=130322 u=ansible n=ansible | fatal: [Master]: FAILED! => changed=false 
  cmd:
  - kubectl
  - get
  - daemonset
  - calico-node
  - -n
  - kube-system
  delta: '0:00:06.287022'
  end: '2026-05-01 03:37:30.768551'
  msg: non-zero return code
  rc: 1
  start: '2026-05-01 03:37:24.481529'
  stderr: 'Error from server (NotFound): daemonsets.apps "calico-node" not found'
  stderr_lines: <omitted>
  stdout: ''
  stdout_lines: <omitted>
2026-05-01 03:37:30,840 p=130322 u=ansible n=ansible | ...ignoring
2026-05-01 03:37:30,856 p=130322 u=ansible n=ansible | TASK [master : Download Calico manifest] ***************************************
2026-05-01 03:37:32,963 p=130322 u=ansible n=ansible | changed: [Master]
2026-05-01 03:37:32,981 p=130322 u=ansible n=ansible | TASK [master : Apply Calico CNI manifest] **************************************
2026-05-01 03:37:35,204 p=130322 u=ansible n=ansible | changed: [Master]
2026-05-01 03:37:35,220 p=130322 u=ansible n=ansible | TASK [master : Wait for Calico pods to be running] *****************************
2026-05-01 03:39:35,911 p=130322 u=ansible n=ansible | changed: [Master]
2026-05-01 03:39:35,977 p=130322 u=ansible n=ansible | TASK [master : Generate kubeadm join command] **********************************
2026-05-01 03:39:36,957 p=130322 u=ansible n=ansible | changed: [Master]
2026-05-01 03:39:37,008 p=130322 u=ansible n=ansible | TASK [master : Set join command fact] ******************************************
2026-05-01 03:39:37,058 p=130322 u=ansible n=ansible | ok: [Master]
2026-05-01 03:39:37,099 p=130322 u=ansible n=ansible | TASK [master : Save join command to local file] ********************************
2026-05-01 03:39:38,633 p=130322 u=ansible n=ansible | changed: [Master -> localhost]
2026-05-01 03:39:38,655 p=130322 u=ansible n=ansible | TASK [master : Install bash-completion] ****************************************
2026-05-01 03:39:43,992 p=130322 u=ansible n=ansible | ok: [Master]
2026-05-01 03:39:44,014 p=130322 u=ansible n=ansible | TASK [master : Add kubectl bash completion] ************************************
2026-05-01 03:39:45,334 p=130322 u=ansible n=ansible | changed: [Master]
2026-05-01 03:39:45,359 p=130322 u=ansible n=ansible | TASK [master : Add kubectl alias] **********************************************
2026-05-01 03:39:46,142 p=130322 u=ansible n=ansible | changed: [Master]
2026-05-01 03:39:46,172 p=130322 u=ansible n=ansible | TASK [master : Print cluster info] *********************************************
2026-05-01 03:39:47,155 p=130322 u=ansible n=ansible | changed: [Master]
2026-05-01 03:39:47,178 p=130322 u=ansible n=ansible | TASK [master : Display cluster info] *******************************************
2026-05-01 03:39:47,226 p=130322 u=ansible n=ansible | ok: [Master] => 
  cluster_info.stdout_lines:
  - Kubernetes control plane is running at https://192.168.1.18:6443
  - CoreDNS is running at https://192.168.1.18:6443/api/v1/namespaces/kube-system/services/kube-dns:dns/proxy
  - ''
  - To further debug and diagnose cluster problems, use 'kubectl cluster-info dump'.
2026-05-01 03:39:47,329 p=130322 u=ansible n=ansible | PLAY [Join worker nodes to the cluster] ****************************************
2026-05-01 03:39:47,359 p=130322 u=ansible n=ansible | TASK [Gathering Facts] *********************************************************
2026-05-01 03:39:49,964 p=130322 u=ansible n=ansible | ok: [worker-01]
2026-05-01 03:39:50,035 p=130322 u=ansible n=ansible | TASK [worker : Check if node is already part of a cluster] *********************
2026-05-01 03:39:50,736 p=130322 u=ansible n=ansible | ok: [worker-01]
2026-05-01 03:39:50,775 p=130322 u=ansible n=ansible | TASK [worker : Read join command from local file] ******************************
2026-05-01 03:39:51,865 p=130322 u=ansible n=ansible | ok: [worker-01 -> localhost]
2026-05-01 03:39:51,897 p=130322 u=ansible n=ansible | TASK [worker : Join the Kubernetes cluster] ************************************
2026-05-01 03:39:57,399 p=130322 u=ansible n=ansible | fatal: [worker-01]: FAILED! => changed=true 
  cmd:
  - kubeadm
  - join
  - 192.168.1.18:6443
  - --token
  - tv4jyx.1jzgiiv9j2g6qq1i
  - --discovery-token-ca-cert-hash
  - sha256:3afed5a3c9b225e0d96ee0f1025072c4ab0f59c38e014a689e59b6c9aa90b3c5
  delta: '0:00:04.605084'
  end: '2026-05-01 03:39:57.331466'
  msg: non-zero return code
  rc: 1
  start: '2026-05-01 03:39:52.726382'
  stderr: |-
    error execution phase preflight: [preflight] Some fatal errors occurred:
            [ERROR CRI]: container runtime is not running: output: time="2026-05-01T03:39:57+03:00" level=fatal msg="validate service connection: validate CRI v1 runtime API for endpoint \"unix:///var/run/containerd/containerd.sock\": rpc error: code = Unimplemented desc = unknown service runtime.v1.RuntimeService"
    , error: exit status 1
    [preflight] If you know what you are doing, you can make a check non-fatal with `--ignore-preflight-errors=...`
    To see the stack trace of this error execute with --v=5 or higher
  stderr_lines: <omitted>
  stdout: '[preflight] Running pre-flight checks'
  stdout_lines: <omitted>
2026-05-01 03:39:57,402 p=130322 u=ansible n=ansible | PLAY RECAP *********************************************************************
2026-05-01 03:39:57,402 p=130322 u=ansible n=ansible | Master                     : ok=43   changed=16   unreachable=0    failed=0    skipped=2    rescued=0    ignored=1   
2026-05-01 03:39:57,402 p=130322 u=ansible n=ansible | worker-01                  : ok=26   changed=2    unreachable=0    failed=1    skipped=2    rescued=0    ignored=0   
2026-05-01 03:41:53,177 p=135638 u=ansible n=ansible | PLAY [Configure all cluster nodes (common prerequisites)] ************************************************************************************
2026-05-01 03:41:53,349 p=135638 u=ansible n=ansible | PLAY [Initialize Kubernetes control plane] ***************************************************************************************************
2026-05-01 03:41:53,436 p=135638 u=ansible n=ansible | PLAY [Join worker nodes to the cluster] ******************************************************************************************************
2026-05-01 03:41:53,457 p=135638 u=ansible n=ansible | TASK [Gathering Facts] ***********************************************************************************************************************
2026-05-01 03:41:57,339 p=135638 u=ansible n=ansible | ok: [worker-01]
2026-05-01 03:41:57,413 p=135638 u=ansible n=ansible | TASK [worker : Check if node is already part of a cluster] ***********************************************************************************
2026-05-01 03:41:58,369 p=135638 u=ansible n=ansible | ok: [worker-01]
2026-05-01 03:41:58,399 p=135638 u=ansible n=ansible | TASK [worker : Read join command from local file] ********************************************************************************************
2026-05-01 03:41:59,443 p=135638 u=ansible n=ansible | ok: [worker-01 -> localhost]
2026-05-01 03:41:59,460 p=135638 u=ansible n=ansible | TASK [worker : Join the Kubernetes cluster] **************************************************************************************************
2026-05-01 03:42:05,020 p=135638 u=ansible n=ansible | changed: [worker-01]
2026-05-01 03:42:05,066 p=135638 u=ansible n=ansible | TASK [worker : Print join result] ************************************************************************************************************
2026-05-01 03:42:05,234 p=135638 u=ansible n=ansible | skipping: [worker-01]
2026-05-01 03:42:05,287 p=135638 u=ansible n=ansible | TASK [worker : Ensure kubelet is running on worker] ******************************************************************************************
2026-05-01 03:42:07,852 p=135638 u=ansible n=ansible | ok: [worker-01]
2026-05-01 03:42:07,971 p=135638 u=ansible n=ansible | PLAY [Verify cluster is healthy] *************************************************************************************************************
2026-05-01 03:42:08,069 p=135638 u=ansible n=ansible | PLAY RECAP ***********************************************************************************************************************************
2026-05-01 03:42:08,070 p=135638 u=ansible n=ansible | worker-01                  : ok=5    changed=1    unreachable=0    failed=0    skipped=1    rescued=0    ignored=0   
2026-05-01 03:43:17,034 p=136586 u=ansible n=ansible | PLAY [Configure all cluster nodes (common prerequisites)] ************************************************************************************
2026-05-01 03:43:17,059 p=136586 u=ansible n=ansible | TASK [Gathering Facts] ***********************************************************************************************************************
2026-05-01 03:43:20,489 p=136586 u=ansible n=ansible | ok: [Master]
2026-05-01 03:43:26,987 p=136586 u=ansible n=ansible | ok: [worker-01]
2026-05-01 03:43:27,057 p=136586 u=ansible n=ansible | TASK [common : Disable swap immediately] *****************************************************************************************************
2026-05-01 03:43:27,093 p=136586 u=ansible n=ansible | skipping: [Master]
2026-05-01 03:43:27,113 p=136586 u=ansible n=ansible | skipping: [worker-01]
2026-05-01 03:43:27,129 p=136586 u=ansible n=ansible | TASK [common : Remove swap from /etc/fstab] **************************************************************************************************
2026-05-01 03:43:27,904 p=136586 u=ansible n=ansible | ok: [Master]
2026-05-01 03:43:27,969 p=136586 u=ansible n=ansible | ok: [worker-01]
2026-05-01 03:43:27,983 p=136586 u=ansible n=ansible | TASK [common : Set hostname] *****************************************************************************************************************
2026-05-01 03:43:29,598 p=136586 u=ansible n=ansible | ok: [worker-01]
2026-05-01 03:43:29,780 p=136586 u=ansible n=ansible | ok: [Master]
2026-05-01 03:43:29,803 p=136586 u=ansible n=ansible | TASK [common : Update /etc/hosts with all cluster nodes] *************************************************************************************
2026-05-01 03:43:30,581 p=136586 u=ansible n=ansible | ok: [Master]
2026-05-01 03:43:30,616 p=136586 u=ansible n=ansible | ok: [worker-01]
2026-05-01 03:43:30,630 p=136586 u=ansible n=ansible | TASK [common : Set SELinux to permissive mode (runtime)] *************************************************************************************
2026-05-01 03:43:31,355 p=136586 u=ansible n=ansible | changed: [Master]
2026-05-01 03:43:31,431 p=136586 u=ansible n=ansible | changed: [worker-01]
2026-05-01 03:43:31,446 p=136586 u=ansible n=ansible | TASK [common : Set SELinux to permissive mode (permanent)] ***********************************************************************************
2026-05-01 03:43:31,868 p=136586 u=ansible n=ansible | ok: [Master]
2026-05-01 03:43:31,889 p=136586 u=ansible n=ansible | ok: [worker-01]
2026-05-01 03:43:31,905 p=136586 u=ansible n=ansible | TASK [common : Ensure firewalld is started] **************************************************************************************************
2026-05-01 03:43:33,037 p=136586 u=ansible n=ansible | ok: [worker-01]
2026-05-01 03:43:33,643 p=136586 u=ansible n=ansible | ok: [Master]
2026-05-01 03:43:33,686 p=136586 u=ansible n=ansible | TASK [common : Open required ports on control plane] *****************************************************************************************
2026-05-01 03:43:33,837 p=136586 u=ansible n=ansible | skipping: [worker-01] => (item=6443/tcp) 
2026-05-01 03:43:33,853 p=136586 u=ansible n=ansible | skipping: [worker-01] => (item=2379/tcp) 
2026-05-01 03:43:33,873 p=136586 u=ansible n=ansible | skipping: [worker-01] => (item=2380/tcp) 
2026-05-01 03:43:33,889 p=136586 u=ansible n=ansible | skipping: [worker-01] => (item=10250/tcp) 
2026-05-01 03:43:33,922 p=136586 u=ansible n=ansible | skipping: [worker-01] => (item=10257/tcp) 
2026-05-01 03:43:33,953 p=136586 u=ansible n=ansible | skipping: [worker-01] => (item=10259/tcp) 
2026-05-01 03:43:33,980 p=136586 u=ansible n=ansible | skipping: [worker-01] => (item=179/tcp) 
2026-05-01 03:43:34,002 p=136586 u=ansible n=ansible | skipping: [worker-01] => (item=4789/udp) 
2026-05-01 03:43:34,007 p=136586 u=ansible n=ansible | skipping: [worker-01]
2026-05-01 03:43:36,137 p=136586 u=ansible n=ansible | ok: [Master] => (item=6443/tcp)
2026-05-01 03:43:37,659 p=136586 u=ansible n=ansible | ok: [Master] => (item=2379/tcp)
2026-05-01 03:43:38,885 p=136586 u=ansible n=ansible | ok: [Master] => (item=2380/tcp)
2026-05-01 03:43:39,719 p=136586 u=ansible n=ansible | ok: [Master] => (item=10250/tcp)
2026-05-01 03:43:40,528 p=136586 u=ansible n=ansible | ok: [Master] => (item=10257/tcp)
2026-05-01 03:43:41,333 p=136586 u=ansible n=ansible | ok: [Master] => (item=10259/tcp)
2026-05-01 03:43:42,184 p=136586 u=ansible n=ansible | ok: [Master] => (item=179/tcp)
2026-05-01 03:43:43,708 p=136586 u=ansible n=ansible | ok: [Master] => (item=4789/udp)
2026-05-01 03:43:43,757 p=136586 u=ansible n=ansible | TASK [common : Open required ports on worker nodes] ******************************************************************************************
2026-05-01 03:43:43,850 p=136586 u=ansible n=ansible | skipping: [Master] => (item=10250/tcp) 
2026-05-01 03:43:43,859 p=136586 u=ansible n=ansible | skipping: [Master] => (item=30000-32767/tcp) 
2026-05-01 03:43:43,868 p=136586 u=ansible n=ansible | skipping: [Master] => (item=179/tcp) 
2026-05-01 03:43:43,872 p=136586 u=ansible n=ansible | skipping: [Master] => (item=4789/udp) 
2026-05-01 03:43:43,874 p=136586 u=ansible n=ansible | skipping: [Master]
2026-05-01 03:43:45,190 p=136586 u=ansible n=ansible | ok: [worker-01] => (item=10250/tcp)
2026-05-01 03:43:46,457 p=136586 u=ansible n=ansible | ok: [worker-01] => (item=30000-32767/tcp)
2026-05-01 03:43:47,242 p=136586 u=ansible n=ansible | ok: [worker-01] => (item=179/tcp)
2026-05-01 03:43:48,076 p=136586 u=ansible n=ansible | ok: [worker-01] => (item=4789/udp)
2026-05-01 03:43:48,129 p=136586 u=ansible n=ansible | TASK [common : Load kernel modules config] ***************************************************************************************************
2026-05-01 03:43:49,727 p=136586 u=ansible n=ansible | ok: [Master]
2026-05-01 03:43:49,856 p=136586 u=ansible n=ansible | ok: [worker-01]
2026-05-01 03:43:49,882 p=136586 u=ansible n=ansible | TASK [common : Load overlay module] **********************************************************************************************************
2026-05-01 03:43:50,683 p=136586 u=ansible n=ansible | ok: [Master]
2026-05-01 03:43:50,701 p=136586 u=ansible n=ansible | ok: [worker-01]
2026-05-01 03:43:50,717 p=136586 u=ansible n=ansible | TASK [common : Load br_netfilter module] *****************************************************************************************************
2026-05-01 03:43:51,166 p=136586 u=ansible n=ansible | ok: [worker-01]
2026-05-01 03:43:51,350 p=136586 u=ansible n=ansible | ok: [Master]
2026-05-01 03:43:51,367 p=136586 u=ansible n=ansible | TASK [common : Set sysctl params for Kubernetes] *********************************************************************************************
2026-05-01 03:43:52,245 p=136586 u=ansible n=ansible | ok: [Master]
2026-05-01 03:43:52,880 p=136586 u=ansible n=ansible | ok: [worker-01]
2026-05-01 03:43:52,895 p=136586 u=ansible n=ansible | TASK [common : Apply sysctl params] **********************************************************************************************************
2026-05-01 03:43:53,389 p=136586 u=ansible n=ansible | changed: [Master]
2026-05-01 03:43:53,548 p=136586 u=ansible n=ansible | changed: [worker-01]
2026-05-01 03:43:53,587 p=136586 u=ansible n=ansible | TASK [common : Install required packages] ****************************************************************************************************
2026-05-01 03:44:00,472 p=136586 u=ansible n=ansible | ok: [Master]
2026-05-01 03:44:12,896 p=136586 u=ansible n=ansible | ok: [worker-01]
2026-05-01 03:44:12,911 p=136586 u=ansible n=ansible | TASK [common : Add Docker repo (contains containerd)] ****************************************************************************************
2026-05-01 03:44:13,339 p=136586 u=ansible n=ansible | ok: [Master]
2026-05-01 03:44:13,410 p=136586 u=ansible n=ansible | ok: [worker-01]
2026-05-01 03:44:13,429 p=136586 u=ansible n=ansible | TASK [common : Install containerd] ***********************************************************************************************************
2026-05-01 03:44:16,263 p=136586 u=ansible n=ansible | ok: [Master]
2026-05-01 03:44:16,316 p=136586 u=ansible n=ansible | ok: [worker-01]
2026-05-01 03:44:16,337 p=136586 u=ansible n=ansible | TASK [common : Create containerd config directory] *******************************************************************************************
2026-05-01 03:44:17,265 p=136586 u=ansible n=ansible | ok: [Master]
2026-05-01 03:44:17,320 p=136586 u=ansible n=ansible | ok: [worker-01]
2026-05-01 03:44:17,417 p=136586 u=ansible n=ansible | TASK [common : Generate default containerd config] *******************************************************************************************
2026-05-01 03:44:18,281 p=136586 u=ansible n=ansible | ok: [Master]
2026-05-01 03:44:18,300 p=136586 u=ansible n=ansible | ok: [worker-01]
2026-05-01 03:44:18,317 p=136586 u=ansible n=ansible | TASK [common : Enable SystemdCgroup in containerd config] ************************************************************************************
2026-05-01 03:44:19,115 p=136586 u=ansible n=ansible | ok: [Master]
2026-05-01 03:44:19,162 p=136586 u=ansible n=ansible | ok: [worker-01]
2026-05-01 03:44:19,182 p=136586 u=ansible n=ansible | TASK [common : Enable and start containerd] **************************************************************************************************
2026-05-01 03:44:20,289 p=136586 u=ansible n=ansible | ok: [Master]
2026-05-01 03:44:20,354 p=136586 u=ansible n=ansible | ok: [worker-01]
2026-05-01 03:44:20,370 p=136586 u=ansible n=ansible | TASK [common : Add Kubernetes yum repository] ************************************************************************************************
2026-05-01 03:44:21,602 p=136586 u=ansible n=ansible | ok: [Master]
2026-05-01 03:44:22,062 p=136586 u=ansible n=ansible | ok: [worker-01]
2026-05-01 03:44:22,077 p=136586 u=ansible n=ansible | TASK [common : Install kubelet, kubeadm, kubectl] ********************************************************************************************
2026-05-01 03:44:24,746 p=136586 u=ansible n=ansible | ok: [Master]
2026-05-01 03:44:25,037 p=136586 u=ansible n=ansible | ok: [worker-01]
2026-05-01 03:44:25,057 p=136586 u=ansible n=ansible | TASK [common : Enable and start kubelet] *****************************************************************************************************
2026-05-01 03:44:25,876 p=136586 u=ansible n=ansible | ok: [Master]
2026-05-01 03:44:26,128 p=136586 u=ansible n=ansible | ok: [worker-01]
2026-05-01 03:44:26,274 p=136586 u=ansible n=ansible | PLAY [Initialize Kubernetes control plane] ***************************************************************************************************
2026-05-01 03:44:26,299 p=136586 u=ansible n=ansible | TASK [Gathering Facts] ***********************************************************************************************************************
2026-05-01 03:44:29,064 p=136586 u=ansible n=ansible | ok: [Master]
2026-05-01 03:44:29,168 p=136586 u=ansible n=ansible | TASK [master : Check if Kubernetes is already initialized] ***********************************************************************************
2026-05-01 03:44:30,237 p=136586 u=ansible n=ansible | ok: [Master]
2026-05-01 03:44:30,277 p=136586 u=ansible n=ansible | TASK [master : Initialize Kubernetes control plane with kubeadm] *****************************************************************************
2026-05-01 03:44:30,350 p=136586 u=ansible n=ansible | skipping: [Master]
2026-05-01 03:44:30,403 p=136586 u=ansible n=ansible | TASK [master : Print kubeadm init output] ****************************************************************************************************
2026-05-01 03:44:30,511 p=136586 u=ansible n=ansible | skipping: [Master]
2026-05-01 03:44:30,548 p=136586 u=ansible n=ansible | TASK [master : Create .kube directory for root] **********************************************************************************************
2026-05-01 03:44:31,111 p=136586 u=ansible n=ansible | ok: [Master]
2026-05-01 03:44:31,131 p=136586 u=ansible n=ansible | TASK [master : Copy admin.conf to root's .kube/config] ***************************************************************************************
2026-05-01 03:44:32,304 p=136586 u=ansible n=ansible | ok: [Master]
2026-05-01 03:44:32,353 p=136586 u=ansible n=ansible | TASK [master : Create .kube directory for ansible user] **************************************************************************************
2026-05-01 03:44:33,103 p=136586 u=ansible n=ansible | ok: [Master]
2026-05-01 03:44:33,138 p=136586 u=ansible n=ansible | TASK [master : Copy admin.conf to ansible user's .kube/config] *******************************************************************************
2026-05-01 03:44:34,180 p=136586 u=ansible n=ansible | ok: [Master]
2026-05-01 03:44:34,212 p=136586 u=ansible n=ansible | TASK [master : Check if Calico is already installed] *****************************************************************************************
2026-05-01 03:44:35,565 p=136586 u=ansible n=ansible | ok: [Master]
2026-05-01 03:44:35,584 p=136586 u=ansible n=ansible | TASK [master : Download Calico manifest] *****************************************************************************************************
2026-05-01 03:44:35,617 p=136586 u=ansible n=ansible | skipping: [Master]
2026-05-01 03:44:35,641 p=136586 u=ansible n=ansible | TASK [master : Apply Calico CNI manifest] ****************************************************************************************************
2026-05-01 03:44:35,679 p=136586 u=ansible n=ansible | skipping: [Master]
2026-05-01 03:44:35,698 p=136586 u=ansible n=ansible | TASK [master : Wait for Calico pods to be running] *******************************************************************************************
2026-05-01 03:45:14,508 p=136586 u=ansible n=ansible | changed: [Master]
2026-05-01 03:45:14,525 p=136586 u=ansible n=ansible | TASK [master : Generate kubeadm join command] ************************************************************************************************
2026-05-01 03:45:15,235 p=136586 u=ansible n=ansible | changed: [Master]
2026-05-01 03:45:15,288 p=136586 u=ansible n=ansible | TASK [master : Set join command fact] ********************************************************************************************************
2026-05-01 03:45:15,322 p=136586 u=ansible n=ansible | ok: [Master]
2026-05-01 03:45:15,346 p=136586 u=ansible n=ansible | TASK [master : Save join command to local file] **********************************************************************************************
2026-05-01 03:45:16,492 p=136586 u=ansible n=ansible | changed: [Master -> localhost]
2026-05-01 03:45:16,509 p=136586 u=ansible n=ansible | TASK [master : Install bash-completion] ******************************************************************************************************
2026-05-01 03:45:20,483 p=136586 u=ansible n=ansible | ok: [Master]
2026-05-01 03:45:20,522 p=136586 u=ansible n=ansible | TASK [master : Add kubectl bash completion] **************************************************************************************************
2026-05-01 03:45:21,905 p=136586 u=ansible n=ansible | ok: [Master]
2026-05-01 03:45:21,933 p=136586 u=ansible n=ansible | TASK [master : Add kubectl alias] ************************************************************************************************************
2026-05-01 03:45:22,784 p=136586 u=ansible n=ansible | ok: [Master]
2026-05-01 03:45:22,820 p=136586 u=ansible n=ansible | TASK [master : Print cluster info] ***********************************************************************************************************
2026-05-01 03:45:23,530 p=136586 u=ansible n=ansible | changed: [Master]
2026-05-01 03:45:23,544 p=136586 u=ansible n=ansible | TASK [master : Display cluster info] *********************************************************************************************************
2026-05-01 03:45:23,575 p=136586 u=ansible n=ansible | ok: [Master] => 
  cluster_info.stdout_lines:
  - Kubernetes control plane is running at https://192.168.1.18:6443
  - CoreDNS is running at https://192.168.1.18:6443/api/v1/namespaces/kube-system/services/kube-dns:dns/proxy
  - ''
  - To further debug and diagnose cluster problems, use 'kubectl cluster-info dump'.
2026-05-01 03:45:23,651 p=136586 u=ansible n=ansible | PLAY [Join worker nodes to the cluster] ******************************************************************************************************
2026-05-01 03:45:23,671 p=136586 u=ansible n=ansible | TASK [Gathering Facts] ***********************************************************************************************************************
2026-05-01 03:45:27,321 p=136586 u=ansible n=ansible | ok: [worker-01]
2026-05-01 03:45:27,356 p=136586 u=ansible n=ansible | TASK [worker : Check if node is already part of a cluster] ***********************************************************************************
2026-05-01 03:45:27,849 p=136586 u=ansible n=ansible | ok: [worker-01]
2026-05-01 03:45:27,867 p=136586 u=ansible n=ansible | TASK [worker : Read join command from local file] ********************************************************************************************
2026-05-01 03:45:27,893 p=136586 u=ansible n=ansible | skipping: [worker-01]
2026-05-01 03:45:27,906 p=136586 u=ansible n=ansible | TASK [worker : Join the Kubernetes cluster] **************************************************************************************************
2026-05-01 03:45:27,934 p=136586 u=ansible n=ansible | skipping: [worker-01]
2026-05-01 03:45:27,952 p=136586 u=ansible n=ansible | TASK [worker : Print join result] ************************************************************************************************************
2026-05-01 03:45:27,993 p=136586 u=ansible n=ansible | skipping: [worker-01]
2026-05-01 03:45:28,007 p=136586 u=ansible n=ansible | TASK [worker : Ensure kubelet is running on worker] ******************************************************************************************
2026-05-01 03:45:28,762 p=136586 u=ansible n=ansible | ok: [worker-01]
2026-05-01 03:45:28,831 p=136586 u=ansible n=ansible | PLAY [Verify cluster is healthy] *************************************************************************************************************
2026-05-01 03:45:28,890 p=136586 u=ansible n=ansible | TASK [Wait for all nodes to be Ready] ********************************************************************************************************
2026-05-01 03:45:29,751 p=136586 u=ansible n=ansible | changed: [Master]
2026-05-01 03:45:29,792 p=136586 u=ansible n=ansible | TASK [Get node status] ***********************************************************************************************************************
2026-05-01 03:45:30,445 p=136586 u=ansible n=ansible | changed: [Master]
2026-05-01 03:45:30,463 p=136586 u=ansible n=ansible | TASK [Display all nodes] *********************************************************************************************************************
2026-05-01 03:45:30,500 p=136586 u=ansible n=ansible | ok: [Master] => 
  nodes_output.stdout_lines:
  - NAME        STATUS   ROLES           AGE     VERSION    INTERNAL-IP    EXTERNAL-IP   OS-IMAGE                      KERNEL-VERSION                 CONTAINER-RUNTIME
  - master      Ready    control-plane   8m14s   v1.29.15   192.168.1.18   <none>        Rocky Linux 9.7 (Blue Onyx)   5.14.0-611.47.1.el9_7.x86_64   containerd://2.2.2
  - worker-01   Ready    <none>          3m26s   v1.29.15   192.168.1.19   <none>        Rocky Linux 9.7 (Blue Onyx)   5.14.0-611.47.1.el9_7.x86_64   containerd://2.2.2
2026-05-01 03:45:30,514 p=136586 u=ansible n=ansible | TASK [Get all pods across all namespaces] ****************************************************************************************************
2026-05-01 03:45:31,528 p=136586 u=ansible n=ansible | changed: [Master]
2026-05-01 03:45:31,559 p=136586 u=ansible n=ansible | TASK [Display all pods] **********************************************************************************************************************
2026-05-01 03:45:31,640 p=136586 u=ansible n=ansible | ok: [Master] => 
  pods_output.stdout_lines:
  - NAMESPACE     NAME                                       READY   STATUS    RESTARTS   AGE     IP               NODE        NOMINATED NODE   READINESS GATES
  - kube-system   calico-kube-controllers-5fc7d6cf67-7rmxg   1/1     Running   0          7m56s   192.168.219.66   master      <none>           <none>
  - kube-system   calico-node-lpz9s                          1/1     Running   0          7m56s   192.168.1.18     master      <none>           <none>
  - kube-system   calico-node-vws67                          1/1     Running   0          3m27s   192.168.1.19     worker-01   <none>           <none>
  - kube-system   coredns-76f75df574-dp65m                   1/1     Running   0          7m57s   192.168.219.67   master      <none>           <none>
  - kube-system   coredns-76f75df574-mzc4q                   1/1     Running   0          7m57s   192.168.219.65   master      <none>           <none>
  - kube-system   etcd-master                                1/1     Running   0          8m12s   192.168.1.18     master      <none>           <none>
  - kube-system   kube-apiserver-master                      1/1     Running   0          8m11s   192.168.1.18     master      <none>           <none>
  - kube-system   kube-controller-manager-master             1/1     Running   0          8m12s   192.168.1.18     master      <none>           <none>
  - kube-system   kube-proxy-2kgxq                           1/1     Running   0          7m57s   192.168.1.18     master      <none>           <none>
  - kube-system   kube-proxy-gmcrv                           1/1     Running   0          3m27s   192.168.1.19     worker-01   <none>           <none>
  - kube-system   kube-scheduler-master                      1/1     Running   0          8m10s   192.168.1.18     master      <none>           <none>
2026-05-01 03:45:31,751 p=136586 u=ansible n=ansible | PLAY RECAP ***********************************************************************************************************************************
2026-05-01 03:45:31,752 p=136586 u=ansible n=ansible | Master                     : ok=44   changed=9    unreachable=0    failed=0    skipped=6    rescued=0    ignored=0   
2026-05-01 03:45:31,753 p=136586 u=ansible n=ansible | worker-01                  : ok=26   changed=2    unreachable=0    failed=0    skipped=5    rescued=0    ignored=0   
2026-05-01 18:47:30,251 p=7223 u=ansible n=ansible | Master | SUCCESS => {
    "ansible_facts": {
        "discovered_interpreter_python": "/usr/bin/python3"
    },
    "changed": false,
    "ping": "pong"
}
2026-05-01 18:47:31,072 p=7223 u=ansible n=ansible | worker-01 | SUCCESS => {
    "ansible_facts": {
        "discovered_interpreter_python": "/usr/bin/python3"
    },
    "changed": false,
    "ping": "pong"
}
2026-05-01 18:47:31,224 p=7223 u=ansible n=ansible | worker-02 | SUCCESS => {
    "ansible_facts": {
        "discovered_interpreter_python": "/usr/bin/python3"
    },
    "changed": false,
    "ping": "pong"
}
2026-05-01 18:49:35,962 p=7470 u=ansible n=ansible | PLAY [Configure all cluster nodes (common prerequisites)] **********************
2026-05-01 18:49:36,000 p=7470 u=ansible n=ansible | TASK [Gathering Facts] *********************************************************
2026-05-01 18:49:39,985 p=7470 u=ansible n=ansible | ok: [worker-02]
2026-05-01 18:49:40,213 p=7470 u=ansible n=ansible | ok: [Master]
2026-05-01 18:49:41,403 p=7470 u=ansible n=ansible | ok: [worker-01]
2026-05-01 18:49:41,518 p=7470 u=ansible n=ansible | TASK [common : Disable swap immediately] ***************************************
2026-05-01 18:49:42,305 p=7470 u=ansible n=ansible | changed: [Master]
2026-05-01 18:49:42,321 p=7470 u=ansible n=ansible | changed: [worker-02]
2026-05-01 18:49:42,719 p=7470 u=ansible n=ansible | changed: [worker-01]
2026-05-01 18:49:42,752 p=7470 u=ansible n=ansible | TASK [common : Remove swap from /etc/fstab] ************************************
2026-05-01 18:49:43,525 p=7470 u=ansible n=ansible | ok: [Master]
2026-05-01 18:49:43,572 p=7470 u=ansible n=ansible | ok: [worker-02]
2026-05-01 18:49:43,591 p=7470 u=ansible n=ansible | ok: [worker-01]
2026-05-01 18:49:43,604 p=7470 u=ansible n=ansible | TASK [common : Set hostname] ***************************************************
2026-05-01 18:49:44,943 p=7470 u=ansible n=ansible | ok: [Master]
2026-05-01 18:49:45,030 p=7470 u=ansible n=ansible | ok: [worker-01]
2026-05-01 18:49:45,135 p=7470 u=ansible n=ansible | ok: [worker-02]
2026-05-01 18:49:45,155 p=7470 u=ansible n=ansible | TASK [common : Update /etc/hosts with all cluster nodes] ***********************
2026-05-01 18:49:45,913 p=7470 u=ansible n=ansible | [WARNING]: Module remote_tmp /root/.ansible/tmp did not exist and was created
with a mode of 0700, this may cause issues when running as another user. To
avoid this, create the remote_tmp dir with the correct permissions manually

2026-05-01 18:49:45,914 p=7470 u=ansible n=ansible | changed: [worker-02]
2026-05-01 18:49:45,920 p=7470 u=ansible n=ansible | changed: [Master]
2026-05-01 18:49:45,973 p=7470 u=ansible n=ansible | changed: [worker-01]
2026-05-01 18:49:45,986 p=7470 u=ansible n=ansible | TASK [common : Set SELinux to permissive mode (runtime)] ***********************
2026-05-01 18:49:46,495 p=7470 u=ansible n=ansible | changed: [Master]
2026-05-01 18:49:46,499 p=7470 u=ansible n=ansible | changed: [worker-02]
2026-05-01 18:49:46,530 p=7470 u=ansible n=ansible | changed: [worker-01]
2026-05-01 18:49:46,542 p=7470 u=ansible n=ansible | TASK [common : Set SELinux to permissive mode (permanent)] *********************
2026-05-01 18:49:47,056 p=7470 u=ansible n=ansible | ok: [Master]
2026-05-01 18:49:47,097 p=7470 u=ansible n=ansible | ok: [worker-01]
2026-05-01 18:49:47,113 p=7470 u=ansible n=ansible | changed: [worker-02]
2026-05-01 18:49:47,127 p=7470 u=ansible n=ansible | TASK [common : Ensure firewalld is started] ************************************
2026-05-01 18:49:48,467 p=7470 u=ansible n=ansible | ok: [worker-02]
2026-05-01 18:49:48,698 p=7470 u=ansible n=ansible | ok: [worker-01]
2026-05-01 18:49:48,758 p=7470 u=ansible n=ansible | ok: [Master]
2026-05-01 18:49:48,791 p=7470 u=ansible n=ansible | TASK [common : Open required ports on control plane] ***************************
2026-05-01 18:49:48,923 p=7470 u=ansible n=ansible | skipping: [worker-01] => (item=6443/tcp) 
2026-05-01 18:49:48,926 p=7470 u=ansible n=ansible | skipping: [worker-01] => (item=2379/tcp) 
2026-05-01 18:49:48,933 p=7470 u=ansible n=ansible | skipping: [worker-01] => (item=2380/tcp) 
2026-05-01 18:49:48,943 p=7470 u=ansible n=ansible | skipping: [worker-02] => (item=6443/tcp) 
2026-05-01 18:49:48,955 p=7470 u=ansible n=ansible | skipping: [worker-01] => (item=10250/tcp) 
2026-05-01 18:49:48,957 p=7470 u=ansible n=ansible | skipping: [worker-01] => (item=10257/tcp) 
2026-05-01 18:49:48,959 p=7470 u=ansible n=ansible | skipping: [worker-01] => (item=10259/tcp) 
2026-05-01 18:49:48,964 p=7470 u=ansible n=ansible | skipping: [worker-02] => (item=2379/tcp) 
2026-05-01 18:49:48,974 p=7470 u=ansible n=ansible | skipping: [worker-01] => (item=179/tcp) 
2026-05-01 18:49:48,975 p=7470 u=ansible n=ansible | skipping: [worker-01] => (item=4789/udp) 
2026-05-01 18:49:48,977 p=7470 u=ansible n=ansible | skipping: [worker-01]
2026-05-01 18:49:48,983 p=7470 u=ansible n=ansible | skipping: [worker-02] => (item=2380/tcp) 
2026-05-01 18:49:48,984 p=7470 u=ansible n=ansible | skipping: [worker-02] => (item=10250/tcp) 
2026-05-01 18:49:48,986 p=7470 u=ansible n=ansible | skipping: [worker-02] => (item=10257/tcp) 
2026-05-01 18:49:48,987 p=7470 u=ansible n=ansible | skipping: [worker-02] => (item=10259/tcp) 
2026-05-01 18:49:48,988 p=7470 u=ansible n=ansible | skipping: [worker-02] => (item=179/tcp) 
2026-05-01 18:49:48,993 p=7470 u=ansible n=ansible | skipping: [worker-02] => (item=4789/udp) 
2026-05-01 18:49:48,995 p=7470 u=ansible n=ansible | skipping: [worker-02]
2026-05-01 18:49:50,104 p=7470 u=ansible n=ansible | ok: [Master] => (item=6443/tcp)
2026-05-01 18:49:50,843 p=7470 u=ansible n=ansible | ok: [Master] => (item=2379/tcp)
2026-05-01 18:49:51,593 p=7470 u=ansible n=ansible | ok: [Master] => (item=2380/tcp)
2026-05-01 18:49:52,322 p=7470 u=ansible n=ansible | ok: [Master] => (item=10250/tcp)
2026-05-01 18:49:53,080 p=7470 u=ansible n=ansible | ok: [Master] => (item=10257/tcp)
2026-05-01 18:49:54,013 p=7470 u=ansible n=ansible | ok: [Master] => (item=10259/tcp)
2026-05-01 18:49:54,923 p=7470 u=ansible n=ansible | ok: [Master] => (item=179/tcp)
2026-05-01 18:49:55,906 p=7470 u=ansible n=ansible | ok: [Master] => (item=4789/udp)
2026-05-01 18:49:55,944 p=7470 u=ansible n=ansible | TASK [common : Open required ports on worker nodes] ****************************
2026-05-01 18:49:56,043 p=7470 u=ansible n=ansible | skipping: [Master] => (item=10250/tcp) 
2026-05-01 18:49:56,044 p=7470 u=ansible n=ansible | skipping: [Master] => (item=30000-32767/tcp) 
2026-05-01 18:49:56,057 p=7470 u=ansible n=ansible | skipping: [Master] => (item=179/tcp) 
2026-05-01 18:49:56,066 p=7470 u=ansible n=ansible | skipping: [Master] => (item=4789/udp) 
2026-05-01 18:49:56,071 p=7470 u=ansible n=ansible | skipping: [Master]
2026-05-01 18:49:56,901 p=7470 u=ansible n=ansible | changed: [worker-02] => (item=10250/tcp)
2026-05-01 18:49:57,325 p=7470 u=ansible n=ansible | ok: [worker-01] => (item=10250/tcp)
2026-05-01 18:49:57,924 p=7470 u=ansible n=ansible | changed: [worker-02] => (item=30000-32767/tcp)
2026-05-01 18:49:58,192 p=7470 u=ansible n=ansible | ok: [worker-01] => (item=30000-32767/tcp)
2026-05-01 18:49:58,809 p=7470 u=ansible n=ansible | changed: [worker-02] => (item=179/tcp)
2026-05-01 18:49:58,968 p=7470 u=ansible n=ansible | ok: [worker-01] => (item=179/tcp)
2026-05-01 18:49:59,565 p=7470 u=ansible n=ansible | changed: [worker-02] => (item=4789/udp)
2026-05-01 18:49:59,703 p=7470 u=ansible n=ansible | ok: [worker-01] => (item=4789/udp)
2026-05-01 18:49:59,986 p=7470 u=ansible n=ansible | TASK [common : Load kernel modules config] *************************************
2026-05-01 18:50:02,510 p=7470 u=ansible n=ansible | changed: [worker-02]
2026-05-01 18:50:03,141 p=7470 u=ansible n=ansible | ok: [Master]
2026-05-01 18:50:03,617 p=7470 u=ansible n=ansible | ok: [worker-01]
2026-05-01 18:50:03,633 p=7470 u=ansible n=ansible | TASK [common : Load overlay module] ********************************************
2026-05-01 18:50:04,463 p=7470 u=ansible n=ansible | ok: [Master]
2026-05-01 18:50:04,573 p=7470 u=ansible n=ansible | ok: [worker-01]
2026-05-01 18:50:04,609 p=7470 u=ansible n=ansible | changed: [worker-02]
2026-05-01 18:50:04,626 p=7470 u=ansible n=ansible | TASK [common : Load br_netfilter module] ***************************************
2026-05-01 18:50:05,112 p=7470 u=ansible n=ansible | ok: [Master]
2026-05-01 18:50:05,175 p=7470 u=ansible n=ansible | ok: [worker-01]
2026-05-01 18:50:05,257 p=7470 u=ansible n=ansible | changed: [worker-02]
2026-05-01 18:50:05,270 p=7470 u=ansible n=ansible | TASK [common : Set sysctl params for Kubernetes] *******************************
2026-05-01 18:50:06,527 p=7470 u=ansible n=ansible | ok: [Master]
2026-05-01 18:50:07,161 p=7470 u=ansible n=ansible | changed: [worker-02]
2026-05-01 18:50:07,344 p=7470 u=ansible n=ansible | ok: [worker-01]
2026-05-01 18:50:07,366 p=7470 u=ansible n=ansible | TASK [common : Apply sysctl params] ********************************************
2026-05-01 18:50:07,965 p=7470 u=ansible n=ansible | changed: [Master]
2026-05-01 18:50:07,994 p=7470 u=ansible n=ansible | changed: [worker-02]
2026-05-01 18:50:08,494 p=7470 u=ansible n=ansible | changed: [worker-01]
2026-05-01 18:50:08,524 p=7470 u=ansible n=ansible | TASK [common : Install required packages] **************************************
2026-05-01 18:50:22,611 p=7470 u=ansible n=ansible | changed: [worker-02]
2026-05-01 18:50:42,830 p=7470 u=ansible n=ansible | ok: [Master]
2026-05-01 18:58:51,583 p=7470 u=ansible n=ansible | ok: [worker-01]
2026-05-01 18:58:51,627 p=7470 u=ansible n=ansible | TASK [common : Add Docker repo (contains containerd)] **************************
2026-05-01 18:58:52,315 p=7470 u=ansible n=ansible | ok: [worker-01]
2026-05-01 18:58:52,362 p=7470 u=ansible n=ansible | ok: [Master]
2026-05-01 18:58:53,853 p=7470 u=ansible n=ansible | changed: [worker-02]
2026-05-01 18:58:53,866 p=7470 u=ansible n=ansible | TASK [common : Install containerd] *********************************************
2026-05-01 18:58:56,828 p=7470 u=ansible n=ansible | ok: [Master]
2026-05-01 18:58:59,748 p=7470 u=ansible n=ansible | ok: [worker-01]
2026-05-01 18:59:15,468 p=7470 u=ansible n=ansible | changed: [worker-02]
2026-05-01 18:59:15,479 p=7470 u=ansible n=ansible | TASK [common : Create containerd config directory] *****************************
2026-05-01 18:59:15,955 p=7470 u=ansible n=ansible | ok: [Master]
2026-05-01 18:59:16,006 p=7470 u=ansible n=ansible | ok: [worker-02]
2026-05-01 18:59:16,102 p=7470 u=ansible n=ansible | ok: [worker-01]
2026-05-01 18:59:16,160 p=7470 u=ansible n=ansible | TASK [common : Generate default containerd config] *****************************
2026-05-01 18:59:16,927 p=7470 u=ansible n=ansible | ok: [Master]
2026-05-01 18:59:16,986 p=7470 u=ansible n=ansible | ok: [worker-01]
2026-05-01 18:59:17,000 p=7470 u=ansible n=ansible | ok: [worker-02]
2026-05-01 18:59:17,016 p=7470 u=ansible n=ansible | TASK [common : Enable SystemdCgroup in containerd config] **********************
2026-05-01 18:59:17,493 p=7470 u=ansible n=ansible | ok: [Master]
2026-05-01 18:59:17,564 p=7470 u=ansible n=ansible | ok: [worker-02]
2026-05-01 18:59:17,583 p=7470 u=ansible n=ansible | ok: [worker-01]
2026-05-01 18:59:17,597 p=7470 u=ansible n=ansible | TASK [common : Enable and start containerd] ************************************
2026-05-01 18:59:18,423 p=7470 u=ansible n=ansible | ok: [Master]
2026-05-01 18:59:18,555 p=7470 u=ansible n=ansible | ok: [worker-01]
2026-05-01 18:59:19,133 p=7470 u=ansible n=ansible | changed: [worker-02]
2026-05-01 18:59:19,145 p=7470 u=ansible n=ansible | TASK [common : Add Kubernetes yum repository] **********************************
2026-05-01 18:59:20,227 p=7470 u=ansible n=ansible | ok: [Master]
2026-05-01 18:59:20,989 p=7470 u=ansible n=ansible | ok: [worker-01]
2026-05-01 18:59:21,015 p=7470 u=ansible n=ansible | changed: [worker-02]
2026-05-01 18:59:21,030 p=7470 u=ansible n=ansible | TASK [common : Install kubelet, kubeadm, kubectl] ******************************
2026-05-01 18:59:23,734 p=7470 u=ansible n=ansible | ok: [Master]
2026-05-01 18:59:24,657 p=7470 u=ansible n=ansible | ok: [worker-01]
2026-05-01 19:00:04,467 p=7470 u=ansible n=ansible | changed: [worker-02]
2026-05-01 19:00:04,485 p=7470 u=ansible n=ansible | TASK [common : Enable and start kubelet] ***************************************
2026-05-01 19:00:05,358 p=7470 u=ansible n=ansible | ok: [worker-01]
2026-05-01 19:00:05,363 p=7470 u=ansible n=ansible | ok: [Master]
2026-05-01 19:00:05,794 p=7470 u=ansible n=ansible | changed: [worker-02]
2026-05-01 19:00:06,034 p=7470 u=ansible n=ansible | PLAY [Initialize Kubernetes control plane] *************************************
2026-05-01 19:00:06,055 p=7470 u=ansible n=ansible | TASK [Gathering Facts] *********************************************************
2026-05-01 19:00:08,510 p=7470 u=ansible n=ansible | ok: [Master]
2026-05-01 19:00:08,583 p=7470 u=ansible n=ansible | TASK [master : Check if Kubernetes is already initialized] *********************
2026-05-01 19:00:09,627 p=7470 u=ansible n=ansible | ok: [Master]
2026-05-01 19:00:09,661 p=7470 u=ansible n=ansible | TASK [master : Initialize Kubernetes control plane with kubeadm] ***************
2026-05-01 19:00:09,726 p=7470 u=ansible n=ansible | skipping: [Master]
2026-05-01 19:00:09,792 p=7470 u=ansible n=ansible | TASK [master : Print kubeadm init output] **************************************
2026-05-01 19:00:09,961 p=7470 u=ansible n=ansible | skipping: [Master]
2026-05-01 19:00:10,005 p=7470 u=ansible n=ansible | TASK [master : Create .kube directory for root] ********************************
2026-05-01 19:00:10,796 p=7470 u=ansible n=ansible | ok: [Master]
2026-05-01 19:00:10,811 p=7470 u=ansible n=ansible | TASK [master : Copy admin.conf to root's .kube/config] *************************
2026-05-01 19:00:11,728 p=7470 u=ansible n=ansible | ok: [Master]
2026-05-01 19:00:11,747 p=7470 u=ansible n=ansible | TASK [master : Create .kube directory for ansible user] ************************
2026-05-01 19:00:12,176 p=7470 u=ansible n=ansible | ok: [Master]
2026-05-01 19:00:12,189 p=7470 u=ansible n=ansible | TASK [master : Copy admin.conf to ansible user's .kube/config] *****************
2026-05-01 19:00:12,613 p=7470 u=ansible n=ansible | ok: [Master]
2026-05-01 19:00:12,625 p=7470 u=ansible n=ansible | TASK [master : Check if Calico is already installed] ***************************
2026-05-01 19:00:13,609 p=7470 u=ansible n=ansible | fatal: [Master]: FAILED! => changed=false 
  cmd:
  - kubectl
  - get
  - daemonset
  - calico-node
  - -n
  - kube-system
  delta: '0:00:00.546979'
  end: '2026-05-01 19:00:13.556292'
  msg: non-zero return code
  rc: 1
  start: '2026-05-01 19:00:13.009313'
  stderr: |-
    E0501 19:00:13.515801    9510 memcache.go:265] "Unhandled Error" err="couldn't get current server API group list: Get \"https://192.168.1.18:6443/api?timeout=32s\": dial tcp 192.168.1.18:6443: connect: connection refused"
    E0501 19:00:13.521742    9510 memcache.go:265] "Unhandled Error" err="couldn't get current server API group list: Get \"https://192.168.1.18:6443/api?timeout=32s\": dial tcp 192.168.1.18:6443: connect: connection refused"
    E0501 19:00:13.533986    9510 memcache.go:265] "Unhandled Error" err="couldn't get current server API group list: Get \"https://192.168.1.18:6443/api?timeout=32s\": dial tcp 192.168.1.18:6443: connect: connection refused"
    E0501 19:00:13.543459    9510 memcache.go:265] "Unhandled Error" err="couldn't get current server API group list: Get \"https://192.168.1.18:6443/api?timeout=32s\": dial tcp 192.168.1.18:6443: connect: connection refused"
    E0501 19:00:13.553101    9510 memcache.go:265] "Unhandled Error" err="couldn't get current server API group list: Get \"https://192.168.1.18:6443/api?timeout=32s\": dial tcp 192.168.1.18:6443: connect: connection refused"
    The connection to the server 192.168.1.18:6443 was refused - did you specify the right host or port?
  stderr_lines: <omitted>
  stdout: ''
  stdout_lines: <omitted>
2026-05-01 19:00:13,610 p=7470 u=ansible n=ansible | ...ignoring
2026-05-01 19:00:13,624 p=7470 u=ansible n=ansible | TASK [master : Download Calico manifest] ***************************************
2026-05-01 19:00:15,644 p=7470 u=ansible n=ansible | ok: [Master]
2026-05-01 19:00:15,666 p=7470 u=ansible n=ansible | TASK [master : Apply Calico CNI manifest] **************************************
2026-05-01 19:00:16,929 p=7470 u=ansible n=ansible | fatal: [Master]: FAILED! => changed=true 
  cmd:
  - kubectl
  - apply
  - -f
  - /tmp/calico.yaml
  delta: '0:00:00.259752'
  end: '2026-05-01 19:00:16.808216'
  msg: non-zero return code
  rc: 1
  start: '2026-05-01 19:00:16.548464'
  stderr: 'error: error validating "/tmp/calico.yaml": error validating data: failed to download openapi: Get "https://192.168.1.18:6443/openapi/v2?timeout=32s": dial tcp 192.168.1.18:6443: connect: connection refused; if you choose to ignore these errors, turn validation off with --validate=false'
  stderr_lines: <omitted>
  stdout: ''
  stdout_lines: <omitted>
2026-05-01 19:00:16,932 p=7470 u=ansible n=ansible | PLAY RECAP *********************************************************************
2026-05-01 19:00:16,933 p=7470 u=ansible n=ansible | Master                     : ok=32   changed=4    unreachable=0    failed=1    skipped=3    rescued=0    ignored=1   
2026-05-01 19:00:16,934 p=7470 u=ansible n=ansible | worker-01                  : ok=24   changed=4    unreachable=0    failed=0    skipped=1    rescued=0    ignored=0   
2026-05-01 19:00:16,934 p=7470 u=ansible n=ansible | worker-02                  : ok=24   changed=17   unreachable=0    failed=0    skipped=1    rescued=0    ignored=0   
2026-05-01 19:02:38,265 p=9716 u=ansible n=ansible | PLAY [Configure all cluster nodes (common prerequisites)] *****************************************************************
2026-05-01 19:02:38,384 p=9716 u=ansible n=ansible | PLAY [Initialize Kubernetes control plane] ********************************************************************************
2026-05-01 19:02:38,432 p=9716 u=ansible n=ansible | PLAY [Join worker nodes to the cluster] ***********************************************************************************
2026-05-01 19:02:38,501 p=9716 u=ansible n=ansible | PLAY [Verify cluster is healthy] ******************************************************************************************
2026-05-01 19:02:38,534 p=9716 u=ansible n=ansible | PLAY RECAP ****************************************************************************************************************
2026-05-01 19:02:49,896 p=9724 u=ansible n=ansible | PLAY [Configure all cluster nodes (common prerequisites)] *****************************************************************
2026-05-01 19:02:49,931 p=9724 u=ansible n=ansible | TASK [Gathering Facts] ****************************************************************************************************
2026-05-01 19:02:53,637 p=9724 u=ansible n=ansible | ok: [worker-02]
2026-05-01 19:02:53,644 p=9724 u=ansible n=ansible | ok: [worker-01]
2026-05-01 19:02:53,836 p=9724 u=ansible n=ansible | ok: [Master]
2026-05-01 19:02:53,985 p=9724 u=ansible n=ansible | TASK [common : Disable swap immediately] **********************************************************************************
2026-05-01 19:02:54,045 p=9724 u=ansible n=ansible | skipping: [Master]
2026-05-01 19:02:54,047 p=9724 u=ansible n=ansible | skipping: [worker-01]
2026-05-01 19:02:54,064 p=9724 u=ansible n=ansible | skipping: [worker-02]
2026-05-01 19:02:54,080 p=9724 u=ansible n=ansible | TASK [common : Remove swap from /etc/fstab] *******************************************************************************
2026-05-01 19:02:54,972 p=9724 u=ansible n=ansible | ok: [worker-02]
2026-05-01 19:02:54,975 p=9724 u=ansible n=ansible | ok: [Master]
2026-05-01 19:02:55,006 p=9724 u=ansible n=ansible | ok: [worker-01]
2026-05-01 19:02:55,023 p=9724 u=ansible n=ansible | TASK [common : Set hostname] **********************************************************************************************
2026-05-01 19:02:57,090 p=9724 u=ansible n=ansible | ok: [worker-02]
2026-05-01 19:02:57,094 p=9724 u=ansible n=ansible | ok: [worker-01]
2026-05-01 19:02:58,545 p=9724 u=ansible n=ansible | ok: [Master]
2026-05-01 19:02:58,579 p=9724 u=ansible n=ansible | TASK [common : Update /etc/hosts with all cluster nodes] ******************************************************************
2026-05-01 19:02:59,514 p=9724 u=ansible n=ansible | ok: [Master]
2026-05-01 19:02:59,545 p=9724 u=ansible n=ansible | ok: [worker-01]
2026-05-01 19:02:59,571 p=9724 u=ansible n=ansible | ok: [worker-02]
2026-05-01 19:02:59,588 p=9724 u=ansible n=ansible | TASK [common : Set SELinux to permissive mode (runtime)] ******************************************************************
2026-05-01 19:03:00,366 p=9724 u=ansible n=ansible | changed: [Master]
2026-05-01 19:03:00,404 p=9724 u=ansible n=ansible | changed: [worker-02]
2026-05-01 19:03:00,470 p=9724 u=ansible n=ansible | changed: [worker-01]
2026-05-01 19:03:00,482 p=9724 u=ansible n=ansible | TASK [common : Set SELinux to permissive mode (permanent)] ****************************************************************
2026-05-01 19:03:01,030 p=9724 u=ansible n=ansible | ok: [Master]
2026-05-01 19:03:01,096 p=9724 u=ansible n=ansible | ok: [worker-01]
2026-05-01 19:03:01,128 p=9724 u=ansible n=ansible | ok: [worker-02]
2026-05-01 19:03:01,142 p=9724 u=ansible n=ansible | TASK [common : Ensure firewalld is started] *******************************************************************************
2026-05-01 19:03:02,528 p=9724 u=ansible n=ansible | ok: [Master]
2026-05-01 19:03:02,649 p=9724 u=ansible n=ansible | ok: [worker-02]
2026-05-01 19:03:02,674 p=9724 u=ansible n=ansible | ok: [worker-01]
2026-05-01 19:03:02,688 p=9724 u=ansible n=ansible | TASK [common : Open required ports on control plane] **********************************************************************
2026-05-01 19:03:02,755 p=9724 u=ansible n=ansible | skipping: [worker-01] => (item=6443/tcp) 
2026-05-01 19:03:02,761 p=9724 u=ansible n=ansible | skipping: [worker-01] => (item=2379/tcp) 
2026-05-01 19:03:02,762 p=9724 u=ansible n=ansible | skipping: [worker-01] => (item=2380/tcp) 
2026-05-01 19:03:02,771 p=9724 u=ansible n=ansible | skipping: [worker-01] => (item=10250/tcp) 
2026-05-01 19:03:02,779 p=9724 u=ansible n=ansible | skipping: [worker-01] => (item=10257/tcp) 
2026-05-01 19:03:02,781 p=9724 u=ansible n=ansible | skipping: [worker-01] => (item=10259/tcp) 
2026-05-01 19:03:02,791 p=9724 u=ansible n=ansible | skipping: [worker-01] => (item=179/tcp) 
2026-05-01 19:03:02,793 p=9724 u=ansible n=ansible | skipping: [worker-01] => (item=4789/udp) 
2026-05-01 19:03:02,795 p=9724 u=ansible n=ansible | skipping: [worker-02] => (item=6443/tcp) 
2026-05-01 19:03:02,796 p=9724 u=ansible n=ansible | skipping: [worker-01]
2026-05-01 19:03:02,800 p=9724 u=ansible n=ansible | skipping: [worker-02] => (item=2379/tcp) 
2026-05-01 19:03:02,813 p=9724 u=ansible n=ansible | skipping: [worker-02] => (item=2380/tcp) 
2026-05-01 19:03:02,818 p=9724 u=ansible n=ansible | skipping: [worker-02] => (item=10250/tcp) 
2026-05-01 19:03:02,826 p=9724 u=ansible n=ansible | skipping: [worker-02] => (item=10257/tcp) 
2026-05-01 19:03:02,833 p=9724 u=ansible n=ansible | skipping: [worker-02] => (item=10259/tcp) 
2026-05-01 19:03:02,835 p=9724 u=ansible n=ansible | skipping: [worker-02] => (item=179/tcp) 
2026-05-01 19:03:02,840 p=9724 u=ansible n=ansible | skipping: [worker-02] => (item=4789/udp) 
2026-05-01 19:03:02,842 p=9724 u=ansible n=ansible | skipping: [worker-02]
2026-05-01 19:03:04,672 p=9724 u=ansible n=ansible | ok: [Master] => (item=6443/tcp)
2026-05-01 19:03:05,490 p=9724 u=ansible n=ansible | ok: [Master] => (item=2379/tcp)
2026-05-01 19:03:06,318 p=9724 u=ansible n=ansible | ok: [Master] => (item=2380/tcp)
2026-05-01 19:03:06,960 p=9724 u=ansible n=ansible | ok: [Master] => (item=10250/tcp)
2026-05-01 19:03:07,700 p=9724 u=ansible n=ansible | ok: [Master] => (item=10257/tcp)
2026-05-01 19:03:08,390 p=9724 u=ansible n=ansible | ok: [Master] => (item=10259/tcp)
2026-05-01 19:03:09,063 p=9724 u=ansible n=ansible | ok: [Master] => (item=179/tcp)
2026-05-01 19:03:09,639 p=9724 u=ansible n=ansible | ok: [Master] => (item=4789/udp)
2026-05-01 19:03:09,655 p=9724 u=ansible n=ansible | TASK [common : Open required ports on worker nodes] ***********************************************************************
2026-05-01 19:03:09,693 p=9724 u=ansible n=ansible | skipping: [Master] => (item=10250/tcp) 
2026-05-01 19:03:09,703 p=9724 u=ansible n=ansible | skipping: [Master] => (item=30000-32767/tcp) 
2026-05-01 19:03:09,704 p=9724 u=ansible n=ansible | skipping: [Master] => (item=179/tcp) 
2026-05-01 19:03:09,712 p=9724 u=ansible n=ansible | skipping: [Master] => (item=4789/udp) 
2026-05-01 19:03:09,722 p=9724 u=ansible n=ansible | skipping: [Master]
2026-05-01 19:03:10,611 p=9724 u=ansible n=ansible | ok: [worker-02] => (item=10250/tcp)
2026-05-01 19:03:10,688 p=9724 u=ansible n=ansible | ok: [worker-01] => (item=10250/tcp)
2026-05-01 19:03:11,390 p=9724 u=ansible n=ansible | ok: [worker-02] => (item=30000-32767/tcp)
2026-05-01 19:03:11,473 p=9724 u=ansible n=ansible | ok: [worker-01] => (item=30000-32767/tcp)
2026-05-01 19:03:12,171 p=9724 u=ansible n=ansible | ok: [worker-02] => (item=179/tcp)
2026-05-01 19:03:12,287 p=9724 u=ansible n=ansible | ok: [worker-01] => (item=179/tcp)
2026-05-01 19:03:12,981 p=9724 u=ansible n=ansible | ok: [worker-02] => (item=4789/udp)
2026-05-01 19:03:13,074 p=9724 u=ansible n=ansible | ok: [worker-01] => (item=4789/udp)
2026-05-01 19:03:13,122 p=9724 u=ansible n=ansible | TASK [common : Load kernel modules config] ********************************************************************************
2026-05-01 19:03:15,211 p=9724 u=ansible n=ansible | ok: [Master]
2026-05-01 19:03:15,349 p=9724 u=ansible n=ansible | ok: [worker-02]
2026-05-01 19:03:15,384 p=9724 u=ansible n=ansible | ok: [worker-01]
2026-05-01 19:03:15,399 p=9724 u=ansible n=ansible | TASK [common : Load overlay module] ***************************************************************************************
2026-05-01 19:03:16,229 p=9724 u=ansible n=ansible | ok: [Master]
2026-05-01 19:03:16,287 p=9724 u=ansible n=ansible | ok: [worker-02]
2026-05-01 19:03:16,329 p=9724 u=ansible n=ansible | ok: [worker-01]
2026-05-01 19:03:16,343 p=9724 u=ansible n=ansible | TASK [common : Load br_netfilter module] **********************************************************************************
2026-05-01 19:03:16,834 p=9724 u=ansible n=ansible | ok: [Master]
2026-05-01 19:03:16,924 p=9724 u=ansible n=ansible | ok: [worker-01]
2026-05-01 19:03:16,935 p=9724 u=ansible n=ansible | ok: [worker-02]
2026-05-01 19:03:16,950 p=9724 u=ansible n=ansible | TASK [common : Set sysctl params for Kubernetes] **************************************************************************
2026-05-01 19:03:18,098 p=9724 u=ansible n=ansible | ok: [Master]
2026-05-01 19:03:18,601 p=9724 u=ansible n=ansible | ok: [worker-01]
2026-05-01 19:03:18,626 p=9724 u=ansible n=ansible | ok: [worker-02]
2026-05-01 19:03:18,647 p=9724 u=ansible n=ansible | TASK [common : Apply sysctl params] ***************************************************************************************
2026-05-01 19:03:19,338 p=9724 u=ansible n=ansible | changed: [worker-02]
2026-05-01 19:03:19,402 p=9724 u=ansible n=ansible | changed: [worker-01]
2026-05-01 19:03:19,432 p=9724 u=ansible n=ansible | changed: [Master]
2026-05-01 19:03:19,451 p=9724 u=ansible n=ansible | TASK [common : Install required packages] *********************************************************************************
2026-05-01 19:03:21,812 p=9724 u=ansible n=ansible | ok: [worker-02]
2026-05-01 19:03:23,052 p=9724 u=ansible n=ansible | ok: [worker-01]
2026-05-01 19:03:29,315 p=9724 u=ansible n=ansible | ok: [Master]
2026-05-01 19:03:29,347 p=9724 u=ansible n=ansible | TASK [common : Add Docker repo (contains containerd)] *********************************************************************
2026-05-01 19:03:29,880 p=9724 u=ansible n=ansible | ok: [Master]
2026-05-01 19:03:29,938 p=9724 u=ansible n=ansible | ok: [worker-01]
2026-05-01 19:03:29,945 p=9724 u=ansible n=ansible | ok: [worker-02]
2026-05-01 19:03:29,963 p=9724 u=ansible n=ansible | TASK [common : Install containerd] ****************************************************************************************
2026-05-01 19:03:31,446 p=9724 u=ansible n=ansible | ok: [worker-02]
2026-05-01 19:03:32,692 p=9724 u=ansible n=ansible | ok: [worker-01]
2026-05-01 19:03:33,325 p=9724 u=ansible n=ansible | ok: [Master]
2026-05-01 19:03:33,343 p=9724 u=ansible n=ansible | TASK [common : Create containerd config directory] ************************************************************************
2026-05-01 19:03:33,857 p=9724 u=ansible n=ansible | ok: [Master]
2026-05-01 19:03:33,914 p=9724 u=ansible n=ansible | ok: [worker-01]
2026-05-01 19:03:33,931 p=9724 u=ansible n=ansible | ok: [worker-02]
2026-05-01 19:03:33,945 p=9724 u=ansible n=ansible | TASK [common : Generate default containerd config] ************************************************************************
2026-05-01 19:03:34,429 p=9724 u=ansible n=ansible | ok: [Master]
2026-05-01 19:03:34,534 p=9724 u=ansible n=ansible | ok: [worker-02]
2026-05-01 19:03:34,540 p=9724 u=ansible n=ansible | ok: [worker-01]
2026-05-01 19:03:34,553 p=9724 u=ansible n=ansible | TASK [common : Enable SystemdCgroup in containerd config] *****************************************************************
2026-05-01 19:03:35,060 p=9724 u=ansible n=ansible | ok: [Master]
2026-05-01 19:03:35,150 p=9724 u=ansible n=ansible | ok: [worker-02]
2026-05-01 19:03:35,192 p=9724 u=ansible n=ansible | ok: [worker-01]
2026-05-01 19:03:35,206 p=9724 u=ansible n=ansible | TASK [common : Enable and start containerd] *******************************************************************************
2026-05-01 19:03:36,053 p=9724 u=ansible n=ansible | ok: [Master]
2026-05-01 19:03:36,171 p=9724 u=ansible n=ansible | ok: [worker-02]
2026-05-01 19:03:36,311 p=9724 u=ansible n=ansible | ok: [worker-01]
2026-05-01 19:03:36,356 p=9724 u=ansible n=ansible | TASK [common : Add Kubernetes yum repository] *****************************************************************************
2026-05-01 19:03:37,874 p=9724 u=ansible n=ansible | ok: [Master]
2026-05-01 19:03:38,279 p=9724 u=ansible n=ansible | ok: [worker-02]
2026-05-01 19:03:38,291 p=9724 u=ansible n=ansible | ok: [worker-01]
2026-05-01 19:03:38,307 p=9724 u=ansible n=ansible | TASK [common : Install kubelet, kubeadm, kubectl] *************************************************************************
2026-05-01 19:03:39,851 p=9724 u=ansible n=ansible | ok: [worker-02]
2026-05-01 19:03:41,139 p=9724 u=ansible n=ansible | ok: [Master]
2026-05-01 19:03:41,182 p=9724 u=ansible n=ansible | ok: [worker-01]
2026-05-01 19:03:41,196 p=9724 u=ansible n=ansible | TASK [common : Enable and start kubelet] **********************************************************************************
2026-05-01 19:03:42,092 p=9724 u=ansible n=ansible | ok: [Master]
2026-05-01 19:03:42,094 p=9724 u=ansible n=ansible | ok: [worker-01]
2026-05-01 19:03:42,110 p=9724 u=ansible n=ansible | ok: [worker-02]
2026-05-01 19:03:42,285 p=9724 u=ansible n=ansible | PLAY [Initialize Kubernetes control plane] ********************************************************************************
2026-05-01 19:03:42,308 p=9724 u=ansible n=ansible | TASK [Gathering Facts] ****************************************************************************************************
2026-05-01 19:03:43,896 p=9724 u=ansible n=ansible | ok: [Master]
2026-05-01 19:03:43,931 p=9724 u=ansible n=ansible | TASK [master : Check if Kubernetes is already initialized] ****************************************************************
2026-05-01 19:03:44,397 p=9724 u=ansible n=ansible | ok: [Master]
2026-05-01 19:03:44,417 p=9724 u=ansible n=ansible | TASK [master : Initialize Kubernetes control plane with kubeadm] **********************************************************
2026-05-01 19:03:44,447 p=9724 u=ansible n=ansible | skipping: [Master]
2026-05-01 19:03:44,462 p=9724 u=ansible n=ansible | TASK [master : Print kubeadm init output] *********************************************************************************
2026-05-01 19:03:44,504 p=9724 u=ansible n=ansible | skipping: [Master]
2026-05-01 19:03:44,523 p=9724 u=ansible n=ansible | TASK [master : Create .kube directory for root] ***************************************************************************
2026-05-01 19:03:44,936 p=9724 u=ansible n=ansible | ok: [Master]
2026-05-01 19:03:44,950 p=9724 u=ansible n=ansible | TASK [master : Copy admin.conf to root's .kube/config] ********************************************************************
2026-05-01 19:03:45,766 p=9724 u=ansible n=ansible | ok: [Master]
2026-05-01 19:03:45,783 p=9724 u=ansible n=ansible | TASK [master : Create .kube directory for ansible user] *******************************************************************
2026-05-01 19:03:46,260 p=9724 u=ansible n=ansible | ok: [Master]
2026-05-01 19:03:46,278 p=9724 u=ansible n=ansible | TASK [master : Copy admin.conf to ansible user's .kube/config] ************************************************************
2026-05-01 19:03:46,839 p=9724 u=ansible n=ansible | ok: [Master]
2026-05-01 19:03:46,852 p=9724 u=ansible n=ansible | TASK [master : Check if Calico is already installed] **********************************************************************
2026-05-01 19:06:22,434 p=9724 u=ansible n=ansible | fatal: [Master]: FAILED! => changed=false 
  cmd:
  - kubectl
  - get
  - daemonset
  - calico-node
  - -n
  - kube-system
  delta: '0:02:35.117114'
  end: '2026-05-01 19:06:22.313283'
  msg: non-zero return code
  rc: 1
  start: '2026-05-01 19:03:47.196169'
  stderr: |-
    E0501 19:04:22.298691   10776 memcache.go:265] "Unhandled Error" err="couldn't get current server API group list: Get \"https://192.168.1.18:6443/api?timeout=32s\": dial tcp 192.168.1.18:6443: i/o timeout"
    E0501 19:04:52.299709   10776 memcache.go:265] "Unhandled Error" err="couldn't get current server API group list: Get \"https://192.168.1.18:6443/api?timeout=32s\": dial tcp 192.168.1.18:6443: i/o timeout"
    E0501 19:05:22.301663   10776 memcache.go:265] "Unhandled Error" err="couldn't get current server API group list: Get \"https://192.168.1.18:6443/api?timeout=32s\": dial tcp 192.168.1.18:6443: i/o timeout"
    E0501 19:05:52.304228   10776 memcache.go:265] "Unhandled Error" err="couldn't get current server API group list: Get \"https://192.168.1.18:6443/api?timeout=32s\": dial tcp 192.168.1.18:6443: i/o timeout"
    E0501 19:06:22.306634   10776 memcache.go:265] "Unhandled Error" err="couldn't get current server API group list: Get \"https://192.168.1.18:6443/api?timeout=32s\": dial tcp 192.168.1.18:6443: i/o timeout"
    Unable to connect to the server: dial tcp 192.168.1.18:6443: i/o timeout
  stderr_lines: <omitted>
  stdout: ''
  stdout_lines: <omitted>
2026-05-01 19:06:22,435 p=9724 u=ansible n=ansible | ...ignoring
2026-05-01 19:06:22,465 p=9724 u=ansible n=ansible | TASK [master : Download Calico manifest] **********************************************************************************
2026-05-01 19:06:24,126 p=9724 u=ansible n=ansible | ok: [Master]
2026-05-01 19:06:24,144 p=9724 u=ansible n=ansible | TASK [master : Apply Calico CNI manifest] *********************************************************************************
2026-05-01 19:07:29,784 p=9724 u=ansible n=ansible | fatal: [Master]: FAILED! => changed=true 
  cmd:
  - kubectl
  - apply
  - -f
  - /tmp/calico.yaml
  delta: '0:01:05.156059'
  end: '2026-05-01 19:07:29.687140'
  msg: non-zero return code
  rc: 1
  start: '2026-05-01 19:06:24.531081'
  stderr: 'error: error validating "/tmp/calico.yaml": error validating data: failed to download openapi: Get "https://192.168.1.18:6443/openapi/v2?timeout=32s": dial tcp 192.168.1.18:6443: i/o timeout; if you choose to ignore these errors, turn validation off with --validate=false'
  stderr_lines: <omitted>
  stdout: ''
  stdout_lines: <omitted>
2026-05-01 19:07:29,787 p=9724 u=ansible n=ansible | PLAY RECAP ****************************************************************************************************************
2026-05-01 19:07:29,788 p=9724 u=ansible n=ansible | Master                     : ok=31   changed=2    unreachable=0    failed=1    skipped=4    rescued=0    ignored=1   
2026-05-01 19:07:29,789 p=9724 u=ansible n=ansible | worker-01                  : ok=23   changed=2    unreachable=0    failed=0    skipped=2    rescued=0    ignored=0   
2026-05-01 19:07:29,790 p=9724 u=ansible n=ansible | worker-02                  : ok=23   changed=2    unreachable=0    failed=0    skipped=2    rescued=0    ignored=0   
2026-05-01 19:16:24,651 p=12022 u=ansible n=ansible | PLAY [Configure all cluster nodes (common prerequisites)] *****************************************************************
2026-05-01 19:16:24,713 p=12022 u=ansible n=ansible | TASK [Gathering Facts] ****************************************************************************************************
2026-05-01 19:16:27,123 p=12022 u=ansible n=ansible | ok: [Master]
2026-05-01 19:16:27,995 p=12022 u=ansible n=ansible | ok: [worker-01]
2026-05-01 19:16:28,116 p=12022 u=ansible n=ansible | ok: [worker-02]
2026-05-01 19:16:28,291 p=12022 u=ansible n=ansible | TASK [common : Disable swap immediately] **********************************************************************************
2026-05-01 19:16:28,357 p=12022 u=ansible n=ansible | skipping: [Master]
2026-05-01 19:16:28,359 p=12022 u=ansible n=ansible | skipping: [worker-01]
2026-05-01 19:16:28,377 p=12022 u=ansible n=ansible | skipping: [worker-02]
2026-05-01 19:16:28,391 p=12022 u=ansible n=ansible | TASK [common : Remove swap from /etc/fstab] *******************************************************************************
2026-05-01 19:16:29,049 p=12022 u=ansible n=ansible | ok: [Master]
2026-05-01 19:16:29,122 p=12022 u=ansible n=ansible | ok: [worker-02]
2026-05-01 19:16:29,135 p=12022 u=ansible n=ansible | ok: [worker-01]
2026-05-01 19:16:29,149 p=12022 u=ansible n=ansible | TASK [common : Set hostname] **********************************************************************************************
2026-05-01 19:16:30,607 p=12022 u=ansible n=ansible | ok: [worker-01]
2026-05-01 19:16:30,650 p=12022 u=ansible n=ansible | ok: [Master]
2026-05-01 19:16:30,842 p=12022 u=ansible n=ansible | ok: [worker-02]
2026-05-01 19:16:30,861 p=12022 u=ansible n=ansible | TASK [common : Update /etc/hosts with all cluster nodes] ******************************************************************
2026-05-01 19:16:31,574 p=12022 u=ansible n=ansible | ok: [Master]
2026-05-01 19:16:31,589 p=12022 u=ansible n=ansible | ok: [worker-02]
2026-05-01 19:16:31,637 p=12022 u=ansible n=ansible | ok: [worker-01]
2026-05-01 19:16:31,650 p=12022 u=ansible n=ansible | TASK [common : Set SELinux to permissive mode (runtime)] ******************************************************************
2026-05-01 19:16:32,369 p=12022 u=ansible n=ansible | changed: [Master]
2026-05-01 19:16:32,384 p=12022 u=ansible n=ansible | changed: [worker-02]
2026-05-01 19:16:32,395 p=12022 u=ansible n=ansible | changed: [worker-01]
2026-05-01 19:16:32,410 p=12022 u=ansible n=ansible | TASK [common : Set SELinux to permissive mode (permanent)] ****************************************************************
2026-05-01 19:16:32,922 p=12022 u=ansible n=ansible | ok: [Master]
2026-05-01 19:16:33,001 p=12022 u=ansible n=ansible | ok: [worker-02]
2026-05-01 19:16:33,043 p=12022 u=ansible n=ansible | ok: [worker-01]
2026-05-01 19:16:33,056 p=12022 u=ansible n=ansible | TASK [common : Ensure firewalld is started] *******************************************************************************
2026-05-01 19:16:34,297 p=12022 u=ansible n=ansible | ok: [worker-01]
2026-05-01 19:16:34,311 p=12022 u=ansible n=ansible | ok: [worker-02]
2026-05-01 19:16:34,312 p=12022 u=ansible n=ansible | ok: [Master]
2026-05-01 19:16:34,327 p=12022 u=ansible n=ansible | TASK [common : Open required ports on control plane] **********************************************************************
2026-05-01 19:16:34,386 p=12022 u=ansible n=ansible | skipping: [worker-01] => (item=6443/tcp) 
2026-05-01 19:16:34,394 p=12022 u=ansible n=ansible | skipping: [worker-01] => (item=2379/tcp) 
2026-05-01 19:16:34,401 p=12022 u=ansible n=ansible | skipping: [worker-01] => (item=2380/tcp) 
2026-05-01 19:16:34,403 p=12022 u=ansible n=ansible | skipping: [worker-01] => (item=10250/tcp) 
2026-05-01 19:16:34,406 p=12022 u=ansible n=ansible | skipping: [worker-02] => (item=6443/tcp) 
2026-05-01 19:16:34,412 p=12022 u=ansible n=ansible | skipping: [worker-02] => (item=2379/tcp) 
2026-05-01 19:16:34,419 p=12022 u=ansible n=ansible | skipping: [worker-02] => (item=2380/tcp) 
2026-05-01 19:16:34,424 p=12022 u=ansible n=ansible | skipping: [worker-01] => (item=10257/tcp) 
2026-05-01 19:16:34,427 p=12022 u=ansible n=ansible | skipping: [worker-02] => (item=10250/tcp) 
2026-05-01 19:16:34,435 p=12022 u=ansible n=ansible | skipping: [worker-01] => (item=10259/tcp) 
2026-05-01 19:16:34,437 p=12022 u=ansible n=ansible | skipping: [worker-02] => (item=10257/tcp) 
2026-05-01 19:16:34,445 p=12022 u=ansible n=ansible | skipping: [worker-01] => (item=179/tcp) 
2026-05-01 19:16:34,446 p=12022 u=ansible n=ansible | skipping: [worker-02] => (item=10259/tcp) 
2026-05-01 19:16:34,449 p=12022 u=ansible n=ansible | skipping: [worker-01] => (item=4789/udp) 
2026-05-01 19:16:34,452 p=12022 u=ansible n=ansible | skipping: [worker-01]
2026-05-01 19:16:34,453 p=12022 u=ansible n=ansible | skipping: [worker-02] => (item=179/tcp) 
2026-05-01 19:16:34,456 p=12022 u=ansible n=ansible | skipping: [worker-02] => (item=4789/udp) 
2026-05-01 19:16:34,458 p=12022 u=ansible n=ansible | skipping: [worker-02]
2026-05-01 19:16:35,254 p=12022 u=ansible n=ansible | ok: [Master] => (item=6443/tcp)
2026-05-01 19:16:36,101 p=12022 u=ansible n=ansible | ok: [Master] => (item=2379/tcp)
2026-05-01 19:16:36,812 p=12022 u=ansible n=ansible | ok: [Master] => (item=2380/tcp)
2026-05-01 19:16:37,710 p=12022 u=ansible n=ansible | ok: [Master] => (item=10250/tcp)
2026-05-01 19:16:38,612 p=12022 u=ansible n=ansible | ok: [Master] => (item=10257/tcp)
2026-05-01 19:16:39,432 p=12022 u=ansible n=ansible | ok: [Master] => (item=10259/tcp)
2026-05-01 19:16:40,316 p=12022 u=ansible n=ansible | ok: [Master] => (item=179/tcp)
2026-05-01 19:16:41,089 p=12022 u=ansible n=ansible | ok: [Master] => (item=4789/udp)
2026-05-01 19:16:41,105 p=12022 u=ansible n=ansible | TASK [common : Open required ports on worker nodes] ***********************************************************************
2026-05-01 19:16:41,147 p=12022 u=ansible n=ansible | skipping: [Master] => (item=10250/tcp) 
2026-05-01 19:16:41,150 p=12022 u=ansible n=ansible | skipping: [Master] => (item=30000-32767/tcp) 
2026-05-01 19:16:41,163 p=12022 u=ansible n=ansible | skipping: [Master] => (item=179/tcp) 
2026-05-01 19:16:41,171 p=12022 u=ansible n=ansible | skipping: [Master] => (item=4789/udp) 
2026-05-01 19:16:41,175 p=12022 u=ansible n=ansible | skipping: [Master]
2026-05-01 19:16:41,866 p=12022 u=ansible n=ansible | ok: [worker-02] => (item=10250/tcp)
2026-05-01 19:16:41,948 p=12022 u=ansible n=ansible | ok: [worker-01] => (item=10250/tcp)
2026-05-01 19:16:42,546 p=12022 u=ansible n=ansible | ok: [worker-02] => (item=30000-32767/tcp)
2026-05-01 19:16:42,654 p=12022 u=ansible n=ansible | ok: [worker-01] => (item=30000-32767/tcp)
2026-05-01 19:16:43,265 p=12022 u=ansible n=ansible | ok: [worker-02] => (item=179/tcp)
2026-05-01 19:16:43,428 p=12022 u=ansible n=ansible | ok: [worker-01] => (item=179/tcp)
2026-05-01 19:16:43,989 p=12022 u=ansible n=ansible | ok: [worker-02] => (item=4789/udp)
2026-05-01 19:16:44,296 p=12022 u=ansible n=ansible | ok: [worker-01] => (item=4789/udp)
2026-05-01 19:16:44,335 p=12022 u=ansible n=ansible | TASK [common : Load kernel modules config] ********************************************************************************
2026-05-01 19:16:45,756 p=12022 u=ansible n=ansible | ok: [Master]
2026-05-01 19:16:45,906 p=12022 u=ansible n=ansible | ok: [worker-01]
2026-05-01 19:16:45,948 p=12022 u=ansible n=ansible | ok: [worker-02]
2026-05-01 19:16:45,964 p=12022 u=ansible n=ansible | TASK [common : Load overlay module] ***************************************************************************************
2026-05-01 19:16:46,641 p=12022 u=ansible n=ansible | ok: [Master]
2026-05-01 19:16:46,664 p=12022 u=ansible n=ansible | ok: [worker-01]
2026-05-01 19:16:46,693 p=12022 u=ansible n=ansible | ok: [worker-02]
2026-05-01 19:16:46,706 p=12022 u=ansible n=ansible | TASK [common : Load br_netfilter module] **********************************************************************************
2026-05-01 19:16:47,175 p=12022 u=ansible n=ansible | ok: [Master]
2026-05-01 19:16:47,225 p=12022 u=ansible n=ansible | ok: [worker-01]
2026-05-01 19:16:47,239 p=12022 u=ansible n=ansible | ok: [worker-02]
2026-05-01 19:16:47,253 p=12022 u=ansible n=ansible | TASK [common : Set sysctl params for Kubernetes] **************************************************************************
2026-05-01 19:16:48,424 p=12022 u=ansible n=ansible | ok: [Master]
2026-05-01 19:16:48,804 p=12022 u=ansible n=ansible | ok: [worker-01]
2026-05-01 19:16:48,848 p=12022 u=ansible n=ansible | ok: [worker-02]
2026-05-01 19:16:48,862 p=12022 u=ansible n=ansible | TASK [common : Apply sysctl params] ***************************************************************************************
2026-05-01 19:16:49,303 p=12022 u=ansible n=ansible | changed: [Master]
2026-05-01 19:16:49,371 p=12022 u=ansible n=ansible | changed: [worker-01]
2026-05-01 19:16:49,377 p=12022 u=ansible n=ansible | changed: [worker-02]
2026-05-01 19:16:49,390 p=12022 u=ansible n=ansible | TASK [common : Install required packages] *********************************************************************************
2026-05-01 19:16:51,202 p=12022 u=ansible n=ansible | ok: [worker-02]
2026-05-01 19:16:52,165 p=12022 u=ansible n=ansible | ok: [worker-01]
2026-05-01 19:16:52,368 p=12022 u=ansible n=ansible | ok: [Master]
2026-05-01 19:16:52,384 p=12022 u=ansible n=ansible | TASK [common : Add Docker repo (contains containerd)] *********************************************************************
2026-05-01 19:16:52,938 p=12022 u=ansible n=ansible | ok: [Master]
2026-05-01 19:16:52,939 p=12022 u=ansible n=ansible | ok: [worker-01]
2026-05-01 19:16:52,939 p=12022 u=ansible n=ansible | ok: [worker-02]
2026-05-01 19:16:52,952 p=12022 u=ansible n=ansible | TASK [common : Install containerd] ****************************************************************************************
2026-05-01 19:16:54,593 p=12022 u=ansible n=ansible | ok: [worker-02]
2026-05-01 19:16:55,781 p=12022 u=ansible n=ansible | ok: [Master]
2026-05-01 19:16:55,804 p=12022 u=ansible n=ansible | ok: [worker-01]
2026-05-01 19:16:55,818 p=12022 u=ansible n=ansible | TASK [common : Create containerd config directory] ************************************************************************
2026-05-01 19:16:56,307 p=12022 u=ansible n=ansible | ok: [Master]
2026-05-01 19:16:56,348 p=12022 u=ansible n=ansible | ok: [worker-02]
2026-05-01 19:16:56,373 p=12022 u=ansible n=ansible | ok: [worker-01]
2026-05-01 19:16:56,386 p=12022 u=ansible n=ansible | TASK [common : Generate default containerd config] ************************************************************************
2026-05-01 19:16:56,953 p=12022 u=ansible n=ansible | ok: [worker-02]
2026-05-01 19:16:56,963 p=12022 u=ansible n=ansible | ok: [Master]
2026-05-01 19:16:56,977 p=12022 u=ansible n=ansible | ok: [worker-01]
2026-05-01 19:16:56,991 p=12022 u=ansible n=ansible | TASK [common : Enable SystemdCgroup in containerd config] *****************************************************************
2026-05-01 19:16:57,644 p=12022 u=ansible n=ansible | ok: [Master]
2026-05-01 19:16:57,686 p=12022 u=ansible n=ansible | ok: [worker-01]
2026-05-01 19:16:57,708 p=12022 u=ansible n=ansible | ok: [worker-02]
2026-05-01 19:16:57,725 p=12022 u=ansible n=ansible | TASK [common : Enable and start containerd] *******************************************************************************
2026-05-01 19:16:58,650 p=12022 u=ansible n=ansible | ok: [worker-01]
2026-05-01 19:16:58,673 p=12022 u=ansible n=ansible | ok: [Master]
2026-05-01 19:16:58,706 p=12022 u=ansible n=ansible | ok: [worker-02]
2026-05-01 19:16:58,722 p=12022 u=ansible n=ansible | TASK [common : Add Kubernetes yum repository] *****************************************************************************
2026-05-01 19:16:59,813 p=12022 u=ansible n=ansible | ok: [Master]
2026-05-01 19:17:00,204 p=12022 u=ansible n=ansible | ok: [worker-01]
2026-05-01 19:17:00,205 p=12022 u=ansible n=ansible | ok: [worker-02]
2026-05-01 19:17:00,219 p=12022 u=ansible n=ansible | TASK [common : Install kubelet, kubeadm, kubectl] *************************************************************************
2026-05-01 19:17:01,835 p=12022 u=ansible n=ansible | ok: [worker-02]
2026-05-01 19:17:02,745 p=12022 u=ansible n=ansible | ok: [Master]
2026-05-01 19:17:03,046 p=12022 u=ansible n=ansible | ok: [worker-01]
2026-05-01 19:17:03,062 p=12022 u=ansible n=ansible | TASK [common : Enable and start kubelet] **********************************************************************************
2026-05-01 19:17:03,969 p=12022 u=ansible n=ansible | changed: [Master]
2026-05-01 19:17:03,984 p=12022 u=ansible n=ansible | ok: [worker-01]
2026-05-01 19:17:04,002 p=12022 u=ansible n=ansible | ok: [worker-02]
2026-05-01 19:17:04,183 p=12022 u=ansible n=ansible | PLAY [Initialize Kubernetes control plane] ********************************************************************************
2026-05-01 19:17:04,209 p=12022 u=ansible n=ansible | TASK [Gathering Facts] ****************************************************************************************************
2026-05-01 19:17:06,260 p=12022 u=ansible n=ansible | ok: [Master]
2026-05-01 19:17:06,392 p=12022 u=ansible n=ansible | TASK [master : Check if Kubernetes is already initialized] ****************************************************************
2026-05-01 19:17:06,778 p=12022 u=ansible n=ansible | ok: [Master]
2026-05-01 19:17:06,791 p=12022 u=ansible n=ansible | TASK [master : Initialize Kubernetes control plane with kubeadm] **********************************************************
2026-05-01 19:17:29,905 p=12022 u=ansible n=ansible | changed: [Master]
2026-05-01 19:17:29,922 p=12022 u=ansible n=ansible | TASK [master : Print kubeadm init output] *********************************************************************************
2026-05-01 19:17:29,990 p=12022 u=ansible n=ansible | ok: [Master] => 
  kubeadm_init_output.stdout_lines:
  - '[init] Using Kubernetes version: v1.29.15'
  - '[preflight] Running pre-flight checks'
  - '[preflight] Pulling images required for setting up a Kubernetes cluster'
  - '[preflight] This might take a minute or two, depending on the speed of your internet connection'
  - '[preflight] You can also perform this action in beforehand using ''kubeadm config images pull'''
  - '[certs] Using certificateDir folder "/etc/kubernetes/pki"'
  - '[certs] Generating "ca" certificate and key'
  - '[certs] Generating "apiserver" certificate and key'
  - '[certs] apiserver serving cert is signed for DNS names [kubernetes kubernetes.default kubernetes.default.svc kubernetes.default.svc.cluster.local master] and IPs [10.96.0.1 192.168.1.89]'
  - '[certs] Generating "apiserver-kubelet-client" certificate and key'
  - '[certs] Generating "front-proxy-ca" certificate and key'
  - '[certs] Generating "front-proxy-client" certificate and key'
  - '[certs] Generating "etcd/ca" certificate and key'
  - '[certs] Generating "etcd/server" certificate and key'
  - '[certs] etcd/server serving cert is signed for DNS names [localhost master] and IPs [192.168.1.89 127.0.0.1 ::1]'
  - '[certs] Generating "etcd/peer" certificate and key'
  - '[certs] etcd/peer serving cert is signed for DNS names [localhost master] and IPs [192.168.1.89 127.0.0.1 ::1]'
  - '[certs] Generating "etcd/healthcheck-client" certificate and key'
  - '[certs] Generating "apiserver-etcd-client" certificate and key'
  - '[certs] Generating "sa" key and public key'
  - '[kubeconfig] Using kubeconfig folder "/etc/kubernetes"'
  - '[kubeconfig] Writing "admin.conf" kubeconfig file'
  - '[kubeconfig] Writing "super-admin.conf" kubeconfig file'
  - '[kubeconfig] Writing "kubelet.conf" kubeconfig file'
  - '[kubeconfig] Writing "controller-manager.conf" kubeconfig file'
  - '[kubeconfig] Writing "scheduler.conf" kubeconfig file'
  - '[etcd] Creating static Pod manifest for local etcd in "/etc/kubernetes/manifests"'
  - '[control-plane] Using manifest folder "/etc/kubernetes/manifests"'
  - '[control-plane] Creating static Pod manifest for "kube-apiserver"'
  - '[control-plane] Creating static Pod manifest for "kube-controller-manager"'
  - '[control-plane] Creating static Pod manifest for "kube-scheduler"'
  - '[kubelet-start] Writing kubelet environment file with flags to file "/var/lib/kubelet/kubeadm-flags.env"'
  - '[kubelet-start] Writing kubelet configuration to file "/var/lib/kubelet/config.yaml"'
  - '[kubelet-start] Starting the kubelet'
  - '[wait-control-plane] Waiting for the kubelet to boot up the control plane as static Pods from directory "/etc/kubernetes/manifests". This can take up to 4m0s'
  - '[apiclient] All control plane components are healthy after 9.510251 seconds'
  - '[upload-config] Storing the configuration used in ConfigMap "kubeadm-config" in the "kube-system" Namespace'
  - '[kubelet] Creating a ConfigMap "kubelet-config" in namespace kube-system with the configuration for the kubelets in the cluster'
  - '[upload-certs] Skipping phase. Please see --upload-certs'
  - '[mark-control-plane] Marking the node master as control-plane by adding the labels: [node-role.kubernetes.io/control-plane node.kubernetes.io/exclude-from-external-load-balancers]'
  - '[mark-control-plane] Marking the node master as control-plane by adding the taints [node-role.kubernetes.io/control-plane:NoSchedule]'
  - '[bootstrap-token] Using token: mkna88.ttp07hc6uz81qs8z'
  - '[bootstrap-token] Configuring bootstrap tokens, cluster-info ConfigMap, RBAC Roles'
  - '[bootstrap-token] Configured RBAC rules to allow Node Bootstrap tokens to get nodes'
  - '[bootstrap-token] Configured RBAC rules to allow Node Bootstrap tokens to post CSRs in order for nodes to get long term certificate credentials'
  - '[bootstrap-token] Configured RBAC rules to allow the csrapprover controller automatically approve CSRs from a Node Bootstrap Token'
  - '[bootstrap-token] Configured RBAC rules to allow certificate rotation for all node client certificates in the cluster'
  - '[bootstrap-token] Creating the "cluster-info" ConfigMap in the "kube-public" namespace'
  - '[kubelet-finalize] Updating "/etc/kubernetes/kubelet.conf" to point to a rotatable kubelet client certificate and key'
  - '[addons] Applied essential addon: CoreDNS'
  - '[addons] Applied essential addon: kube-proxy'
  - ''
  - Your Kubernetes control-plane has initialized successfully!
  - ''
  - 'To start using your cluster, you need to run the following as a regular user:'
  - ''
  - '  mkdir -p $HOME/.kube'
  - '  sudo cp -i /etc/kubernetes/admin.conf $HOME/.kube/config'
  - '  sudo chown $(id -u):$(id -g) $HOME/.kube/config'
  - ''
  - 'Alternatively, if you are the root user, you can run:'
  - ''
  - '  export KUBECONFIG=/etc/kubernetes/admin.conf'
  - ''
  - You should now deploy a pod network to the cluster.
  - 'Run "kubectl apply -f [podnetwork].yaml" with one of the options listed at:'
  - '  https://kubernetes.io/docs/concepts/cluster-administration/addons/'
  - ''
  - You can now join any number of control-plane nodes by copying certificate authorities
  - 'and service account keys on each node and then running the following as root:'
  - ''
  - '  kubeadm join 192.168.1.89:6443 --token mkna88.ttp07hc6uz81qs8z \'
  - "\t--discovery-token-ca-cert-hash sha256:8cb28d3eb68ea66cfb6ffe739d502bc72924bb08b4461b694cab91f28cd9c669 \\"
  - "\t--control-plane "
  - ''
  - 'Then you can join any number of worker nodes by running the following on each as root:'
  - ''
  - kubeadm join 192.168.1.89:6443 --token mkna88.ttp07hc6uz81qs8z \
  - "\t--discovery-token-ca-cert-hash sha256:8cb28d3eb68ea66cfb6ffe739d502bc72924bb08b4461b694cab91f28cd9c669 "
2026-05-01 19:17:30,011 p=12022 u=ansible n=ansible | TASK [master : Create .kube directory for root] ***************************************************************************
2026-05-01 19:17:31,214 p=12022 u=ansible n=ansible | ok: [Master]
2026-05-01 19:17:31,257 p=12022 u=ansible n=ansible | TASK [master : Copy admin.conf to root's .kube/config] ********************************************************************
2026-05-01 19:17:32,722 p=12022 u=ansible n=ansible | changed: [Master]
2026-05-01 19:17:32,757 p=12022 u=ansible n=ansible | TASK [master : Create .kube directory for ansible user] *******************************************************************
2026-05-01 19:17:33,566 p=12022 u=ansible n=ansible | changed: [Master]
2026-05-01 19:17:33,601 p=12022 u=ansible n=ansible | TASK [master : Copy admin.conf to ansible user's .kube/config] ************************************************************
2026-05-01 19:17:34,364 p=12022 u=ansible n=ansible | changed: [Master]
2026-05-01 19:17:34,381 p=12022 u=ansible n=ansible | TASK [master : Check if Calico is already installed] **********************************************************************
2026-05-01 19:17:35,157 p=12022 u=ansible n=ansible | fatal: [Master]: FAILED! => changed=false 
  cmd:
  - kubectl
  - get
  - daemonset
  - calico-node
  - -n
  - kube-system
  delta: '0:00:00.278538'
  end: '2026-05-01 19:17:35.100095'
  msg: non-zero return code
  rc: 1
  start: '2026-05-01 19:17:34.821557'
  stderr: 'Error from server (NotFound): daemonsets.apps "calico-node" not found'
  stderr_lines: <omitted>
  stdout: ''
  stdout_lines: <omitted>
2026-05-01 19:17:35,158 p=12022 u=ansible n=ansible | ...ignoring
2026-05-01 19:17:35,176 p=12022 u=ansible n=ansible | TASK [master : Download Calico manifest] **********************************************************************************
2026-05-01 19:17:37,141 p=12022 u=ansible n=ansible | ok: [Master]
2026-05-01 19:17:37,183 p=12022 u=ansible n=ansible | TASK [master : Apply Calico CNI manifest] *********************************************************************************
2026-05-01 19:17:40,134 p=12022 u=ansible n=ansible | changed: [Master]
2026-05-01 19:17:40,168 p=12022 u=ansible n=ansible | TASK [master : Wait for Calico pods to be running] ************************************************************************
2026-05-01 19:18:22,729 p=12022 u=ansible n=ansible | changed: [Master]
2026-05-01 19:18:22,787 p=12022 u=ansible n=ansible | TASK [master : Generate kubeadm join command] *****************************************************************************
2026-05-01 19:18:23,792 p=12022 u=ansible n=ansible | changed: [Master]
2026-05-01 19:18:23,844 p=12022 u=ansible n=ansible | TASK [master : Set join command fact] *************************************************************************************
2026-05-01 19:18:23,911 p=12022 u=ansible n=ansible | ok: [Master]
2026-05-01 19:18:23,967 p=12022 u=ansible n=ansible | TASK [master : Save join command to local file] ***************************************************************************
2026-05-01 19:18:25,193 p=12022 u=ansible n=ansible | changed: [Master -> localhost]
2026-05-01 19:18:25,210 p=12022 u=ansible n=ansible | TASK [master : Install bash-completion] ***********************************************************************************
2026-05-01 19:18:37,981 p=12022 u=ansible n=ansible | ok: [Master]
2026-05-01 19:18:38,021 p=12022 u=ansible n=ansible | TASK [master : Add kubectl bash completion] *******************************************************************************
2026-05-01 19:18:39,638 p=12022 u=ansible n=ansible | ok: [Master]
2026-05-01 19:18:39,654 p=12022 u=ansible n=ansible | TASK [master : Add kubectl alias] *****************************************************************************************
2026-05-01 19:18:40,146 p=12022 u=ansible n=ansible | ok: [Master]
2026-05-01 19:18:40,161 p=12022 u=ansible n=ansible | TASK [master : Print cluster info] ****************************************************************************************
2026-05-01 19:18:41,024 p=12022 u=ansible n=ansible | changed: [Master]
2026-05-01 19:18:41,042 p=12022 u=ansible n=ansible | TASK [master : Display cluster info] **************************************************************************************
2026-05-01 19:18:41,079 p=12022 u=ansible n=ansible | ok: [Master] => 
  cluster_info.stdout_lines:
  - Kubernetes control plane is running at https://192.168.1.89:6443
  - CoreDNS is running at https://192.168.1.89:6443/api/v1/namespaces/kube-system/services/kube-dns:dns/proxy
  - ''
  - To further debug and diagnose cluster problems, use 'kubectl cluster-info dump'.
2026-05-01 19:18:41,191 p=12022 u=ansible n=ansible | PLAY [Join worker nodes to the cluster] ***********************************************************************************
2026-05-01 19:18:41,213 p=12022 u=ansible n=ansible | TASK [Gathering Facts] ****************************************************************************************************
2026-05-01 19:18:43,728 p=12022 u=ansible n=ansible | ok: [worker-01]
2026-05-01 19:18:44,175 p=12022 u=ansible n=ansible | ok: [worker-02]
2026-05-01 19:18:44,305 p=12022 u=ansible n=ansible | TASK [worker : Check if node is already part of a cluster] ****************************************************************
2026-05-01 19:18:44,795 p=12022 u=ansible n=ansible | ok: [worker-02]
2026-05-01 19:18:44,829 p=12022 u=ansible n=ansible | ok: [worker-01]
2026-05-01 19:18:44,850 p=12022 u=ansible n=ansible | TASK [worker : Read join command from local file] *************************************************************************
2026-05-01 19:18:44,894 p=12022 u=ansible n=ansible | skipping: [worker-01]
2026-05-01 19:18:45,965 p=12022 u=ansible n=ansible | ok: [worker-02 -> localhost]
2026-05-01 19:18:45,996 p=12022 u=ansible n=ansible | TASK [worker : Join the Kubernetes cluster] *******************************************************************************
2026-05-01 19:18:46,079 p=12022 u=ansible n=ansible | skipping: [worker-01]
2026-05-01 19:18:47,224 p=12022 u=ansible n=ansible | fatal: [worker-02]: FAILED! => changed=true 
  cmd:
  - kubeadm
  - join
  - 192.168.1.89:6443
  - --token
  - 66sod7.vbndmowp5frftbha
  - --discovery-token-ca-cert-hash
  - sha256:8cb28d3eb68ea66cfb6ffe739d502bc72924bb08b4461b694cab91f28cd9c669
  delta: '0:00:00.229998'
  end: '2026-05-01 19:44:17.603093'
  msg: non-zero return code
  rc: 1
  start: '2026-05-01 19:44:17.373095'
  stderr: |-
    error execution phase preflight: [preflight] Some fatal errors occurred:
            [ERROR CRI]: container runtime is not running: output: time="2026-05-01T19:44:17+03:00" level=fatal msg="validate service connection: validate CRI v1 runtime API for endpoint \"unix:///var/run/containerd/containerd.sock\": rpc error: code = Unimplemented desc = unknown service runtime.v1.RuntimeService"
    , error: exit status 1
    [preflight] If you know what you are doing, you can make a check non-fatal with `--ignore-preflight-errors=...`
    To see the stack trace of this error execute with --v=5 or higher
  stderr_lines: <omitted>
  stdout: '[preflight] Running pre-flight checks'
  stdout_lines: <omitted>
2026-05-01 19:18:47,260 p=12022 u=ansible n=ansible | TASK [worker : Print join result] *****************************************************************************************
2026-05-01 19:18:47,355 p=12022 u=ansible n=ansible | skipping: [worker-01]
2026-05-01 19:18:47,389 p=12022 u=ansible n=ansible | TASK [worker : Ensure kubelet is running on worker] ***********************************************************************
2026-05-01 19:18:48,290 p=12022 u=ansible n=ansible | ok: [worker-01]
2026-05-01 19:18:48,374 p=12022 u=ansible n=ansible | PLAY [Verify cluster is healthy] ******************************************************************************************
2026-05-01 19:18:48,414 p=12022 u=ansible n=ansible | TASK [Wait for all nodes to be Ready] *************************************************************************************
2026-05-01 19:18:49,397 p=12022 u=ansible n=ansible | changed: [Master]
2026-05-01 19:18:49,436 p=12022 u=ansible n=ansible | TASK [Get node status] ****************************************************************************************************
2026-05-01 19:18:50,957 p=12022 u=ansible n=ansible | changed: [Master]
2026-05-01 19:18:50,979 p=12022 u=ansible n=ansible | TASK [Display all nodes] **************************************************************************************************
2026-05-01 19:18:51,016 p=12022 u=ansible n=ansible | ok: [Master] => 
  nodes_output.stdout_lines:
  - NAME     STATUS   ROLES           AGE   VERSION    INTERNAL-IP    EXTERNAL-IP   OS-IMAGE                      KERNEL-VERSION                 CONTAINER-RUNTIME
  - master   Ready    control-plane   87s   v1.29.15   192.168.1.89   <none>        Rocky Linux 9.7 (Blue Onyx)   5.14.0-611.47.1.el9_7.x86_64   containerd://2.2.2
2026-05-01 19:18:51,032 p=12022 u=ansible n=ansible | TASK [Get all pods across all namespaces] *********************************************************************************
2026-05-01 19:18:51,672 p=12022 u=ansible n=ansible | changed: [Master]
2026-05-01 19:18:51,689 p=12022 u=ansible n=ansible | TASK [Display all pods] ***************************************************************************************************
2026-05-01 19:18:51,723 p=12022 u=ansible n=ansible | ok: [Master] => 
  pods_output.stdout_lines:
  - NAMESPACE     NAME                                       READY   STATUS    RESTARTS   AGE   IP               NODE     NOMINATED NODE   READINESS GATES
  - kube-system   calico-kube-controllers-5fc7d6cf67-zdj88   1/1     Running   0          70s   192.168.219.66   master   <none>           <none>
  - kube-system   calico-node-ftfgr                          1/1     Running   0          70s   192.168.1.89     master   <none>           <none>
  - kube-system   coredns-76f75df574-bkb9m                   1/1     Running   0          70s   192.168.219.65   master   <none>           <none>
  - kube-system   coredns-76f75df574-thbpg                   1/1     Running   0          70s   192.168.219.67   master   <none>           <none>
  - kube-system   etcd-master                                1/1     Running   0          81s   192.168.1.89     master   <none>           <none>
  - kube-system   kube-apiserver-master                      1/1     Running   0          83s   192.168.1.89     master   <none>           <none>
  - kube-system   kube-controller-manager-master             1/1     Running   2          86s   192.168.1.89     master   <none>           <none>
  - kube-system   kube-proxy-l2g2k                           1/1     Running   0          70s   192.168.1.89     master   <none>           <none>
  - kube-system   kube-scheduler-master                      1/1     Running   2          81s   192.168.1.89     master   <none>           <none>
2026-05-01 19:18:51,778 p=12022 u=ansible n=ansible | PLAY RECAP ****************************************************************************************************************
2026-05-01 19:18:51,779 p=12022 u=ansible n=ansible | Master                     : ok=48   changed=15   unreachable=0    failed=0    skipped=2    rescued=0    ignored=1   
2026-05-01 19:18:51,779 p=12022 u=ansible n=ansible | worker-01                  : ok=26   changed=2    unreachable=0    failed=0    skipped=5    rescued=0    ignored=0   
2026-05-01 19:18:51,779 p=12022 u=ansible n=ansible | worker-02                  : ok=26   changed=2    unreachable=0    failed=1    skipped=2    rescued=0    ignored=0   
2026-05-01 19:20:08,072 p=16587 u=ansible n=ansible | PLAY [Configure all cluster nodes (common prerequisites)] *****************************************************************
2026-05-01 19:20:08,194 p=16587 u=ansible n=ansible | PLAY [Initialize Kubernetes control plane] ********************************************************************************
2026-05-01 19:20:08,244 p=16587 u=ansible n=ansible | PLAY [Join worker nodes to the cluster] ***********************************************************************************
2026-05-01 19:20:08,259 p=16587 u=ansible n=ansible | TASK [Gathering Facts] ****************************************************************************************************
2026-05-01 19:20:11,503 p=16587 u=ansible n=ansible | ok: [worker-01]
2026-05-01 19:20:11,807 p=16587 u=ansible n=ansible | ok: [worker-02]
2026-05-01 19:20:12,017 p=16587 u=ansible n=ansible | TASK [worker : Check if node is already part of a cluster] ****************************************************************
2026-05-01 19:20:13,294 p=16587 u=ansible n=ansible | ok: [worker-02]
2026-05-01 19:20:13,324 p=16587 u=ansible n=ansible | ok: [worker-01]
2026-05-01 19:20:13,345 p=16587 u=ansible n=ansible | TASK [worker : Read join command from local file] *************************************************************************
2026-05-01 19:20:13,385 p=16587 u=ansible n=ansible | skipping: [worker-01]
2026-05-01 19:20:14,405 p=16587 u=ansible n=ansible | ok: [worker-02 -> localhost]
2026-05-01 19:20:14,429 p=16587 u=ansible n=ansible | TASK [worker : Join the Kubernetes cluster] *******************************************************************************
2026-05-01 19:20:14,483 p=16587 u=ansible n=ansible | skipping: [worker-01]
2026-05-01 19:20:17,920 p=16587 u=ansible n=ansible | changed: [worker-02]
2026-05-01 19:20:17,941 p=16587 u=ansible n=ansible | TASK [worker : Print join result] *****************************************************************************************
2026-05-01 19:20:17,988 p=16587 u=ansible n=ansible | skipping: [worker-01]
2026-05-01 19:20:18,022 p=16587 u=ansible n=ansible | skipping: [worker-02]
2026-05-01 19:20:18,042 p=16587 u=ansible n=ansible | TASK [worker : Ensure kubelet is running on worker] ***********************************************************************
2026-05-01 19:20:19,748 p=16587 u=ansible n=ansible | ok: [worker-01]
2026-05-01 19:20:19,793 p=16587 u=ansible n=ansible | ok: [worker-02]
2026-05-01 19:20:19,931 p=16587 u=ansible n=ansible | PLAY [Verify cluster is healthy] ******************************************************************************************
2026-05-01 19:20:19,975 p=16587 u=ansible n=ansible | PLAY RECAP ****************************************************************************************************************
2026-05-01 19:20:19,975 p=16587 u=ansible n=ansible | worker-01                  : ok=3    changed=0    unreachable=0    failed=0    skipped=3    rescued=0    ignored=0   
2026-05-01 19:20:19,976 p=16587 u=ansible n=ansible | worker-02                  : ok=5    changed=1    unreachable=0    failed=0    skipped=1    rescued=0    ignored=0   
2026-05-01 19:20:49,959 p=17078 u=ansible n=ansible | PLAY [Configure all cluster nodes (common prerequisites)] *****************************************************************
2026-05-01 19:20:50,027 p=17078 u=ansible n=ansible | TASK [Gathering Facts] ****************************************************************************************************
2026-05-01 19:20:52,924 p=17078 u=ansible n=ansible | ok: [Master]
2026-05-01 19:20:52,932 p=17078 u=ansible n=ansible | ok: [worker-02]
2026-05-01 19:20:52,949 p=17078 u=ansible n=ansible | ok: [worker-01]
2026-05-01 19:20:53,040 p=17078 u=ansible n=ansible | TASK [common : Disable swap immediately] **********************************************************************************
2026-05-01 19:20:53,101 p=17078 u=ansible n=ansible | skipping: [Master]
2026-05-01 19:20:53,105 p=17078 u=ansible n=ansible | skipping: [worker-01]
2026-05-01 19:20:53,121 p=17078 u=ansible n=ansible | skipping: [worker-02]
2026-05-01 19:20:53,143 p=17078 u=ansible n=ansible | TASK [common : Remove swap from /etc/fstab] *******************************************************************************
2026-05-01 19:20:54,049 p=17078 u=ansible n=ansible | ok: [Master]
2026-05-01 19:20:54,166 p=17078 u=ansible n=ansible | ok: [worker-02]
2026-05-01 19:20:54,227 p=17078 u=ansible n=ansible | ok: [worker-01]
2026-05-01 19:20:54,247 p=17078 u=ansible n=ansible | TASK [common : Set hostname] **********************************************************************************************
2026-05-01 19:20:56,451 p=17078 u=ansible n=ansible | ok: [worker-01]
2026-05-01 19:20:56,491 p=17078 u=ansible n=ansible | ok: [worker-02]
2026-05-01 19:20:56,973 p=17078 u=ansible n=ansible | ok: [Master]
2026-05-01 19:20:57,022 p=17078 u=ansible n=ansible | TASK [common : Update /etc/hosts with all cluster nodes] ******************************************************************
2026-05-01 19:20:58,464 p=17078 u=ansible n=ansible | ok: [worker-01]
2026-05-01 19:20:58,498 p=17078 u=ansible n=ansible | ok: [Master]
2026-05-01 19:20:58,502 p=17078 u=ansible n=ansible | ok: [worker-02]
2026-05-01 19:20:58,522 p=17078 u=ansible n=ansible | TASK [common : Set SELinux to permissive mode (runtime)] ******************************************************************
2026-05-01 19:20:59,870 p=17078 u=ansible n=ansible | changed: [Master]
2026-05-01 19:20:59,912 p=17078 u=ansible n=ansible | changed: [worker-01]
2026-05-01 19:20:59,962 p=17078 u=ansible n=ansible | changed: [worker-02]
2026-05-01 19:20:59,986 p=17078 u=ansible n=ansible | TASK [common : Set SELinux to permissive mode (permanent)] ****************************************************************
2026-05-01 19:21:00,899 p=17078 u=ansible n=ansible | ok: [Master]
2026-05-01 19:21:00,906 p=17078 u=ansible n=ansible | ok: [worker-01]
2026-05-01 19:21:01,017 p=17078 u=ansible n=ansible | ok: [worker-02]
2026-05-01 19:21:01,042 p=17078 u=ansible n=ansible | TASK [common : Ensure firewalld is started] *******************************************************************************
2026-05-01 19:21:03,069 p=17078 u=ansible n=ansible | ok: [worker-01]
2026-05-01 19:21:03,081 p=17078 u=ansible n=ansible | ok: [Master]
2026-05-01 19:21:03,163 p=17078 u=ansible n=ansible | ok: [worker-02]
2026-05-01 19:21:03,186 p=17078 u=ansible n=ansible | TASK [common : Open required ports on control plane] **********************************************************************
2026-05-01 19:21:03,257 p=17078 u=ansible n=ansible | skipping: [worker-01] => (item=6443/tcp) 
2026-05-01 19:21:03,263 p=17078 u=ansible n=ansible | skipping: [worker-01] => (item=2379/tcp) 
2026-05-01 19:21:03,270 p=17078 u=ansible n=ansible | skipping: [worker-01] => (item=2380/tcp) 
2026-05-01 19:21:03,277 p=17078 u=ansible n=ansible | skipping: [worker-01] => (item=10250/tcp) 
2026-05-01 19:21:03,286 p=17078 u=ansible n=ansible | skipping: [worker-01] => (item=10257/tcp) 
2026-05-01 19:21:03,293 p=17078 u=ansible n=ansible | skipping: [worker-01] => (item=10259/tcp) 
2026-05-01 19:21:03,299 p=17078 u=ansible n=ansible | skipping: [worker-02] => (item=6443/tcp) 
2026-05-01 19:21:03,300 p=17078 u=ansible n=ansible | skipping: [worker-01] => (item=179/tcp) 
2026-05-01 19:21:03,302 p=17078 u=ansible n=ansible | skipping: [worker-01] => (item=4789/udp) 
2026-05-01 19:21:03,306 p=17078 u=ansible n=ansible | skipping: [worker-01]
2026-05-01 19:21:03,308 p=17078 u=ansible n=ansible | skipping: [worker-02] => (item=2379/tcp) 
2026-05-01 19:21:03,320 p=17078 u=ansible n=ansible | skipping: [worker-02] => (item=2380/tcp) 
2026-05-01 19:21:03,328 p=17078 u=ansible n=ansible | skipping: [worker-02] => (item=10250/tcp) 
2026-05-01 19:21:03,335 p=17078 u=ansible n=ansible | skipping: [worker-02] => (item=10257/tcp) 
2026-05-01 19:21:03,345 p=17078 u=ansible n=ansible | skipping: [worker-02] => (item=10259/tcp) 
2026-05-01 19:21:03,357 p=17078 u=ansible n=ansible | skipping: [worker-02] => (item=179/tcp) 
2026-05-01 19:21:03,362 p=17078 u=ansible n=ansible | skipping: [worker-02] => (item=4789/udp) 
2026-05-01 19:21:03,365 p=17078 u=ansible n=ansible | skipping: [worker-02]
2026-05-01 19:21:04,454 p=17078 u=ansible n=ansible | ok: [Master] => (item=6443/tcp)
2026-05-01 19:21:05,464 p=17078 u=ansible n=ansible | ok: [Master] => (item=2379/tcp)
2026-05-01 19:21:07,126 p=17078 u=ansible n=ansible | ok: [Master] => (item=2380/tcp)
2026-05-01 19:21:08,928 p=17078 u=ansible n=ansible | ok: [Master] => (item=10250/tcp)
2026-05-01 19:21:10,012 p=17078 u=ansible n=ansible | ok: [Master] => (item=10257/tcp)
2026-05-01 19:21:12,080 p=17078 u=ansible n=ansible | ok: [Master] => (item=10259/tcp)
2026-05-01 19:21:13,211 p=17078 u=ansible n=ansible | ok: [Master] => (item=179/tcp)
2026-05-01 19:21:14,118 p=17078 u=ansible n=ansible | ok: [Master] => (item=4789/udp)
2026-05-01 19:21:14,139 p=17078 u=ansible n=ansible | TASK [common : Open required ports on worker nodes] ***********************************************************************
2026-05-01 19:21:14,185 p=17078 u=ansible n=ansible | skipping: [Master] => (item=10250/tcp) 
2026-05-01 19:21:14,188 p=17078 u=ansible n=ansible | skipping: [Master] => (item=30000-32767/tcp) 
2026-05-01 19:21:14,203 p=17078 u=ansible n=ansible | skipping: [Master] => (item=179/tcp) 
2026-05-01 19:21:14,205 p=17078 u=ansible n=ansible | skipping: [Master] => (item=4789/udp) 
2026-05-01 19:21:14,218 p=17078 u=ansible n=ansible | skipping: [Master]
2026-05-01 19:21:15,020 p=17078 u=ansible n=ansible | ok: [worker-01] => (item=10250/tcp)
2026-05-01 19:21:15,176 p=17078 u=ansible n=ansible | ok: [worker-02] => (item=10250/tcp)
2026-05-01 19:21:15,891 p=17078 u=ansible n=ansible | ok: [worker-01] => (item=30000-32767/tcp)
2026-05-01 19:21:16,112 p=17078 u=ansible n=ansible | ok: [worker-02] => (item=30000-32767/tcp)
2026-05-01 19:21:16,907 p=17078 u=ansible n=ansible | ok: [worker-01] => (item=179/tcp)
2026-05-01 19:21:17,122 p=17078 u=ansible n=ansible | ok: [worker-02] => (item=179/tcp)
2026-05-01 19:21:17,895 p=17078 u=ansible n=ansible | ok: [worker-01] => (item=4789/udp)
2026-05-01 19:21:18,354 p=17078 u=ansible n=ansible | ok: [worker-02] => (item=4789/udp)
2026-05-01 19:21:18,404 p=17078 u=ansible n=ansible | TASK [common : Load kernel modules config] ********************************************************************************
2026-05-01 19:21:20,581 p=17078 u=ansible n=ansible | ok: [Master]
2026-05-01 19:21:20,732 p=17078 u=ansible n=ansible | ok: [worker-01]
2026-05-01 19:21:20,831 p=17078 u=ansible n=ansible | ok: [worker-02]
2026-05-01 19:21:20,878 p=17078 u=ansible n=ansible | TASK [common : Load overlay module] ***************************************************************************************
2026-05-01 19:21:22,450 p=17078 u=ansible n=ansible | ok: [worker-02]
2026-05-01 19:21:22,451 p=17078 u=ansible n=ansible | ok: [worker-01]
2026-05-01 19:21:22,459 p=17078 u=ansible n=ansible | ok: [Master]
2026-05-01 19:21:22,478 p=17078 u=ansible n=ansible | TASK [common : Load br_netfilter module] **********************************************************************************
2026-05-01 19:21:23,079 p=17078 u=ansible n=ansible | ok: [worker-01]
2026-05-01 19:21:23,090 p=17078 u=ansible n=ansible | ok: [Master]
2026-05-01 19:21:23,194 p=17078 u=ansible n=ansible | ok: [worker-02]
2026-05-01 19:21:23,210 p=17078 u=ansible n=ansible | TASK [common : Set sysctl params for Kubernetes] **************************************************************************
2026-05-01 19:21:24,270 p=17078 u=ansible n=ansible | ok: [Master]
2026-05-01 19:21:24,808 p=17078 u=ansible n=ansible | ok: [worker-01]
2026-05-01 19:21:24,930 p=17078 u=ansible n=ansible | ok: [worker-02]
2026-05-01 19:21:24,945 p=17078 u=ansible n=ansible | TASK [common : Apply sysctl params] ***************************************************************************************
2026-05-01 19:21:25,555 p=17078 u=ansible n=ansible | changed: [Master]
2026-05-01 19:21:25,605 p=17078 u=ansible n=ansible | changed: [worker-02]
2026-05-01 19:21:25,615 p=17078 u=ansible n=ansible | changed: [worker-01]
2026-05-01 19:21:25,635 p=17078 u=ansible n=ansible | TASK [common : Install required packages] *********************************************************************************
2026-05-01 19:21:28,419 p=17078 u=ansible n=ansible | ok: [worker-02]
2026-05-01 19:21:29,695 p=17078 u=ansible n=ansible | ok: [worker-01]
2026-05-01 19:21:29,864 p=17078 u=ansible n=ansible | ok: [Master]
2026-05-01 19:21:29,929 p=17078 u=ansible n=ansible | TASK [common : Add Docker repo (contains containerd)] *********************************************************************
2026-05-01 19:21:30,635 p=17078 u=ansible n=ansible | ok: [Master]
2026-05-01 19:21:30,652 p=17078 u=ansible n=ansible | ok: [worker-01]
2026-05-01 19:21:30,678 p=17078 u=ansible n=ansible | ok: [worker-02]
2026-05-01 19:21:30,691 p=17078 u=ansible n=ansible | TASK [common : Install containerd] ****************************************************************************************
2026-05-01 19:21:32,761 p=17078 u=ansible n=ansible | ok: [worker-02]
2026-05-01 19:21:33,703 p=17078 u=ansible n=ansible | ok: [worker-01]
2026-05-01 19:21:33,791 p=17078 u=ansible n=ansible | ok: [Master]
2026-05-01 19:21:33,809 p=17078 u=ansible n=ansible | TASK [common : Create containerd config directory] ************************************************************************
2026-05-01 19:21:34,365 p=17078 u=ansible n=ansible | ok: [worker-02]
2026-05-01 19:21:34,384 p=17078 u=ansible n=ansible | ok: [Master]
2026-05-01 19:21:34,400 p=17078 u=ansible n=ansible | ok: [worker-01]
2026-05-01 19:21:34,418 p=17078 u=ansible n=ansible | TASK [common : Generate default containerd config] ************************************************************************
2026-05-01 19:21:35,257 p=17078 u=ansible n=ansible | ok: [Master]
2026-05-01 19:21:35,272 p=17078 u=ansible n=ansible | ok: [worker-01]
2026-05-01 19:21:35,290 p=17078 u=ansible n=ansible | ok: [worker-02]
2026-05-01 19:21:35,307 p=17078 u=ansible n=ansible | TASK [common : Enable SystemdCgroup in containerd config] *****************************************************************
2026-05-01 19:21:36,203 p=17078 u=ansible n=ansible | ok: [worker-01]
2026-05-01 19:21:36,241 p=17078 u=ansible n=ansible | ok: [Master]
2026-05-01 19:21:36,267 p=17078 u=ansible n=ansible | ok: [worker-02]
2026-05-01 19:21:36,288 p=17078 u=ansible n=ansible | TASK [common : Enable and start containerd] *******************************************************************************
2026-05-01 19:21:37,197 p=17078 u=ansible n=ansible | ok: [Master]
2026-05-01 19:21:37,256 p=17078 u=ansible n=ansible | ok: [worker-02]
2026-05-01 19:21:37,318 p=17078 u=ansible n=ansible | ok: [worker-01]
2026-05-01 19:21:37,339 p=17078 u=ansible n=ansible | TASK [common : Add Kubernetes yum repository] *****************************************************************************
2026-05-01 19:21:38,353 p=17078 u=ansible n=ansible | ok: [Master]
2026-05-01 19:21:38,809 p=17078 u=ansible n=ansible | ok: [worker-02]
2026-05-01 19:21:38,848 p=17078 u=ansible n=ansible | ok: [worker-01]
2026-05-01 19:21:38,864 p=17078 u=ansible n=ansible | TASK [common : Install kubelet, kubeadm, kubectl] *************************************************************************
2026-05-01 19:21:40,725 p=17078 u=ansible n=ansible | ok: [worker-02]
2026-05-01 19:21:41,996 p=17078 u=ansible n=ansible | ok: [worker-01]
2026-05-01 19:21:42,005 p=17078 u=ansible n=ansible | ok: [Master]
2026-05-01 19:21:42,029 p=17078 u=ansible n=ansible | TASK [common : Enable and start kubelet] **********************************************************************************
2026-05-01 19:21:43,423 p=17078 u=ansible n=ansible | ok: [worker-01]
2026-05-01 19:21:43,508 p=17078 u=ansible n=ansible | ok: [Master]
2026-05-01 19:21:43,550 p=17078 u=ansible n=ansible | ok: [worker-02]
2026-05-01 19:21:43,843 p=17078 u=ansible n=ansible | PLAY [Initialize Kubernetes control plane] ********************************************************************************
2026-05-01 19:21:43,867 p=17078 u=ansible n=ansible | TASK [Gathering Facts] ****************************************************************************************************
2026-05-01 19:21:46,585 p=17078 u=ansible n=ansible | ok: [Master]
2026-05-01 19:21:46,758 p=17078 u=ansible n=ansible | TASK [master : Check if Kubernetes is already initialized] ****************************************************************
2026-05-01 19:21:47,835 p=17078 u=ansible n=ansible | ok: [Master]
2026-05-01 19:21:47,856 p=17078 u=ansible n=ansible | TASK [master : Initialize Kubernetes control plane with kubeadm] **********************************************************
2026-05-01 19:21:47,892 p=17078 u=ansible n=ansible | skipping: [Master]
2026-05-01 19:21:47,913 p=17078 u=ansible n=ansible | TASK [master : Print kubeadm init output] *********************************************************************************
2026-05-01 19:21:47,964 p=17078 u=ansible n=ansible | skipping: [Master]
2026-05-01 19:21:47,984 p=17078 u=ansible n=ansible | TASK [master : Create .kube directory for root] ***************************************************************************
2026-05-01 19:21:48,497 p=17078 u=ansible n=ansible | ok: [Master]
2026-05-01 19:21:48,512 p=17078 u=ansible n=ansible | TASK [master : Copy admin.conf to root's .kube/config] ********************************************************************
2026-05-01 19:21:49,306 p=17078 u=ansible n=ansible | ok: [Master]
2026-05-01 19:21:49,326 p=17078 u=ansible n=ansible | TASK [master : Create .kube directory for ansible user] *******************************************************************
2026-05-01 19:21:49,846 p=17078 u=ansible n=ansible | ok: [Master]
2026-05-01 19:21:49,867 p=17078 u=ansible n=ansible | TASK [master : Copy admin.conf to ansible user's .kube/config] ************************************************************
2026-05-01 19:21:50,382 p=17078 u=ansible n=ansible | ok: [Master]
2026-05-01 19:21:50,401 p=17078 u=ansible n=ansible | TASK [master : Check if Calico is already installed] **********************************************************************
2026-05-01 19:21:51,371 p=17078 u=ansible n=ansible | ok: [Master]
2026-05-01 19:21:51,392 p=17078 u=ansible n=ansible | TASK [master : Download Calico manifest] **********************************************************************************
2026-05-01 19:21:51,458 p=17078 u=ansible n=ansible | skipping: [Master]
2026-05-01 19:21:51,504 p=17078 u=ansible n=ansible | TASK [master : Apply Calico CNI manifest] *********************************************************************************
2026-05-01 19:21:51,541 p=17078 u=ansible n=ansible | skipping: [Master]
2026-05-01 19:21:51,614 p=17078 u=ansible n=ansible | TASK [master : Wait for Calico pods to be running] ************************************************************************
2026-05-01 19:22:40,241 p=17078 u=ansible n=ansible | changed: [Master]
2026-05-01 19:22:40,292 p=17078 u=ansible n=ansible | TASK [master : Generate kubeadm join command] *****************************************************************************
2026-05-01 19:22:41,734 p=17078 u=ansible n=ansible | changed: [Master]
2026-05-01 19:22:41,784 p=17078 u=ansible n=ansible | TASK [master : Set join command fact] *************************************************************************************
2026-05-01 19:22:41,882 p=17078 u=ansible n=ansible | ok: [Master]
2026-05-01 19:22:41,945 p=17078 u=ansible n=ansible | TASK [master : Save join command to local file] ***************************************************************************
2026-05-01 19:22:43,616 p=17078 u=ansible n=ansible | changed: [Master -> localhost]
2026-05-01 19:22:43,635 p=17078 u=ansible n=ansible | TASK [master : Install bash-completion] ***********************************************************************************
2026-05-01 19:22:46,386 p=17078 u=ansible n=ansible | ok: [Master]
2026-05-01 19:22:46,402 p=17078 u=ansible n=ansible | TASK [master : Add kubectl bash completion] *******************************************************************************
2026-05-01 19:22:47,282 p=17078 u=ansible n=ansible | ok: [Master]
2026-05-01 19:22:47,307 p=17078 u=ansible n=ansible | TASK [master : Add kubectl alias] *****************************************************************************************
2026-05-01 19:22:47,827 p=17078 u=ansible n=ansible | ok: [Master]
2026-05-01 19:22:47,852 p=17078 u=ansible n=ansible | TASK [master : Print cluster info] ****************************************************************************************
2026-05-01 19:22:48,684 p=17078 u=ansible n=ansible | changed: [Master]
2026-05-01 19:22:48,728 p=17078 u=ansible n=ansible | TASK [master : Display cluster info] **************************************************************************************
2026-05-01 19:22:48,838 p=17078 u=ansible n=ansible | ok: [Master] => 
  cluster_info.stdout_lines:
  - Kubernetes control plane is running at https://192.168.1.89:6443
  - CoreDNS is running at https://192.168.1.89:6443/api/v1/namespaces/kube-system/services/kube-dns:dns/proxy
  - ''
  - To further debug and diagnose cluster problems, use 'kubectl cluster-info dump'.
2026-05-01 19:22:48,981 p=17078 u=ansible n=ansible | PLAY [Join worker nodes to the cluster] ***********************************************************************************
2026-05-01 19:22:49,003 p=17078 u=ansible n=ansible | TASK [Gathering Facts] ****************************************************************************************************
2026-05-01 19:22:51,282 p=17078 u=ansible n=ansible | ok: [worker-02]
2026-05-01 19:22:51,575 p=17078 u=ansible n=ansible | ok: [worker-01]
2026-05-01 19:22:51,731 p=17078 u=ansible n=ansible | TASK [worker : Check if node is already part of a cluster] ****************************************************************
2026-05-01 19:22:52,695 p=17078 u=ansible n=ansible | ok: [worker-01]
2026-05-01 19:22:52,712 p=17078 u=ansible n=ansible | ok: [worker-02]
2026-05-01 19:22:52,745 p=17078 u=ansible n=ansible | TASK [worker : Read join command from local file] *************************************************************************
2026-05-01 19:22:52,795 p=17078 u=ansible n=ansible | skipping: [worker-01]
2026-05-01 19:22:52,845 p=17078 u=ansible n=ansible | skipping: [worker-02]
2026-05-01 19:22:52,884 p=17078 u=ansible n=ansible | TASK [worker : Join the Kubernetes cluster] *******************************************************************************
2026-05-01 19:22:53,024 p=17078 u=ansible n=ansible | skipping: [worker-01]
2026-05-01 19:22:53,083 p=17078 u=ansible n=ansible | skipping: [worker-02]
2026-05-01 19:22:53,134 p=17078 u=ansible n=ansible | TASK [worker : Print join result] *****************************************************************************************
2026-05-01 19:22:53,250 p=17078 u=ansible n=ansible | skipping: [worker-01]
2026-05-01 19:22:53,327 p=17078 u=ansible n=ansible | skipping: [worker-02]
2026-05-01 19:22:53,374 p=17078 u=ansible n=ansible | TASK [worker : Ensure kubelet is running on worker] ***********************************************************************
2026-05-01 19:22:54,525 p=17078 u=ansible n=ansible | ok: [worker-01]
2026-05-01 19:22:54,534 p=17078 u=ansible n=ansible | ok: [worker-02]
2026-05-01 19:22:54,667 p=17078 u=ansible n=ansible | PLAY [Verify cluster is healthy] ******************************************************************************************
2026-05-01 19:22:54,711 p=17078 u=ansible n=ansible | TASK [Wait for all nodes to be Ready] *************************************************************************************
2026-05-01 19:22:55,487 p=17078 u=ansible n=ansible | changed: [Master]
2026-05-01 19:22:55,502 p=17078 u=ansible n=ansible | TASK [Get node status] ****************************************************************************************************
2026-05-01 19:22:56,126 p=17078 u=ansible n=ansible | changed: [Master]
2026-05-01 19:22:56,145 p=17078 u=ansible n=ansible | TASK [Display all nodes] **************************************************************************************************
2026-05-01 19:22:56,188 p=17078 u=ansible n=ansible | ok: [Master] => 
  nodes_output.stdout_lines:
  - NAME        STATUS   ROLES           AGE     VERSION    INTERNAL-IP    EXTERNAL-IP   OS-IMAGE                      KERNEL-VERSION                 CONTAINER-RUNTIME
  - master      Ready    control-plane   5m33s   v1.29.15   192.168.1.89   <none>        Rocky Linux 9.7 (Blue Onyx)   5.14.0-611.47.1.el9_7.x86_64   containerd://2.2.2
  - worker-02   Ready    <none>          2m39s   v1.29.15   192.168.1.88   <none>        Rocky Linux 9.7 (Blue Onyx)   5.14.0-611.5.1.el9_7.x86_64    containerd://2.2.3
2026-05-01 19:22:56,204 p=17078 u=ansible n=ansible | TASK [Get all pods across all namespaces] *********************************************************************************
2026-05-01 19:22:56,837 p=17078 u=ansible n=ansible | changed: [Master]
2026-05-01 19:22:56,858 p=17078 u=ansible n=ansible | TASK [Display all pods] ***************************************************************************************************
2026-05-01 19:22:56,908 p=17078 u=ansible n=ansible | ok: [Master] => 
  pods_output.stdout_lines:
  - NAMESPACE     NAME                                       READY   STATUS    RESTARTS   AGE     IP               NODE        NOMINATED NODE   READINESS GATES
  - kube-system   calico-kube-controllers-5fc7d6cf67-zdj88   1/1     Running   0          5m15s   192.168.219.66   master      <none>           <none>
  - kube-system   calico-node-c25ln                          1/1     Running   0          2m39s   192.168.1.88     worker-02   <none>           <none>
  - kube-system   calico-node-ftfgr                          1/1     Running   0          5m15s   192.168.1.89     master      <none>           <none>
  - kube-system   coredns-76f75df574-bkb9m                   1/1     Running   0          5m15s   192.168.219.65   master      <none>           <none>
  - kube-system   coredns-76f75df574-thbpg                   1/1     Running   0          5m15s   192.168.219.67   master      <none>           <none>
  - kube-system   etcd-master                                1/1     Running   0          5m26s   192.168.1.89     master      <none>           <none>
  - kube-system   kube-apiserver-master                      1/1     Running   0          5m28s   192.168.1.89     master      <none>           <none>
  - kube-system   kube-controller-manager-master             1/1     Running   2          5m31s   192.168.1.89     master      <none>           <none>
  - kube-system   kube-proxy-hx8ch                           1/1     Running   0          2m39s   192.168.1.88     worker-02   <none>           <none>
  - kube-system   kube-proxy-l2g2k                           1/1     Running   0          5m15s   192.168.1.89     master      <none>           <none>
  - kube-system   kube-scheduler-master                      1/1     Running   2          5m26s   192.168.1.89     master      <none>           <none>
2026-05-01 19:22:56,975 p=17078 u=ansible n=ansible | PLAY RECAP ****************************************************************************************************************
2026-05-01 19:22:56,975 p=17078 u=ansible n=ansible | Master                     : ok=44   changed=9    unreachable=0    failed=0    skipped=6    rescued=0    ignored=0   
2026-05-01 19:22:56,976 p=17078 u=ansible n=ansible | worker-01                  : ok=26   changed=2    unreachable=0    failed=0    skipped=5    rescued=0    ignored=0   
2026-05-01 19:22:56,977 p=17078 u=ansible n=ansible | worker-02                  : ok=26   changed=2    unreachable=0    failed=0    skipped=5    rescued=0    ignored=0   
2026-05-01 20:04:05,689 p=45804 u=ansible n=ansible | worker-01 | FAILED! => {
    "msg": "The module pind was not found in configured module paths"
}
2026-05-01 20:04:05,705 p=45804 u=ansible n=ansible | worker-02 | FAILED! => {
    "msg": "The module pind was not found in configured module paths"
}
2026-05-01 20:04:05,706 p=45804 u=ansible n=ansible | Master | FAILED! => {
    "msg": "The module pind was not found in configured module paths"
}
2026-05-01 20:04:13,167 p=45825 u=ansible n=ansible | worker-01 | SUCCESS => {
    "ansible_facts": {
        "discovered_interpreter_python": "/usr/bin/python3"
    },
    "changed": false,
    "ping": "pong"
}
2026-05-01 20:04:13,175 p=45825 u=ansible n=ansible | Master | SUCCESS => {
    "ansible_facts": {
        "discovered_interpreter_python": "/usr/bin/python3"
    },
    "changed": false,
    "ping": "pong"
}
2026-05-01 20:04:13,570 p=45825 u=ansible n=ansible | worker-02 | SUCCESS => {
    "ansible_facts": {
        "discovered_interpreter_python": "/usr/bin/python3"
    },
    "changed": false,
    "ping": "pong"
}
2026-05-01 20:34:31,359 p=65424 u=ansible n=ansible | PLAY [Configure all cluster nodes (common prerequisites)] **********************************
2026-05-01 20:34:31,538 p=65424 u=ansible n=ansible | PLAY [Initialize Kubernetes control plane] *************************************************
2026-05-01 20:34:31,607 p=65424 u=ansible n=ansible | PLAY [Join worker nodes to the cluster] ****************************************************
2026-05-01 20:34:31,719 p=65424 u=ansible n=ansible | PLAY [Verify cluster is healthy] ***********************************************************
2026-05-01 20:34:31,767 p=65424 u=ansible n=ansible | PLAY RECAP *********************************************************************************
2026-05-01 20:34:37,271 p=65535 u=ansible n=ansible | PLAY [Configure all cluster nodes (common prerequisites)] **********************************
2026-05-01 20:34:37,449 p=65535 u=ansible n=ansible | PLAY [Initialize Kubernetes control plane] *************************************************
2026-05-01 20:34:37,520 p=65535 u=ansible n=ansible | PLAY [Join worker nodes to the cluster] ****************************************************
2026-05-01 20:34:37,536 p=65535 u=ansible n=ansible | TASK [Gathering Facts] *********************************************************************
2026-05-01 20:34:41,023 p=65535 u=ansible n=ansible | ok: [worker-01]
2026-05-01 20:34:42,567 p=65535 u=ansible n=ansible | ok: [worker-02]
2026-05-01 20:34:42,664 p=65535 u=ansible n=ansible | TASK [worker : Check if node is already part of a cluster] *********************************
2026-05-01 20:34:43,664 p=65535 u=ansible n=ansible | ok: [worker-02]
2026-05-01 20:34:43,675 p=65535 u=ansible n=ansible | ok: [worker-01]
2026-05-01 20:34:43,701 p=65535 u=ansible n=ansible | TASK [worker : Read join command from local file] ******************************************
2026-05-01 20:34:43,753 p=65535 u=ansible n=ansible | skipping: [worker-01]
2026-05-01 20:34:43,776 p=65535 u=ansible n=ansible | skipping: [worker-02]
2026-05-01 20:34:43,798 p=65535 u=ansible n=ansible | TASK [worker : Join the Kubernetes cluster] ************************************************
2026-05-01 20:34:43,846 p=65535 u=ansible n=ansible | skipping: [worker-01]
2026-05-01 20:34:43,874 p=65535 u=ansible n=ansible | skipping: [worker-02]
2026-05-01 20:34:43,895 p=65535 u=ansible n=ansible | TASK [worker : Print join result] **********************************************************
2026-05-01 20:34:43,956 p=65535 u=ansible n=ansible | skipping: [worker-01]
2026-05-01 20:34:43,991 p=65535 u=ansible n=ansible | skipping: [worker-02]
2026-05-01 20:34:44,011 p=65535 u=ansible n=ansible | TASK [worker : Ensure kubelet is running on worker] ****************************************
2026-05-01 20:34:45,781 p=65535 u=ansible n=ansible | ok: [worker-02]
2026-05-01 20:34:45,812 p=65535 u=ansible n=ansible | ok: [worker-01]
2026-05-01 20:34:46,018 p=65535 u=ansible n=ansible | PLAY [Verify cluster is healthy] ***********************************************************
2026-05-01 20:34:46,069 p=65535 u=ansible n=ansible | PLAY RECAP *********************************************************************************
2026-05-01 20:34:46,070 p=65535 u=ansible n=ansible | worker-01                  : ok=3    changed=0    unreachable=0    failed=0    skipped=3    rescued=0    ignored=0   
2026-05-01 20:34:46,070 p=65535 u=ansible n=ansible | worker-02                  : ok=3    changed=0    unreachable=0    failed=0    skipped=3    rescued=0    ignored=0   
2026-05-03 12:08:43,225 p=4729 u=ansible n=ansible | Master | SUCCESS => {
    "ansible_facts": {
        "discovered_interpreter_python": "/usr/bin/python3"
    },
    "changed": false,
    "ping": "pong"
}
2026-05-03 12:08:43,684 p=4729 u=ansible n=ansible | worker-02 | SUCCESS => {
    "ansible_facts": {
        "discovered_interpreter_python": "/usr/bin/python3"
    },
    "changed": false,
    "ping": "pong"
}
2026-05-03 12:08:44,779 p=4729 u=ansible n=ansible | worker-01 | SUCCESS => {
    "ansible_facts": {
        "discovered_interpreter_python": "/usr/bin/python3"
    },
    "changed": false,
    "ping": "pong"
}
2026-05-03 12:27:28,842 p=21531 u=ansible n=ansible | ERROR! conflicting action statements: dnf, state

The error appears to be in '/home/ansible/k8s-ansible/reset.yml': line 68, column 7, but may
be elsewhere in the file depending on the exact syntax problem.

The offending line appears to be:


    - name: Remove Kubernetes packages
      ^ here

2026-05-03 12:28:51,657 p=22849 u=ansible n=ansible | PLAY [Reset Kubernetes cluster on all nodes] ***********************************
2026-05-03 12:28:51,800 p=22849 u=ansible n=ansible | TASK [Run kubeadm reset] *******************************************************
2026-05-03 12:29:39,047 p=22849 u=ansible n=ansible | changed: [worker-01]
2026-05-03 12:29:57,797 p=22849 u=ansible n=ansible | changed: [Master]
2026-05-03 12:30:57,982 p=22849 u=ansible n=ansible | changed: [worker-02]
2026-05-03 12:30:57,990 p=22849 u=ansible n=ansible | TASK [Remove CNI config] *******************************************************
2026-05-03 12:30:58,872 p=22849 u=ansible n=ansible | changed: [worker-02]
2026-05-03 12:30:59,080 p=22849 u=ansible n=ansible | changed: [Master]
2026-05-03 12:30:59,461 p=22849 u=ansible n=ansible | changed: [worker-01]
2026-05-03 12:30:59,470 p=22849 u=ansible n=ansible | TASK [Remove .kube directories] ************************************************
2026-05-03 12:31:00,063 p=22849 u=ansible n=ansible | ok: [worker-02] => (item=/root/.kube)
2026-05-03 12:31:00,121 p=22849 u=ansible n=ansible | changed: [Master] => (item=/root/.kube)
2026-05-03 12:31:00,249 p=22849 u=ansible n=ansible | changed: [worker-01] => (item=/root/.kube)
2026-05-03 12:31:00,597 p=22849 u=ansible n=ansible | ok: [worker-02] => (item=/home/ansible/.kube)
2026-05-03 12:31:00,699 p=22849 u=ansible n=ansible | changed: [Master] => (item=/home/ansible/.kube)
2026-05-03 12:31:00,857 p=22849 u=ansible n=ansible | ok: [worker-01] => (item=/home/ansible/.kube)
2026-05-03 12:31:00,868 p=22849 u=ansible n=ansible | TASK [Flush iptables rules] ****************************************************
2026-05-03 12:31:01,460 p=22849 u=ansible n=ansible | changed: [Master] => (item=iptables -F)
2026-05-03 12:31:01,545 p=22849 u=ansible n=ansible | changed: [worker-02] => (item=iptables -F)
2026-05-03 12:31:01,596 p=22849 u=ansible n=ansible | changed: [worker-01] => (item=iptables -F)
2026-05-03 12:31:02,054 p=22849 u=ansible n=ansible | changed: [Master] => (item=iptables -t nat -F)
2026-05-03 12:31:02,082 p=22849 u=ansible n=ansible | changed: [worker-02] => (item=iptables -t nat -F)
2026-05-03 12:31:02,192 p=22849 u=ansible n=ansible | changed: [worker-01] => (item=iptables -t nat -F)
2026-05-03 12:31:02,638 p=22849 u=ansible n=ansible | changed: [worker-02] => (item=iptables -t mangle -F)
2026-05-03 12:31:02,652 p=22849 u=ansible n=ansible | changed: [Master] => (item=iptables -t mangle -F)
2026-05-03 12:31:02,770 p=22849 u=ansible n=ansible | changed: [worker-01] => (item=iptables -t mangle -F)
2026-05-03 12:31:03,191 p=22849 u=ansible n=ansible | changed: [worker-02] => (item=iptables -X)
2026-05-03 12:31:03,218 p=22849 u=ansible n=ansible | changed: [Master] => (item=iptables -X)
2026-05-03 12:31:03,609 p=22849 u=ansible n=ansible | changed: [worker-01] => (item=iptables -X)
2026-05-03 12:31:03,631 p=22849 u=ansible n=ansible | TASK [Remove join command file locally] ****************************************
2026-05-03 12:31:04,194 p=22849 u=ansible n=ansible | changed: [Master -> localhost]
2026-05-03 12:31:04,205 p=22849 u=ansible n=ansible | TASK [Restart containerd] ******************************************************
2026-05-03 12:31:07,008 p=22849 u=ansible n=ansible | changed: [worker-02]
2026-05-03 12:31:07,515 p=22849 u=ansible n=ansible | changed: [Master]
2026-05-03 12:31:11,304 p=22849 u=ansible n=ansible | changed: [worker-01]
2026-05-03 12:31:11,331 p=22849 u=ansible n=ansible | TASK [Print reset complete] ****************************************************
2026-05-03 12:31:11,375 p=22849 u=ansible n=ansible | ok: [Master] => 
  msg: Cluster reset complete on Master
2026-05-03 12:31:11,382 p=22849 u=ansible n=ansible | ok: [worker-01] => 
  msg: Cluster reset complete on worker-01
2026-05-03 12:31:11,404 p=22849 u=ansible n=ansible | ok: [worker-02] => 
  msg: Cluster reset complete on worker-02
2026-05-03 12:31:11,411 p=22849 u=ansible n=ansible | TASK [Remove Kubernetes data directories] **************************************
2026-05-03 12:31:11,991 p=22849 u=ansible n=ansible | changed: [Master] => (item=/etc/kubernetes)
2026-05-03 12:31:12,017 p=22849 u=ansible n=ansible | changed: [worker-02] => (item=/etc/kubernetes)
2026-05-03 12:31:12,056 p=22849 u=ansible n=ansible | changed: [worker-01] => (item=/etc/kubernetes)
2026-05-03 12:31:12,536 p=22849 u=ansible n=ansible | changed: [Master] => (item=/var/lib/etcd)
2026-05-03 12:31:12,573 p=22849 u=ansible n=ansible | ok: [worker-02] => (item=/var/lib/etcd)
2026-05-03 12:31:12,655 p=22849 u=ansible n=ansible | ok: [worker-01] => (item=/var/lib/etcd)
2026-05-03 12:31:13,093 p=22849 u=ansible n=ansible | changed: [Master] => (item=/var/lib/kubelet)
2026-05-03 12:31:13,144 p=22849 u=ansible n=ansible | changed: [worker-02] => (item=/var/lib/kubelet)
2026-05-03 12:31:13,251 p=22849 u=ansible n=ansible | changed: [worker-01] => (item=/var/lib/kubelet)
2026-05-03 12:31:13,631 p=22849 u=ansible n=ansible | changed: [Master] => (item=/etc/cni)
2026-05-03 12:31:13,683 p=22849 u=ansible n=ansible | changed: [worker-02] => (item=/etc/cni)
2026-05-03 12:31:13,846 p=22849 u=ansible n=ansible | changed: [worker-01] => (item=/etc/cni)
2026-05-03 12:31:13,856 p=22849 u=ansible n=ansible | TASK [Remove Kubernetes packages] **********************************************
2026-05-03 12:31:19,071 p=22849 u=ansible n=ansible | changed: [worker-02]
2026-05-03 12:33:42,790 p=22849 u=ansible n=ansible | changed: [Master]
2026-05-03 12:34:12,507 p=22849 u=ansible n=ansible | changed: [worker-01]
2026-05-03 12:34:12,596 p=22849 u=ansible n=ansible | PLAY RECAP *********************************************************************
2026-05-03 12:34:12,597 p=22849 u=ansible n=ansible | Master                     : ok=9    changed=8    unreachable=0    failed=0    skipped=0    rescued=0    ignored=0   
2026-05-03 12:34:12,597 p=22849 u=ansible n=ansible | worker-01                  : ok=8    changed=7    unreachable=0    failed=0    skipped=0    rescued=0    ignored=0   
2026-05-03 12:34:12,598 p=22849 u=ansible n=ansible | worker-02                  : ok=8    changed=6    unreachable=0    failed=0    skipped=0    rescued=0    ignored=0   
2026-05-03 12:53:07,362 p=25388 u=ansible n=ansible | PLAY [Configure all cluster nodes (common prerequisites)] **********************
2026-05-03 12:53:07,494 p=25388 u=ansible n=ansible | TASK [Gathering Facts] *********************************************************
2026-05-03 12:53:11,203 p=25388 u=ansible n=ansible | ok: [worker-02]
2026-05-03 12:53:12,223 p=25388 u=ansible n=ansible | ok: [Master]
2026-05-03 12:53:14,295 p=25388 u=ansible n=ansible | ok: [worker-01]
2026-05-03 12:53:14,438 p=25388 u=ansible n=ansible | TASK [common : Disable swap immediately] ***************************************
2026-05-03 12:53:14,475 p=25388 u=ansible n=ansible | skipping: [Master]
2026-05-03 12:53:15,421 p=25388 u=ansible n=ansible | changed: [worker-02]
2026-05-03 12:54:07,340 p=25388 u=ansible n=ansible | changed: [worker-01]
2026-05-03 12:54:07,360 p=25388 u=ansible n=ansible | TASK [common : Remove swap from /etc/fstab] ************************************
2026-05-03 12:54:08,268 p=25388 u=ansible n=ansible | ok: [Master]
2026-05-03 12:54:08,314 p=25388 u=ansible n=ansible | ok: [worker-02]
2026-05-03 12:54:08,319 p=25388 u=ansible n=ansible | ok: [worker-01]
2026-05-03 12:54:08,343 p=25388 u=ansible n=ansible | TASK [common : Set hostname] ***************************************************
2026-05-03 12:54:10,215 p=25388 u=ansible n=ansible | ok: [worker-02]
2026-05-03 12:54:10,356 p=25388 u=ansible n=ansible | ok: [worker-01]
2026-05-03 12:54:10,458 p=25388 u=ansible n=ansible | ok: [Master]
2026-05-03 12:54:10,524 p=25388 u=ansible n=ansible | TASK [common : Update /etc/hosts with all cluster nodes] ***********************
2026-05-03 12:54:11,427 p=25388 u=ansible n=ansible | ok: [Master]
2026-05-03 12:54:11,456 p=25388 u=ansible n=ansible | changed: [worker-02]
2026-05-03 12:54:11,589 p=25388 u=ansible n=ansible | changed: [worker-01]
2026-05-03 12:54:11,609 p=25388 u=ansible n=ansible | TASK [common : Set SELinux to permissive mode (runtime)] ***********************
2026-05-03 12:54:12,223 p=25388 u=ansible n=ansible | changed: [Master]
2026-05-03 12:54:12,252 p=25388 u=ansible n=ansible | changed: [worker-02]
2026-05-03 12:54:12,270 p=25388 u=ansible n=ansible | changed: [worker-01]
2026-05-03 12:54:12,291 p=25388 u=ansible n=ansible | TASK [common : Set SELinux to permissive mode (permanent)] *********************
2026-05-03 12:54:12,867 p=25388 u=ansible n=ansible | ok: [Master]
2026-05-03 12:54:12,930 p=25388 u=ansible n=ansible | ok: [worker-01]
2026-05-03 12:54:12,930 p=25388 u=ansible n=ansible | ok: [worker-02]
2026-05-03 12:54:12,951 p=25388 u=ansible n=ansible | TASK [common : Ensure firewalld is started] ************************************
2026-05-03 12:54:16,615 p=25388 u=ansible n=ansible | changed: [worker-02]
2026-05-03 12:54:19,661 p=25388 u=ansible n=ansible | changed: [Master]
2026-05-03 13:03:26,170 p=25388 u=ansible n=ansible |  [ERROR]: User interrupted execution

2026-05-03 13:03:29,232 p=25756 u=ansible n=ansible | PLAY [Configure all cluster nodes (common prerequisites)] *****************************************************************
2026-05-03 13:03:29,265 p=25756 u=ansible n=ansible | TASK [Gathering Facts] ****************************************************************************************************
2026-05-03 13:03:32,385 p=25756 u=ansible n=ansible | ok: [Master]
2026-05-03 13:03:32,416 p=25756 u=ansible n=ansible | ok: [worker-02]
2026-05-03 13:04:10,887 p=25756 u=ansible n=ansible | ok: [worker-01]
2026-05-03 13:04:11,003 p=25756 u=ansible n=ansible | TASK [common : Disable swap immediately] **********************************************************************************
2026-05-03 13:04:11,070 p=25756 u=ansible n=ansible | skipping: [Master]
2026-05-03 13:04:11,072 p=25756 u=ansible n=ansible | skipping: [worker-01]
2026-05-03 13:04:11,090 p=25756 u=ansible n=ansible | skipping: [worker-02]
2026-05-03 13:04:11,112 p=25756 u=ansible n=ansible | TASK [common : Remove swap from /etc/fstab] *******************************************************************************
2026-05-03 13:04:11,993 p=25756 u=ansible n=ansible | ok: [Master]
2026-05-03 13:04:12,044 p=25756 u=ansible n=ansible | ok: [worker-01]
2026-05-03 13:04:12,214 p=25756 u=ansible n=ansible | ok: [worker-02]
2026-05-03 13:04:12,234 p=25756 u=ansible n=ansible | TASK [common : Set hostname] **********************************************************************************************
2026-05-03 13:04:14,064 p=25756 u=ansible n=ansible | ok: [Master]
2026-05-03 13:04:14,139 p=25756 u=ansible n=ansible | ok: [worker-02]
2026-05-03 13:04:14,227 p=25756 u=ansible n=ansible | ok: [worker-01]
2026-05-03 13:04:14,247 p=25756 u=ansible n=ansible | TASK [common : Update /etc/hosts with all cluster nodes] ******************************************************************
2026-05-03 13:04:15,153 p=25756 u=ansible n=ansible | ok: [Master]
2026-05-03 13:04:15,201 p=25756 u=ansible n=ansible | ok: [worker-02]
2026-05-03 13:04:15,202 p=25756 u=ansible n=ansible | ok: [worker-01]
2026-05-03 13:04:15,219 p=25756 u=ansible n=ansible | TASK [common : Set SELinux to permissive mode (runtime)] ******************************************************************
2026-05-03 13:04:16,047 p=25756 u=ansible n=ansible | changed: [Master]
2026-05-03 13:04:16,084 p=25756 u=ansible n=ansible | changed: [worker-02]
2026-05-03 13:04:16,187 p=25756 u=ansible n=ansible | changed: [worker-01]
2026-05-03 13:04:16,205 p=25756 u=ansible n=ansible | TASK [common : Set SELinux to permissive mode (permanent)] ****************************************************************
2026-05-03 13:04:16,779 p=25756 u=ansible n=ansible | ok: [Master]
2026-05-03 13:04:16,841 p=25756 u=ansible n=ansible | ok: [worker-02]
2026-05-03 13:04:16,859 p=25756 u=ansible n=ansible | ok: [worker-01]
2026-05-03 13:04:16,879 p=25756 u=ansible n=ansible | TASK [common : Ensure firewalld is started] *******************************************************************************
2026-05-03 13:04:18,465 p=25756 u=ansible n=ansible | ok: [Master]
2026-05-03 13:04:18,472 p=25756 u=ansible n=ansible | ok: [worker-02]
2026-05-03 13:04:18,486 p=25756 u=ansible n=ansible | ok: [worker-01]
2026-05-03 13:04:18,507 p=25756 u=ansible n=ansible | TASK [common : Open required ports on control plane] **********************************************************************
2026-05-03 13:04:18,580 p=25756 u=ansible n=ansible | skipping: [worker-01] => (item=6443/tcp) 
2026-05-03 13:04:18,586 p=25756 u=ansible n=ansible | skipping: [worker-01] => (item=2379/tcp) 
2026-05-03 13:04:18,594 p=25756 u=ansible n=ansible | skipping: [worker-01] => (item=2380/tcp) 
2026-05-03 13:04:18,604 p=25756 u=ansible n=ansible | skipping: [worker-01] => (item=10250/tcp) 
2026-05-03 13:04:18,611 p=25756 u=ansible n=ansible | skipping: [worker-02] => (item=6443/tcp) 
2026-05-03 13:04:18,622 p=25756 u=ansible n=ansible | skipping: [worker-01] => (item=10257/tcp) 
2026-05-03 13:04:18,634 p=25756 u=ansible n=ansible | skipping: [worker-02] => (item=2379/tcp) 
2026-05-03 13:04:18,636 p=25756 u=ansible n=ansible | skipping: [worker-01] => (item=10259/tcp) 
2026-05-03 13:04:18,638 p=25756 u=ansible n=ansible | skipping: [worker-02] => (item=2380/tcp) 
2026-05-03 13:04:18,640 p=25756 u=ansible n=ansible | skipping: [worker-01] => (item=179/tcp) 
2026-05-03 13:04:18,641 p=25756 u=ansible n=ansible | skipping: [worker-02] => (item=10250/tcp) 
2026-05-03 13:04:18,643 p=25756 u=ansible n=ansible | skipping: [worker-01] => (item=4789/udp) 
2026-05-03 13:04:18,646 p=25756 u=ansible n=ansible | skipping: [worker-01]
2026-05-03 13:04:18,649 p=25756 u=ansible n=ansible | skipping: [worker-02] => (item=10257/tcp) 
2026-05-03 13:04:18,657 p=25756 u=ansible n=ansible | skipping: [worker-02] => (item=10259/tcp) 
2026-05-03 13:04:18,665 p=25756 u=ansible n=ansible | skipping: [worker-02] => (item=179/tcp) 
2026-05-03 13:04:18,671 p=25756 u=ansible n=ansible | skipping: [worker-02] => (item=4789/udp) 
2026-05-03 13:04:18,673 p=25756 u=ansible n=ansible | skipping: [worker-02]
2026-05-03 13:04:20,202 p=25756 u=ansible n=ansible | ok: [Master] => (item=6443/tcp)
2026-05-03 13:04:21,137 p=25756 u=ansible n=ansible | ok: [Master] => (item=2379/tcp)
2026-05-03 13:04:22,092 p=25756 u=ansible n=ansible | ok: [Master] => (item=2380/tcp)
2026-05-03 13:04:23,057 p=25756 u=ansible n=ansible | ok: [Master] => (item=10250/tcp)
2026-05-03 13:04:24,015 p=25756 u=ansible n=ansible | ok: [Master] => (item=10257/tcp)
2026-05-03 13:04:24,968 p=25756 u=ansible n=ansible | ok: [Master] => (item=10259/tcp)
2026-05-03 13:04:25,940 p=25756 u=ansible n=ansible | ok: [Master] => (item=179/tcp)
2026-05-03 13:04:26,893 p=25756 u=ansible n=ansible | ok: [Master] => (item=4789/udp)
2026-05-03 13:04:26,916 p=25756 u=ansible n=ansible | TASK [common : Open required ports on worker nodes] ***********************************************************************
2026-05-03 13:04:26,960 p=25756 u=ansible n=ansible | skipping: [Master] => (item=10250/tcp) 
2026-05-03 13:04:26,965 p=25756 u=ansible n=ansible | skipping: [Master] => (item=30000-32767/tcp) 
2026-05-03 13:04:26,974 p=25756 u=ansible n=ansible | skipping: [Master] => (item=179/tcp) 
2026-05-03 13:04:26,983 p=25756 u=ansible n=ansible | skipping: [Master] => (item=4789/udp) 
2026-05-03 13:04:26,995 p=25756 u=ansible n=ansible | skipping: [Master]
2026-05-03 13:04:27,950 p=25756 u=ansible n=ansible | ok: [worker-02] => (item=10250/tcp)
2026-05-03 13:04:28,725 p=25756 u=ansible n=ansible | ok: [worker-01] => (item=10250/tcp)
2026-05-03 13:04:28,888 p=25756 u=ansible n=ansible | ok: [worker-02] => (item=30000-32767/tcp)
2026-05-03 13:04:29,686 p=25756 u=ansible n=ansible | ok: [worker-01] => (item=30000-32767/tcp)
2026-05-03 13:04:29,864 p=25756 u=ansible n=ansible | ok: [worker-02] => (item=179/tcp)
2026-05-03 13:04:30,639 p=25756 u=ansible n=ansible | ok: [worker-01] => (item=179/tcp)
2026-05-03 13:04:30,791 p=25756 u=ansible n=ansible | ok: [worker-02] => (item=4789/udp)
2026-05-03 13:04:31,612 p=25756 u=ansible n=ansible | ok: [worker-01] => (item=4789/udp)
2026-05-03 13:04:31,735 p=25756 u=ansible n=ansible | TASK [common : Load kernel modules config] ********************************************************************************
2026-05-03 13:04:33,739 p=25756 u=ansible n=ansible | ok: [worker-02]
2026-05-03 13:04:33,786 p=25756 u=ansible n=ansible | ok: [Master]
2026-05-03 13:04:33,978 p=25756 u=ansible n=ansible | ok: [worker-01]
2026-05-03 13:04:33,998 p=25756 u=ansible n=ansible | TASK [common : Load overlay module] ***************************************************************************************
2026-05-03 13:04:34,911 p=25756 u=ansible n=ansible | ok: [Master]
2026-05-03 13:04:34,946 p=25756 u=ansible n=ansible | ok: [worker-02]
2026-05-03 13:04:34,965 p=25756 u=ansible n=ansible | ok: [worker-01]
2026-05-03 13:04:34,987 p=25756 u=ansible n=ansible | TASK [common : Load br_netfilter module] **********************************************************************************
2026-05-03 13:04:35,560 p=25756 u=ansible n=ansible | ok: [Master]
2026-05-03 13:04:35,613 p=25756 u=ansible n=ansible | ok: [worker-01]
2026-05-03 13:04:35,619 p=25756 u=ansible n=ansible | ok: [worker-02]
2026-05-03 13:04:35,645 p=25756 u=ansible n=ansible | TASK [common : Set sysctl params for Kubernetes] **************************************************************************
2026-05-03 13:04:36,869 p=25756 u=ansible n=ansible | ok: [Master]
2026-05-03 13:04:37,240 p=25756 u=ansible n=ansible | ok: [worker-02]
2026-05-03 13:04:37,370 p=25756 u=ansible n=ansible | ok: [worker-01]
2026-05-03 13:04:37,391 p=25756 u=ansible n=ansible | TASK [common : Apply sysctl params] ***************************************************************************************
2026-05-03 13:04:38,031 p=25756 u=ansible n=ansible | changed: [worker-02]
2026-05-03 13:04:38,497 p=25756 u=ansible n=ansible | changed: [Master]
2026-05-03 13:04:38,569 p=25756 u=ansible n=ansible | changed: [worker-01]
2026-05-03 13:04:38,586 p=25756 u=ansible n=ansible | TASK [common : Install required packages] *********************************************************************************
2026-05-03 13:04:41,098 p=25756 u=ansible n=ansible | ok: [worker-02]
2026-05-03 13:04:47,826 p=25756 u=ansible n=ansible | ok: [Master]
2026-05-03 13:04:56,495 p=25756 u=ansible n=ansible | ok: [worker-01]
2026-05-03 13:04:56,514 p=25756 u=ansible n=ansible | TASK [common : Add Docker repo (contains containerd)] *********************************************************************
2026-05-03 13:04:57,061 p=25756 u=ansible n=ansible | ok: [Master]
2026-05-03 13:04:57,125 p=25756 u=ansible n=ansible | ok: [worker-02]
2026-05-03 13:04:57,173 p=25756 u=ansible n=ansible | ok: [worker-01]
2026-05-03 13:04:57,193 p=25756 u=ansible n=ansible | TASK [common : Install containerd] ****************************************************************************************
2026-05-03 13:04:59,125 p=25756 u=ansible n=ansible | ok: [worker-02]
2026-05-03 13:05:01,334 p=25756 u=ansible n=ansible | ok: [Master]
2026-05-03 13:05:10,395 p=25756 u=ansible n=ansible | ok: [worker-01]
2026-05-03 13:05:10,417 p=25756 u=ansible n=ansible | TASK [common : Create containerd config directory] ************************************************************************
2026-05-03 13:05:11,030 p=25756 u=ansible n=ansible | ok: [Master]
2026-05-03 13:05:11,072 p=25756 u=ansible n=ansible | ok: [worker-02]
2026-05-03 13:05:11,130 p=25756 u=ansible n=ansible | ok: [worker-01]
2026-05-03 13:05:11,177 p=25756 u=ansible n=ansible | TASK [common : Generate default containerd config] ************************************************************************
2026-05-03 13:05:11,750 p=25756 u=ansible n=ansible | ok: [Master]
2026-05-03 13:05:11,804 p=25756 u=ansible n=ansible | ok: [worker-01]
2026-05-03 13:05:11,814 p=25756 u=ansible n=ansible | ok: [worker-02]
2026-05-03 13:05:11,835 p=25756 u=ansible n=ansible | TASK [common : Enable SystemdCgroup in containerd config] *****************************************************************
2026-05-03 13:05:12,405 p=25756 u=ansible n=ansible | ok: [Master]
2026-05-03 13:05:12,477 p=25756 u=ansible n=ansible | ok: [worker-02]
2026-05-03 13:05:12,515 p=25756 u=ansible n=ansible | ok: [worker-01]
2026-05-03 13:05:12,535 p=25756 u=ansible n=ansible | TASK [common : Enable and start containerd] *******************************************************************************
2026-05-03 13:05:13,502 p=25756 u=ansible n=ansible | ok: [Master]
2026-05-03 13:05:13,541 p=25756 u=ansible n=ansible | ok: [worker-02]
2026-05-03 13:05:13,550 p=25756 u=ansible n=ansible | ok: [worker-01]
2026-05-03 13:05:13,571 p=25756 u=ansible n=ansible | TASK [common : Add Kubernetes yum repository] *****************************************************************************
2026-05-03 13:05:14,746 p=25756 u=ansible n=ansible | ok: [Master]
2026-05-03 13:05:15,216 p=25756 u=ansible n=ansible | ok: [worker-02]
2026-05-03 13:05:15,305 p=25756 u=ansible n=ansible | ok: [worker-01]
2026-05-03 13:05:15,327 p=25756 u=ansible n=ansible | TASK [common : Install kubelet, kubeadm, kubectl] *************************************************************************
2026-05-03 13:05:32,481 p=25756 u=ansible n=ansible | changed: [worker-02]
2026-05-03 13:06:13,245 p=25756 u=ansible n=ansible | changed: [Master]
2026-05-03 13:06:18,341 p=25756 u=ansible n=ansible | changed: [worker-01]
2026-05-03 13:06:18,357 p=25756 u=ansible n=ansible | TASK [common : Enable and start kubelet] **********************************************************************************
2026-05-03 13:06:19,905 p=25756 u=ansible n=ansible | changed: [worker-02]
2026-05-03 13:06:19,964 p=25756 u=ansible n=ansible | changed: [Master]
2026-05-03 13:06:20,130 p=25756 u=ansible n=ansible | changed: [worker-01]
2026-05-03 13:06:20,373 p=25756 u=ansible n=ansible | PLAY [Initialize Kubernetes control plane] ********************************************************************************
2026-05-03 13:06:20,406 p=25756 u=ansible n=ansible | TASK [Gathering Facts] ****************************************************************************************************
2026-05-03 13:06:22,603 p=25756 u=ansible n=ansible | ok: [Master]
2026-05-03 13:06:22,657 p=25756 u=ansible n=ansible | TASK [master : Check if Kubernetes is already initialized] ****************************************************************
2026-05-03 13:06:23,215 p=25756 u=ansible n=ansible | ok: [Master]
2026-05-03 13:06:23,238 p=25756 u=ansible n=ansible | TASK [master : Initialize Kubernetes control plane with kubeadm] **********************************************************
2026-05-03 13:07:24,072 p=25756 u=ansible n=ansible | changed: [Master]
2026-05-03 13:07:24,149 p=25756 u=ansible n=ansible | TASK [master : Print kubeadm init output] *********************************************************************************
2026-05-03 13:07:24,384 p=25756 u=ansible n=ansible | ok: [Master] => 
  kubeadm_init_output.stdout_lines:
  - '[init] Using Kubernetes version: v1.29.15'
  - '[preflight] Running pre-flight checks'
  - '[preflight] Pulling images required for setting up a Kubernetes cluster'
  - '[preflight] This might take a minute or two, depending on the speed of your internet connection'
  - '[preflight] You can also perform this action in beforehand using ''kubeadm config images pull'''
  - '[certs] Using certificateDir folder "/etc/kubernetes/pki"'
  - '[certs] Generating "ca" certificate and key'
  - '[certs] Generating "apiserver" certificate and key'
  - '[certs] apiserver serving cert is signed for DNS names [kubernetes kubernetes.default kubernetes.default.svc kubernetes.default.svc.cluster.local master] and IPs [10.96.0.1 192.168.1.89]'
  - '[certs] Generating "apiserver-kubelet-client" certificate and key'
  - '[certs] Generating "front-proxy-ca" certificate and key'
  - '[certs] Generating "front-proxy-client" certificate and key'
  - '[certs] Generating "etcd/ca" certificate and key'
  - '[certs] Generating "etcd/server" certificate and key'
  - '[certs] etcd/server serving cert is signed for DNS names [localhost master] and IPs [192.168.1.89 127.0.0.1 ::1]'
  - '[certs] Generating "etcd/peer" certificate and key'
  - '[certs] etcd/peer serving cert is signed for DNS names [localhost master] and IPs [192.168.1.89 127.0.0.1 ::1]'
  - '[certs] Generating "etcd/healthcheck-client" certificate and key'
  - '[certs] Generating "apiserver-etcd-client" certificate and key'
  - '[certs] Generating "sa" key and public key'
  - '[kubeconfig] Using kubeconfig folder "/etc/kubernetes"'
  - '[kubeconfig] Writing "admin.conf" kubeconfig file'
  - '[kubeconfig] Writing "super-admin.conf" kubeconfig file'
  - '[kubeconfig] Writing "kubelet.conf" kubeconfig file'
  - '[kubeconfig] Writing "controller-manager.conf" kubeconfig file'
  - '[kubeconfig] Writing "scheduler.conf" kubeconfig file'
  - '[etcd] Creating static Pod manifest for local etcd in "/etc/kubernetes/manifests"'
  - '[control-plane] Using manifest folder "/etc/kubernetes/manifests"'
  - '[control-plane] Creating static Pod manifest for "kube-apiserver"'
  - '[control-plane] Creating static Pod manifest for "kube-controller-manager"'
  - '[control-plane] Creating static Pod manifest for "kube-scheduler"'
  - '[kubelet-start] Writing kubelet environment file with flags to file "/var/lib/kubelet/kubeadm-flags.env"'
  - '[kubelet-start] Writing kubelet configuration to file "/var/lib/kubelet/config.yaml"'
  - '[kubelet-start] Starting the kubelet'
  - '[wait-control-plane] Waiting for the kubelet to boot up the control plane as static Pods from directory "/etc/kubernetes/manifests". This can take up to 4m0s'
  - '[kubelet-check] Initial timeout of 40s passed.'
  - '[apiclient] All control plane components are healthy after 46.504131 seconds'
  - '[upload-config] Storing the configuration used in ConfigMap "kubeadm-config" in the "kube-system" Namespace'
  - '[kubelet] Creating a ConfigMap "kubelet-config" in namespace kube-system with the configuration for the kubelets in the cluster'
  - '[upload-certs] Skipping phase. Please see --upload-certs'
  - '[mark-control-plane] Marking the node master as control-plane by adding the labels: [node-role.kubernetes.io/control-plane node.kubernetes.io/exclude-from-external-load-balancers]'
  - '[mark-control-plane] Marking the node master as control-plane by adding the taints [node-role.kubernetes.io/control-plane:NoSchedule]'
  - '[bootstrap-token] Using token: yon3jx.20ljl7q2zoc1uxlk'
  - '[bootstrap-token] Configuring bootstrap tokens, cluster-info ConfigMap, RBAC Roles'
  - '[bootstrap-token] Configured RBAC rules to allow Node Bootstrap tokens to get nodes'
  - '[bootstrap-token] Configured RBAC rules to allow Node Bootstrap tokens to post CSRs in order for nodes to get long term certificate credentials'
  - '[bootstrap-token] Configured RBAC rules to allow the csrapprover controller automatically approve CSRs from a Node Bootstrap Token'
  - '[bootstrap-token] Configured RBAC rules to allow certificate rotation for all node client certificates in the cluster'
  - '[bootstrap-token] Creating the "cluster-info" ConfigMap in the "kube-public" namespace'
  - '[kubelet-finalize] Updating "/etc/kubernetes/kubelet.conf" to point to a rotatable kubelet client certificate and key'
  - '[addons] Applied essential addon: CoreDNS'
  - '[addons] Applied essential addon: kube-proxy'
  - ''
  - Your Kubernetes control-plane has initialized successfully!
  - ''
  - 'To start using your cluster, you need to run the following as a regular user:'
  - ''
  - '  mkdir -p $HOME/.kube'
  - '  sudo cp -i /etc/kubernetes/admin.conf $HOME/.kube/config'
  - '  sudo chown $(id -u):$(id -g) $HOME/.kube/config'
  - ''
  - 'Alternatively, if you are the root user, you can run:'
  - ''
  - '  export KUBECONFIG=/etc/kubernetes/admin.conf'
  - ''
  - You should now deploy a pod network to the cluster.
  - 'Run "kubectl apply -f [podnetwork].yaml" with one of the options listed at:'
  - '  https://kubernetes.io/docs/concepts/cluster-administration/addons/'
  - ''
  - You can now join any number of control-plane nodes by copying certificate authorities
  - 'and service account keys on each node and then running the following as root:'
  - ''
  - '  kubeadm join 192.168.1.89:6443 --token yon3jx.20ljl7q2zoc1uxlk \'
  - "\t--discovery-token-ca-cert-hash sha256:e0ca7488fc7105cbe4d7bcc8143897855f477955a917bf190498d6cbeb64f9ca \\"
  - "\t--control-plane "
  - ''
  - 'Then you can join any number of worker nodes by running the following on each as root:'
  - ''
  - kubeadm join 192.168.1.89:6443 --token yon3jx.20ljl7q2zoc1uxlk \
  - "\t--discovery-token-ca-cert-hash sha256:e0ca7488fc7105cbe4d7bcc8143897855f477955a917bf190498d6cbeb64f9ca "
2026-05-03 13:07:24,406 p=25756 u=ansible n=ansible | TASK [master : Create .kube directory for root] ***************************************************************************
2026-05-03 13:07:25,120 p=25756 u=ansible n=ansible | changed: [Master]
2026-05-03 13:07:25,140 p=25756 u=ansible n=ansible | TASK [master : Copy admin.conf to root's .kube/config] ********************************************************************
2026-05-03 13:07:26,206 p=25756 u=ansible n=ansible | changed: [Master]
2026-05-03 13:07:26,228 p=25756 u=ansible n=ansible | TASK [master : Create .kube directory for ansible user] *******************************************************************
2026-05-03 13:07:26,917 p=25756 u=ansible n=ansible | changed: [Master]
2026-05-03 13:07:26,937 p=25756 u=ansible n=ansible | TASK [master : Copy admin.conf to ansible user's .kube/config] ************************************************************
2026-05-03 13:07:27,540 p=25756 u=ansible n=ansible | changed: [Master]
2026-05-03 13:07:27,561 p=25756 u=ansible n=ansible | TASK [master : Check if Calico is already installed] **********************************************************************
2026-05-03 13:07:41,544 p=25756 u=ansible n=ansible | fatal: [Master]: FAILED! => changed=false 
  cmd:
  - kubectl
  - get
  - daemonset
  - calico-node
  - -n
  - kube-system
  delta: '0:00:13.424183'
  end: '2026-05-03 13:07:41.465651'
  msg: non-zero return code
  rc: 1
  start: '2026-05-03 13:07:28.041468'
  stderr: 'Error from server (NotFound): daemonsets.apps "calico-node" not found'
  stderr_lines: <omitted>
  stdout: ''
  stdout_lines: <omitted>
2026-05-03 13:07:41,545 p=25756 u=ansible n=ansible | ...ignoring
2026-05-03 13:07:41,569 p=25756 u=ansible n=ansible | TASK [master : Download Calico manifest] **********************************************************************************
2026-05-03 13:07:44,344 p=25756 u=ansible n=ansible | ok: [Master]
2026-05-03 13:07:44,370 p=25756 u=ansible n=ansible | TASK [master : Apply Calico CNI manifest] *********************************************************************************
2026-05-03 13:07:50,247 p=25756 u=ansible n=ansible | changed: [Master]
2026-05-03 13:07:50,270 p=25756 u=ansible n=ansible | TASK [master : Wait for Calico pods to be running] ************************************************************************
2026-05-03 13:09:11,907 p=25756 u=ansible n=ansible | changed: [Master]
2026-05-03 13:09:11,935 p=25756 u=ansible n=ansible | TASK [master : Generate kubeadm join command] *****************************************************************************
2026-05-03 13:09:30,294 p=25756 u=ansible n=ansible | changed: [Master]
2026-05-03 13:09:30,364 p=25756 u=ansible n=ansible | TASK [master : Set join command fact] *************************************************************************************
2026-05-03 13:09:30,411 p=25756 u=ansible n=ansible | ok: [Master]
2026-05-03 13:09:30,442 p=25756 u=ansible n=ansible | TASK [master : Save join command to local file] ***************************************************************************
2026-05-03 13:09:31,917 p=25756 u=ansible n=ansible | changed: [Master -> localhost]
2026-05-03 13:09:31,937 p=25756 u=ansible n=ansible | TASK [master : Install bash-completion] ***********************************************************************************
2026-05-03 13:10:06,479 p=25756 u=ansible n=ansible | ok: [Master]
2026-05-03 13:10:06,501 p=25756 u=ansible n=ansible | TASK [master : Add kubectl bash completion] *******************************************************************************
2026-05-03 13:10:08,315 p=25756 u=ansible n=ansible | ok: [Master]
2026-05-03 13:10:08,338 p=25756 u=ansible n=ansible | TASK [master : Add kubectl alias] *****************************************************************************************
2026-05-03 13:10:09,013 p=25756 u=ansible n=ansible | ok: [Master]
2026-05-03 13:10:09,034 p=25756 u=ansible n=ansible | TASK [master : Print cluster info] ****************************************************************************************
2026-05-03 13:10:10,059 p=25756 u=ansible n=ansible | changed: [Master]
2026-05-03 13:10:10,086 p=25756 u=ansible n=ansible | TASK [master : Display cluster info] **************************************************************************************
2026-05-03 13:10:10,129 p=25756 u=ansible n=ansible | ok: [Master] => 
  cluster_info.stdout_lines:
  - Kubernetes control plane is running at https://192.168.1.89:6443
  - CoreDNS is running at https://192.168.1.89:6443/api/v1/namespaces/kube-system/services/kube-dns:dns/proxy
  - ''
  - To further debug and diagnose cluster problems, use 'kubectl cluster-info dump'.
2026-05-03 13:10:10,236 p=25756 u=ansible n=ansible | PLAY [Join worker nodes to the cluster] ***********************************************************************************
2026-05-03 13:10:10,259 p=25756 u=ansible n=ansible | TASK [Gathering Facts] ****************************************************************************************************
2026-05-03 13:10:12,470 p=25756 u=ansible n=ansible | ok: [worker-02]
2026-05-03 13:10:16,272 p=25756 u=ansible n=ansible | ok: [worker-01]
2026-05-03 13:10:16,355 p=25756 u=ansible n=ansible | TASK [worker : Check if node is already part of a cluster] ****************************************************************
2026-05-03 13:10:16,940 p=25756 u=ansible n=ansible | ok: [worker-02]
2026-05-03 13:10:17,042 p=25756 u=ansible n=ansible | ok: [worker-01]
2026-05-03 13:10:17,076 p=25756 u=ansible n=ansible | TASK [worker : Read join command from local file] *************************************************************************
2026-05-03 13:10:18,014 p=25756 u=ansible n=ansible | ok: [worker-01 -> localhost]
2026-05-03 13:10:18,038 p=25756 u=ansible n=ansible | ok: [worker-02 -> localhost]
2026-05-03 13:10:18,058 p=25756 u=ansible n=ansible | TASK [worker : Join the Kubernetes cluster] *******************************************************************************
2026-05-03 13:10:21,230 p=25756 u=ansible n=ansible | changed: [worker-02]
2026-05-03 13:10:29,864 p=25756 u=ansible n=ansible | changed: [worker-01]
2026-05-03 13:10:29,883 p=25756 u=ansible n=ansible | TASK [worker : Print join result] *****************************************************************************************
2026-05-03 13:10:29,995 p=25756 u=ansible n=ansible | skipping: [worker-01]
2026-05-03 13:10:29,996 p=25756 u=ansible n=ansible | skipping: [worker-02]
2026-05-03 13:10:30,017 p=25756 u=ansible n=ansible | TASK [worker : Ensure kubelet is running on worker] ***********************************************************************
2026-05-03 13:10:31,513 p=25756 u=ansible n=ansible | ok: [worker-01]
2026-05-03 13:10:32,197 p=25756 u=ansible n=ansible | ok: [worker-02]
2026-05-03 13:10:32,362 p=25756 u=ansible n=ansible | PLAY [Verify cluster is healthy] ******************************************************************************************
2026-05-03 13:10:32,421 p=25756 u=ansible n=ansible | TASK [Wait for all nodes to be Ready] *************************************************************************************
2026-05-03 13:11:05,150 p=25756 u=ansible n=ansible | changed: [Master]
2026-05-03 13:11:05,172 p=25756 u=ansible n=ansible | TASK [Get node status] ****************************************************************************************************
2026-05-03 13:11:06,060 p=25756 u=ansible n=ansible | changed: [Master]
2026-05-03 13:11:06,084 p=25756 u=ansible n=ansible | TASK [Display all nodes] **************************************************************************************************
2026-05-03 13:11:06,129 p=25756 u=ansible n=ansible | ok: [Master] => 
  nodes_output.stdout_lines:
  - NAME        STATUS   ROLES           AGE     VERSION    INTERNAL-IP    EXTERNAL-IP   OS-IMAGE                      KERNEL-VERSION                 CONTAINER-RUNTIME
  - master      Ready    control-plane   3m50s   v1.29.15   192.168.1.89   <none>        Rocky Linux 9.7 (Blue Onyx)   5.14.0-611.47.1.el9_7.x86_64   containerd://2.2.2
  - worker-01   Ready    <none>          36s     v1.29.15   192.168.1.90   <none>        Rocky Linux 9.7 (Blue Onyx)   5.14.0-611.47.1.el9_7.x86_64   containerd://2.2.2
  - worker-02   Ready    <none>          45s     v1.29.15   192.168.1.2    <none>        Rocky Linux 9.7 (Blue Onyx)   5.14.0-611.5.1.el9_7.x86_64    containerd://2.2.3
2026-05-03 13:11:06,157 p=25756 u=ansible n=ansible | TASK [Get all pods across all namespaces] *********************************************************************************
2026-05-03 13:11:07,010 p=25756 u=ansible n=ansible | changed: [Master]
2026-05-03 13:11:07,030 p=25756 u=ansible n=ansible | TASK [Display all pods] ***************************************************************************************************
2026-05-03 13:11:07,081 p=25756 u=ansible n=ansible | ok: [Master] => 
  pods_output.stdout_lines:
  - NAMESPACE     NAME                                       READY   STATUS     RESTARTS   AGE     IP               NODE        NOMINATED NODE   READINESS GATES
  - kube-system   calico-kube-controllers-5fc7d6cf67-6vtrh   1/1     Running    0          3m16s   192.168.219.67   master      <none>           <none>
  - kube-system   calico-node-s69x5                          1/1     Running    0          46s     192.168.1.2      worker-02   <none>           <none>
  - kube-system   calico-node-vcjf8                          0/1     Init:2/3   0          37s     192.168.1.90     worker-01   <none>           <none>
  - kube-system   calico-node-vkff2                          1/1     Running    0          3m16s   192.168.1.89     master      <none>           <none>
  - kube-system   coredns-76f75df574-6zkzl                   1/1     Running    0          3m27s   192.168.219.66   master      <none>           <none>
  - kube-system   coredns-76f75df574-z2t6r                   1/1     Running    0          3m27s   192.168.219.65   master      <none>           <none>
  - kube-system   etcd-master                                1/1     Running    2          3m42s   192.168.1.89     master      <none>           <none>
  - kube-system   kube-apiserver-master                      1/1     Running    2          3m42s   192.168.1.89     master      <none>           <none>
  - kube-system   kube-controller-manager-master             1/1     Running    4          3m44s   192.168.1.89     master      <none>           <none>
  - kube-system   kube-proxy-5qj5d                           1/1     Running    0          3m28s   192.168.1.89     master      <none>           <none>
  - kube-system   kube-proxy-hxdpt                           1/1     Running    0          46s     192.168.1.2      worker-02   <none>           <none>
  - kube-system   kube-proxy-x9fjs                           1/1     Running    0          37s     192.168.1.90     worker-01   <none>           <none>
  - kube-system   kube-scheduler-master                      1/1     Running    4          3m42s   192.168.1.89     master      <none>           <none>
2026-05-03 13:11:07,161 p=25756 u=ansible n=ansible | PLAY RECAP ****************************************************************************************************************
2026-05-03 13:11:07,161 p=25756 u=ansible n=ansible | Master                     : ok=48   changed=17   unreachable=0    failed=0    skipped=2    rescued=0    ignored=1   
2026-05-03 13:11:07,162 p=25756 u=ansible n=ansible | worker-01                  : ok=28   changed=5    unreachable=0    failed=0    skipped=3    rescued=0    ignored=0   
2026-05-03 13:11:07,162 p=25756 u=ansible n=ansible | worker-02                  : ok=28   changed=5    unreachable=0    failed=0    skipped=3    rescued=0    ignored=0   
2026-05-03 13:12:43,629 p=31680 u=ansible n=ansible | PLAY [Install ArgoCD on control plane] ************************************************************************************
2026-05-03 13:12:43,879 p=31680 u=ansible n=ansible | TASK [Gathering Facts] ****************************************************************************************************
2026-05-03 13:12:47,685 p=31680 u=ansible n=ansible | ok: [Master]
2026-05-03 13:12:47,830 p=31680 u=ansible n=ansible | PLAY RECAP ****************************************************************************************************************
2026-05-03 13:12:47,831 p=31680 u=ansible n=ansible | Master                     : ok=1    changed=0    unreachable=0    failed=0    skipped=0    rescued=0    ignored=0   
2026-05-03 13:15:06,032 p=33610 u=ansible n=ansible | PLAY [Install ArgoCD on control plane] ************************************************************************************
2026-05-03 13:15:06,058 p=33610 u=ansible n=ansible | TASK [Gathering Facts] ****************************************************************************************************
2026-05-03 13:15:09,003 p=33610 u=ansible n=ansible | ok: [Master]
2026-05-03 13:15:09,097 p=33610 u=ansible n=ansible | TASK [argocd : Create argocd namespace] ***********************************************************************************
2026-05-03 13:15:10,945 p=33610 u=ansible n=ansible | changed: [Master]
2026-05-03 13:15:10,978 p=33610 u=ansible n=ansible | TASK [argocd : Download ArgoCD install manifest] **************************************************************************
2026-05-03 13:15:13,890 p=33610 u=ansible n=ansible | changed: [Master]
2026-05-03 13:15:13,911 p=33610 u=ansible n=ansible | TASK [argocd : Apply ArgoCD manifest] *************************************************************************************
2026-05-03 13:15:19,307 p=33610 u=ansible n=ansible | changed: [Master]
2026-05-03 13:15:19,332 p=33610 u=ansible n=ansible | TASK [argocd : Print ArgoCD install output] *******************************************************************************
2026-05-03 13:15:19,402 p=33610 u=ansible n=ansible | ok: [Master] => 
  argocd_install.stdout_lines:
  - customresourcedefinition.apiextensions.k8s.io/applications.argoproj.io created
  - customresourcedefinition.apiextensions.k8s.io/applicationsets.argoproj.io created
  - customresourcedefinition.apiextensions.k8s.io/appprojects.argoproj.io created
  - serviceaccount/argocd-application-controller created
  - serviceaccount/argocd-applicationset-controller created
  - serviceaccount/argocd-dex-server created
  - serviceaccount/argocd-notifications-controller created
  - serviceaccount/argocd-redis created
  - serviceaccount/argocd-repo-server created
  - serviceaccount/argocd-server created
  - role.rbac.authorization.k8s.io/argocd-application-controller created
  - role.rbac.authorization.k8s.io/argocd-applicationset-controller created
  - role.rbac.authorization.k8s.io/argocd-dex-server created
  - role.rbac.authorization.k8s.io/argocd-notifications-controller created
  - role.rbac.authorization.k8s.io/argocd-server created
  - clusterrole.rbac.authorization.k8s.io/argocd-application-controller created
  - clusterrole.rbac.authorization.k8s.io/argocd-server created
  - rolebinding.rbac.authorization.k8s.io/argocd-application-controller created
  - rolebinding.rbac.authorization.k8s.io/argocd-applicationset-controller created
  - rolebinding.rbac.authorization.k8s.io/argocd-dex-server created
  - rolebinding.rbac.authorization.k8s.io/argocd-notifications-controller created
  - rolebinding.rbac.authorization.k8s.io/argocd-server created
  - clusterrolebinding.rbac.authorization.k8s.io/argocd-application-controller created
  - clusterrolebinding.rbac.authorization.k8s.io/argocd-server created
  - configmap/argocd-cm created
  - configmap/argocd-cmd-params-cm created
  - configmap/argocd-gpg-keys-cm created
  - configmap/argocd-notifications-cm created
  - configmap/argocd-rbac-cm created
  - configmap/argocd-ssh-known-hosts-cm created
  - configmap/argocd-tls-certs-cm created
  - secret/argocd-notifications-secret created
  - secret/argocd-secret created
  - service/argocd-applicationset-controller created
  - service/argocd-dex-server created
  - service/argocd-metrics created
  - service/argocd-notifications-controller-metrics created
  - service/argocd-redis created
  - service/argocd-repo-server created
  - service/argocd-server created
  - service/argocd-server-metrics created
  - deployment.apps/argocd-applicationset-controller created
  - deployment.apps/argocd-dex-server created
  - deployment.apps/argocd-notifications-controller created
  - deployment.apps/argocd-redis created
  - deployment.apps/argocd-repo-server created
  - deployment.apps/argocd-server created
  - statefulset.apps/argocd-application-controller created
  - networkpolicy.networking.k8s.io/argocd-application-controller-network-policy created
  - networkpolicy.networking.k8s.io/argocd-applicationset-controller-network-policy created
  - networkpolicy.networking.k8s.io/argocd-dex-server-network-policy created
  - networkpolicy.networking.k8s.io/argocd-notifications-controller-network-policy created
  - networkpolicy.networking.k8s.io/argocd-redis-network-policy created
  - networkpolicy.networking.k8s.io/argocd-repo-server-network-policy created
  - networkpolicy.networking.k8s.io/argocd-server-network-policy created
2026-05-03 13:15:19,422 p=33610 u=ansible n=ansible | TASK [argocd : Wait for ArgoCD server deployment to be ready] *************************************************************
2026-05-03 13:18:54,053 p=33610 u=ansible n=ansible |  [ERROR]: User interrupted execution

2026-05-03 14:13:03,525 p=71945 u=ansible n=ansible | PLAY [Reset Kubernetes cluster on all nodes] ******************************************************************************
2026-05-03 14:13:03,743 p=71945 u=ansible n=ansible | TASK [Run kubeadm reset] **************************************************************************************************
2026-05-03 14:13:10,330 p=71945 u=ansible n=ansible | changed: [worker-02]
2026-05-03 14:13:10,517 p=71945 u=ansible n=ansible | changed: [Master]
2026-05-03 14:13:30,178 p=71945 u=ansible n=ansible | changed: [worker-01]
2026-05-03 14:13:30,201 p=71945 u=ansible n=ansible | TASK [Unmount kubelet volumes] ********************************************************************************************
2026-05-03 14:13:30,810 p=71945 u=ansible n=ansible | changed: [worker-02]
2026-05-03 14:13:30,915 p=71945 u=ansible n=ansible | changed: [Master]
2026-05-03 14:13:32,469 p=71945 u=ansible n=ansible | changed: [worker-01]
2026-05-03 14:13:32,479 p=71945 u=ansible n=ansible | TASK [Remove Kubernetes data directories] *********************************************************************************
2026-05-03 14:13:33,423 p=71945 u=ansible n=ansible | changed: [worker-02] => (item=/etc/kubernetes)
2026-05-03 14:13:33,444 p=71945 u=ansible n=ansible | changed: [Master] => (item=/etc/kubernetes)
2026-05-03 14:13:33,546 p=71945 u=ansible n=ansible | changed: [worker-01] => (item=/etc/kubernetes)
2026-05-03 14:13:33,984 p=71945 u=ansible n=ansible | ok: [worker-02] => (item=/var/lib/etcd)
2026-05-03 14:13:34,007 p=71945 u=ansible n=ansible | changed: [Master] => (item=/var/lib/etcd)
2026-05-03 14:13:34,242 p=71945 u=ansible n=ansible | ok: [worker-01] => (item=/var/lib/etcd)
2026-05-03 14:13:34,569 p=71945 u=ansible n=ansible | changed: [worker-02] => (item=/var/lib/kubelet)
2026-05-03 14:13:34,574 p=71945 u=ansible n=ansible | changed: [Master] => (item=/var/lib/kubelet)
2026-05-03 14:13:34,877 p=71945 u=ansible n=ansible | changed: [worker-01] => (item=/var/lib/kubelet)
2026-05-03 14:13:35,147 p=71945 u=ansible n=ansible | changed: [worker-02] => (item=/etc/cni/net.d)
2026-05-03 14:13:35,158 p=71945 u=ansible n=ansible | changed: [Master] => (item=/etc/cni/net.d)
2026-05-03 14:13:35,489 p=71945 u=ansible n=ansible | changed: [worker-01] => (item=/etc/cni/net.d)
2026-05-03 14:13:35,711 p=71945 u=ansible n=ansible | changed: [worker-02] => (item=/var/lib/cni)
2026-05-03 14:13:35,744 p=71945 u=ansible n=ansible | changed: [Master] => (item=/var/lib/cni)
2026-05-03 14:13:36,346 p=71945 u=ansible n=ansible | changed: [worker-01] => (item=/var/lib/cni)
2026-05-03 14:13:36,359 p=71945 u=ansible n=ansible | TASK [Remove .kube directories] *******************************************************************************************
2026-05-03 14:13:36,977 p=71945 u=ansible n=ansible | changed: [Master] => (item=/root/.kube)
2026-05-03 14:13:37,001 p=71945 u=ansible n=ansible | ok: [worker-02] => (item=/root/.kube)
2026-05-03 14:13:37,019 p=71945 u=ansible n=ansible | ok: [worker-01] => (item=/root/.kube)
2026-05-03 14:13:37,549 p=71945 u=ansible n=ansible | changed: [Master] => (item=/home/ansible/.kube)
2026-05-03 14:13:37,570 p=71945 u=ansible n=ansible | ok: [worker-02] => (item=/home/ansible/.kube)
2026-05-03 14:13:37,625 p=71945 u=ansible n=ansible | ok: [worker-01] => (item=/home/ansible/.kube)
2026-05-03 14:13:37,639 p=71945 u=ansible n=ansible | TASK [Flush iptables rules] ***********************************************************************************************
2026-05-03 14:13:38,289 p=71945 u=ansible n=ansible | changed: [Master]
2026-05-03 14:13:38,321 p=71945 u=ansible n=ansible | changed: [worker-02]
2026-05-03 14:13:38,354 p=71945 u=ansible n=ansible | changed: [worker-01]
2026-05-03 14:13:38,372 p=71945 u=ansible n=ansible | TASK [Remove join command file] *******************************************************************************************
2026-05-03 14:13:38,937 p=71945 u=ansible n=ansible | changed: [Master -> localhost]
2026-05-03 14:13:38,946 p=71945 u=ansible n=ansible | TASK [Restart containerd] *************************************************************************************************
2026-05-03 14:13:40,909 p=71945 u=ansible n=ansible | changed: [worker-02]
2026-05-03 14:13:45,081 p=71945 u=ansible n=ansible | changed: [Master]
2026-05-03 14:13:47,446 p=71945 u=ansible n=ansible | changed: [worker-01]
2026-05-03 14:13:47,478 p=71945 u=ansible n=ansible | TASK [Reset complete] *****************************************************************************************************
2026-05-03 14:13:47,520 p=71945 u=ansible n=ansible | ok: [Master] => 
  msg: ✅ Cluster reset complete on Master
2026-05-03 14:13:47,527 p=71945 u=ansible n=ansible | ok: [worker-01] => 
  msg: ✅ Cluster reset complete on worker-01
2026-05-03 14:13:47,546 p=71945 u=ansible n=ansible | ok: [worker-02] => 
  msg: ✅ Cluster reset complete on worker-02
2026-05-03 14:13:47,624 p=71945 u=ansible n=ansible | PLAY RECAP ****************************************************************************************************************
2026-05-03 14:13:47,624 p=71945 u=ansible n=ansible | Master                     : ok=8    changed=7    unreachable=0    failed=0    skipped=0    rescued=0    ignored=0   
2026-05-03 14:13:47,625 p=71945 u=ansible n=ansible | worker-01                  : ok=7    changed=5    unreachable=0    failed=0    skipped=0    rescued=0    ignored=0   
2026-05-03 14:13:47,625 p=71945 u=ansible n=ansible | worker-02                  : ok=7    changed=5    unreachable=0    failed=0    skipped=0    rescued=0    ignored=0   
2026-05-03 14:14:32,498 p=72853 u=ansible n=ansible | PLAY [Configure all cluster nodes] ****************************************************************************************
2026-05-03 14:14:32,545 p=72853 u=ansible n=ansible | TASK [Gathering Facts] ****************************************************************************************************
2026-05-03 14:14:35,997 p=72853 u=ansible n=ansible | ok: [Master]
2026-05-03 14:14:36,716 p=72853 u=ansible n=ansible | ok: [worker-02]
2026-05-03 14:14:37,894 p=72853 u=ansible n=ansible | ok: [worker-01]
2026-05-03 14:14:38,011 p=72853 u=ansible n=ansible | TASK [common : Check if K3s server is installed] **************************************************************************
2026-05-03 14:14:38,855 p=72853 u=ansible n=ansible | ok: [Master]
2026-05-03 14:14:38,886 p=72853 u=ansible n=ansible | ok: [worker-02]
2026-05-03 14:14:39,128 p=72853 u=ansible n=ansible | ok: [worker-01]
2026-05-03 14:14:39,149 p=72853 u=ansible n=ansible | TASK [common : Uninstall K3s server] **************************************************************************************
2026-05-03 14:14:39,192 p=72853 u=ansible n=ansible | skipping: [Master]
2026-05-03 14:14:39,243 p=72853 u=ansible n=ansible | skipping: [worker-02]
2026-05-03 14:15:39,511 p=72853 u=ansible n=ansible | changed: [worker-01]
2026-05-03 14:15:39,528 p=72853 u=ansible n=ansible | TASK [common : Check if K3s agent is installed] ***************************************************************************
2026-05-03 14:15:40,077 p=72853 u=ansible n=ansible | ok: [Master]
2026-05-03 14:15:40,159 p=72853 u=ansible n=ansible | ok: [worker-01]
2026-05-03 14:15:40,420 p=72853 u=ansible n=ansible | ok: [worker-02]
2026-05-03 14:15:40,440 p=72853 u=ansible n=ansible | TASK [common : Uninstall K3s agent] ***************************************************************************************
2026-05-03 14:15:40,512 p=72853 u=ansible n=ansible | skipping: [Master]
2026-05-03 14:15:40,513 p=72853 u=ansible n=ansible | skipping: [worker-01]
2026-05-03 14:15:40,533 p=72853 u=ansible n=ansible | skipping: [worker-02]
2026-05-03 14:15:40,554 p=72853 u=ansible n=ansible | TASK [common : Verify critical ports are free after K3s removal] **********************************************************
2026-05-03 14:15:41,286 p=72853 u=ansible n=ansible | changed: [Master]
2026-05-03 14:15:41,311 p=72853 u=ansible n=ansible | changed: [worker-02]
2026-05-03 14:15:41,340 p=72853 u=ansible n=ansible | changed: [worker-01]
2026-05-03 14:15:41,391 p=72853 u=ansible n=ansible | TASK [common : Fail if ports are still in use] ****************************************************************************
2026-05-03 14:15:41,434 p=72853 u=ansible n=ansible | skipping: [Master]
2026-05-03 14:15:41,463 p=72853 u=ansible n=ansible | skipping: [worker-01]
2026-05-03 14:15:41,486 p=72853 u=ansible n=ansible | skipping: [worker-02]
2026-05-03 14:15:41,505 p=72853 u=ansible n=ansible | TASK [common : Disable swap immediately] **********************************************************************************
2026-05-03 14:15:41,579 p=72853 u=ansible n=ansible | skipping: [Master]
2026-05-03 14:15:41,580 p=72853 u=ansible n=ansible | skipping: [worker-01]
2026-05-03 14:15:41,599 p=72853 u=ansible n=ansible | skipping: [worker-02]
2026-05-03 14:15:41,621 p=72853 u=ansible n=ansible | TASK [common : Remove swap from /etc/fstab permanently] *******************************************************************
2026-05-03 14:15:42,526 p=72853 u=ansible n=ansible | ok: [Master]
2026-05-03 14:15:42,563 p=72853 u=ansible n=ansible | ok: [worker-02]
2026-05-03 14:15:42,588 p=72853 u=ansible n=ansible | ok: [worker-01]
2026-05-03 14:15:42,609 p=72853 u=ansible n=ansible | TASK [common : Set hostname] **********************************************************************************************
2026-05-03 14:15:44,505 p=72853 u=ansible n=ansible | ok: [worker-02]
2026-05-03 14:15:45,124 p=72853 u=ansible n=ansible | ok: [Master]
2026-05-03 14:15:45,456 p=72853 u=ansible n=ansible | ok: [worker-01]
2026-05-03 14:15:45,474 p=72853 u=ansible n=ansible | TASK [common : Update /etc/hosts dynamically from inventory] **************************************************************
2026-05-03 14:15:46,440 p=72853 u=ansible n=ansible | changed: [Master]
2026-05-03 14:15:46,462 p=72853 u=ansible n=ansible | changed: [worker-02]
2026-05-03 14:15:46,549 p=72853 u=ansible n=ansible | changed: [worker-01]
2026-05-03 14:15:46,570 p=72853 u=ansible n=ansible | TASK [common : Set SELinux to permissive mode (runtime)] ******************************************************************
2026-05-03 14:15:47,199 p=72853 u=ansible n=ansible | changed: [Master]
2026-05-03 14:15:47,218 p=72853 u=ansible n=ansible | changed: [worker-02]
2026-05-03 14:15:47,230 p=72853 u=ansible n=ansible | changed: [worker-01]
2026-05-03 14:15:47,252 p=72853 u=ansible n=ansible | TASK [common : Set SELinux to permissive mode (permanent)] ****************************************************************
2026-05-03 14:15:47,824 p=72853 u=ansible n=ansible | ok: [Master]
2026-05-03 14:15:47,883 p=72853 u=ansible n=ansible | ok: [worker-01]
2026-05-03 14:15:47,893 p=72853 u=ansible n=ansible | ok: [worker-02]
2026-05-03 14:15:47,913 p=72853 u=ansible n=ansible | TASK [common : Ensure firewalld is started and enabled] *******************************************************************
2026-05-03 14:15:49,591 p=72853 u=ansible n=ansible | ok: [worker-02]
2026-05-03 14:15:49,627 p=72853 u=ansible n=ansible | ok: [worker-01]
2026-05-03 14:15:49,638 p=72853 u=ansible n=ansible | ok: [Master]
2026-05-03 14:15:49,657 p=72853 u=ansible n=ansible | TASK [common : Open required ports on control plane] **********************************************************************
2026-05-03 14:15:49,735 p=72853 u=ansible n=ansible | skipping: [worker-01] => (item=6443/tcp) 
2026-05-03 14:15:49,742 p=72853 u=ansible n=ansible | skipping: [worker-01] => (item=2379/tcp) 
2026-05-03 14:15:49,750 p=72853 u=ansible n=ansible | skipping: [worker-01] => (item=2380/tcp) 
2026-05-03 14:15:49,758 p=72853 u=ansible n=ansible | skipping: [worker-01] => (item=10250/tcp) 
2026-05-03 14:15:49,769 p=72853 u=ansible n=ansible | skipping: [worker-02] => (item=6443/tcp) 
2026-05-03 14:15:49,780 p=72853 u=ansible n=ansible | skipping: [worker-01] => (item=10257/tcp) 
2026-05-03 14:15:49,790 p=72853 u=ansible n=ansible | skipping: [worker-02] => (item=2379/tcp) 
2026-05-03 14:15:49,796 p=72853 u=ansible n=ansible | skipping: [worker-01] => (item=10259/tcp) 
2026-05-03 14:15:49,797 p=72853 u=ansible n=ansible | skipping: [worker-02] => (item=2380/tcp) 
2026-05-03 14:15:49,798 p=72853 u=ansible n=ansible | skipping: [worker-01] => (item=179/tcp) 
2026-05-03 14:15:49,800 p=72853 u=ansible n=ansible | skipping: [worker-02] => (item=10250/tcp) 
2026-05-03 14:15:49,801 p=72853 u=ansible n=ansible | skipping: [worker-02] => (item=10257/tcp) 
2026-05-03 14:15:49,802 p=72853 u=ansible n=ansible | skipping: [worker-01] => (item=4789/udp) 
2026-05-03 14:15:49,806 p=72853 u=ansible n=ansible | skipping: [worker-01]
2026-05-03 14:15:49,807 p=72853 u=ansible n=ansible | skipping: [worker-02] => (item=10259/tcp) 
2026-05-03 14:15:49,817 p=72853 u=ansible n=ansible | skipping: [worker-02] => (item=179/tcp) 
2026-05-03 14:15:49,821 p=72853 u=ansible n=ansible | skipping: [worker-02] => (item=4789/udp) 
2026-05-03 14:15:49,823 p=72853 u=ansible n=ansible | skipping: [worker-02]
2026-05-03 14:15:51,028 p=72853 u=ansible n=ansible | ok: [Master] => (item=6443/tcp)
2026-05-03 14:15:51,996 p=72853 u=ansible n=ansible | ok: [Master] => (item=2379/tcp)
2026-05-03 14:15:52,926 p=72853 u=ansible n=ansible | ok: [Master] => (item=2380/tcp)
2026-05-03 14:15:53,876 p=72853 u=ansible n=ansible | ok: [Master] => (item=10250/tcp)
2026-05-03 14:15:54,818 p=72853 u=ansible n=ansible | ok: [Master] => (item=10257/tcp)
2026-05-03 14:15:55,767 p=72853 u=ansible n=ansible | ok: [Master] => (item=10259/tcp)
2026-05-03 14:15:56,698 p=72853 u=ansible n=ansible | ok: [Master] => (item=179/tcp)
2026-05-03 14:15:57,637 p=72853 u=ansible n=ansible | ok: [Master] => (item=4789/udp)
2026-05-03 14:15:57,659 p=72853 u=ansible n=ansible | TASK [common : Open required ports on worker nodes] ***********************************************************************
2026-05-03 14:15:57,707 p=72853 u=ansible n=ansible | skipping: [Master] => (item=10250/tcp) 
2026-05-03 14:15:57,710 p=72853 u=ansible n=ansible | skipping: [Master] => (item=179/tcp) 
2026-05-03 14:15:57,713 p=72853 u=ansible n=ansible | skipping: [Master] => (item=4789/udp) 
2026-05-03 14:15:57,739 p=72853 u=ansible n=ansible | skipping: [Master]
2026-05-03 14:15:58,720 p=72853 u=ansible n=ansible | ok: [worker-01] => (item=10250/tcp)
2026-05-03 14:15:58,740 p=72853 u=ansible n=ansible | ok: [worker-02] => (item=10250/tcp)
2026-05-03 14:15:59,696 p=72853 u=ansible n=ansible | ok: [worker-02] => (item=179/tcp)
2026-05-03 14:15:59,711 p=72853 u=ansible n=ansible | ok: [worker-01] => (item=179/tcp)
2026-05-03 14:16:00,644 p=72853 u=ansible n=ansible | ok: [worker-02] => (item=4789/udp)
2026-05-03 14:16:00,671 p=72853 u=ansible n=ansible | ok: [worker-01] => (item=4789/udp)
2026-05-03 14:16:00,693 p=72853 u=ansible n=ansible | TASK [common : Open NodePort range on workers] ****************************************************************************
2026-05-03 14:16:00,751 p=72853 u=ansible n=ansible | skipping: [Master]
2026-05-03 14:16:01,980 p=72853 u=ansible n=ansible | changed: [worker-02]
2026-05-03 14:16:02,003 p=72853 u=ansible n=ansible | changed: [worker-01]
2026-05-03 14:16:02,023 p=72853 u=ansible n=ansible | TASK [common : Allow Kubernetes Service CIDR traffic] *********************************************************************
2026-05-03 14:16:02,985 p=72853 u=ansible n=ansible | ok: [Master]
2026-05-03 14:16:03,075 p=72853 u=ansible n=ansible | ok: [worker-01]
2026-05-03 14:16:03,076 p=72853 u=ansible n=ansible | ok: [worker-02]
2026-05-03 14:16:03,095 p=72853 u=ansible n=ansible | TASK [common : Allow Kubernetes Pod CIDR destination traffic] *************************************************************
2026-05-03 14:16:04,073 p=72853 u=ansible n=ansible | ok: [Master]
2026-05-03 14:16:04,115 p=72853 u=ansible n=ansible | ok: [worker-01]
2026-05-03 14:16:04,135 p=72853 u=ansible n=ansible | ok: [worker-02]
2026-05-03 14:16:04,156 p=72853 u=ansible n=ansible | TASK [common : Allow Kubernetes Pod CIDR source traffic] ******************************************************************
2026-05-03 14:16:05,182 p=72853 u=ansible n=ansible | ok: [worker-01]
2026-05-03 14:16:05,189 p=72853 u=ansible n=ansible | ok: [worker-02]
2026-05-03 14:16:05,193 p=72853 u=ansible n=ansible | ok: [Master]
2026-05-03 14:16:05,216 p=72853 u=ansible n=ansible | TASK [common : Add Calico tunnel interface to trusted zone] ***************************************************************
2026-05-03 14:16:06,175 p=72853 u=ansible n=ansible | ok: [Master]
2026-05-03 14:16:06,218 p=72853 u=ansible n=ansible | ok: [worker-01]
2026-05-03 14:16:06,268 p=72853 u=ansible n=ansible | ok: [worker-02]
2026-05-03 14:16:06,288 p=72853 u=ansible n=ansible | TASK [common : Add kube-ipvs0 interface to trusted zone] ******************************************************************
2026-05-03 14:16:07,270 p=72853 u=ansible n=ansible | ok: [Master]
2026-05-03 14:16:07,384 p=72853 u=ansible n=ansible | changed: [worker-02]
2026-05-03 14:16:07,462 p=72853 u=ansible n=ansible | changed: [worker-01]
2026-05-03 14:16:07,482 p=72853 u=ansible n=ansible | TASK [common : Enable masquerade] *****************************************************************************************
2026-05-03 14:16:08,492 p=72853 u=ansible n=ansible | ok: [Master]
2026-05-03 14:16:08,511 p=72853 u=ansible n=ansible | ok: [worker-01]
2026-05-03 14:16:08,516 p=72853 u=ansible n=ansible | ok: [worker-02]
2026-05-03 14:16:08,537 p=72853 u=ansible n=ansible | TASK [common : Reload firewalld to apply all rules] ***********************************************************************
2026-05-03 14:16:10,187 p=72853 u=ansible n=ansible | changed: [Master]
2026-05-03 14:16:10,203 p=72853 u=ansible n=ansible | changed: [worker-02]
2026-05-03 14:16:10,623 p=72853 u=ansible n=ansible | changed: [worker-01]
2026-05-03 14:16:10,679 p=72853 u=ansible n=ansible | TASK [common : Create kernel modules config for Kubernetes] ***************************************************************
2026-05-03 14:16:12,240 p=72853 u=ansible n=ansible | ok: [Master]
2026-05-03 14:16:12,420 p=72853 u=ansible n=ansible | ok: [worker-02]
2026-05-03 14:16:12,473 p=72853 u=ansible n=ansible | ok: [worker-01]
2026-05-03 14:16:12,491 p=72853 u=ansible n=ansible | TASK [common : Load overlay module] ***************************************************************************************
2026-05-03 14:16:13,316 p=72853 u=ansible n=ansible | ok: [Master]
2026-05-03 14:16:13,379 p=72853 u=ansible n=ansible | ok: [worker-02]
2026-05-03 14:16:13,387 p=72853 u=ansible n=ansible | ok: [worker-01]
2026-05-03 14:16:13,408 p=72853 u=ansible n=ansible | TASK [common : Load br_netfilter module] **********************************************************************************
2026-05-03 14:16:13,987 p=72853 u=ansible n=ansible | ok: [Master]
2026-05-03 14:16:14,039 p=72853 u=ansible n=ansible | ok: [worker-01]
2026-05-03 14:16:14,079 p=72853 u=ansible n=ansible | ok: [worker-02]
2026-05-03 14:16:14,099 p=72853 u=ansible n=ansible | TASK [common : Set sysctl params for Kubernetes networking] ***************************************************************
2026-05-03 14:16:15,394 p=72853 u=ansible n=ansible | ok: [Master]
2026-05-03 14:16:15,738 p=72853 u=ansible n=ansible | ok: [worker-02]
2026-05-03 14:16:15,846 p=72853 u=ansible n=ansible | ok: [worker-01]
2026-05-03 14:16:15,865 p=72853 u=ansible n=ansible | TASK [common : Apply sysctl params] ***************************************************************************************
2026-05-03 14:16:16,449 p=72853 u=ansible n=ansible | changed: [Master]
2026-05-03 14:16:16,530 p=72853 u=ansible n=ansible | changed: [worker-02]
2026-05-03 14:16:16,589 p=72853 u=ansible n=ansible | changed: [worker-01]
2026-05-03 14:16:16,608 p=72853 u=ansible n=ansible | TASK [common : Install required system packages] **************************************************************************
2026-05-03 14:16:19,555 p=72853 u=ansible n=ansible | ok: [worker-02]
2026-05-03 14:16:44,031 p=72853 u=ansible n=ansible | ok: [worker-01]
2026-05-03 14:16:48,823 p=72853 u=ansible n=ansible | ok: [Master]
2026-05-03 14:16:48,841 p=72853 u=ansible n=ansible | TASK [common : Add Docker repository (contains containerd)] ***************************************************************
2026-05-03 14:16:49,415 p=72853 u=ansible n=ansible | ok: [Master]
2026-05-03 14:16:49,459 p=72853 u=ansible n=ansible | ok: [worker-01]
2026-05-03 14:16:49,479 p=72853 u=ansible n=ansible | ok: [worker-02]
2026-05-03 14:16:49,500 p=72853 u=ansible n=ansible | TASK [common : Install containerd] ****************************************************************************************
2026-05-03 14:16:51,579 p=72853 u=ansible n=ansible | ok: [worker-02]
2026-05-03 14:16:53,653 p=72853 u=ansible n=ansible | ok: [Master]
2026-05-03 14:16:53,743 p=72853 u=ansible n=ansible | ok: [worker-01]
2026-05-03 14:16:53,764 p=72853 u=ansible n=ansible | TASK [common : Create containerd config directory] ************************************************************************
2026-05-03 14:16:54,361 p=72853 u=ansible n=ansible | ok: [Master]
2026-05-03 14:16:54,406 p=72853 u=ansible n=ansible | ok: [worker-01]
2026-05-03 14:16:54,426 p=72853 u=ansible n=ansible | ok: [worker-02]
2026-05-03 14:16:54,448 p=72853 u=ansible n=ansible | TASK [common : Remove old containerd config (force fresh)] ****************************************************************
2026-05-03 14:16:55,021 p=72853 u=ansible n=ansible | changed: [Master]
2026-05-03 14:16:55,092 p=72853 u=ansible n=ansible | changed: [worker-01]
2026-05-03 14:16:55,114 p=72853 u=ansible n=ansible | changed: [worker-02]
2026-05-03 14:16:55,134 p=72853 u=ansible n=ansible | TASK [common : Generate fresh default containerd config] ******************************************************************
2026-05-03 14:16:55,837 p=72853 u=ansible n=ansible | changed: [worker-02]
2026-05-03 14:16:56,026 p=72853 u=ansible n=ansible | changed: [Master]
2026-05-03 14:16:56,043 p=72853 u=ansible n=ansible | changed: [worker-01]
2026-05-03 14:16:56,064 p=72853 u=ansible n=ansible | TASK [common : Enable SystemdCgroup in containerd config] *****************************************************************
2026-05-03 14:16:56,696 p=72853 u=ansible n=ansible | changed: [Master]
2026-05-03 14:16:56,697 p=72853 u=ansible n=ansible | changed: [worker-01]
2026-05-03 14:16:56,704 p=72853 u=ansible n=ansible | changed: [worker-02]
2026-05-03 14:16:56,726 p=72853 u=ansible n=ansible | TASK [common : Restart and enable containerd] *****************************************************************************
2026-05-03 14:16:58,009 p=72853 u=ansible n=ansible | changed: [Master]
2026-05-03 14:16:58,013 p=72853 u=ansible n=ansible | changed: [worker-02]
2026-05-03 14:16:58,117 p=72853 u=ansible n=ansible | changed: [worker-01]
2026-05-03 14:16:58,135 p=72853 u=ansible n=ansible | TASK [common : Verify containerd CRI is working] **************************************************************************
2026-05-03 14:16:58,774 p=72853 u=ansible n=ansible | changed: [Master]
2026-05-03 14:16:58,819 p=72853 u=ansible n=ansible | changed: [worker-02]
2026-05-03 14:16:58,836 p=72853 u=ansible n=ansible | changed: [worker-01]
2026-05-03 14:16:58,858 p=72853 u=ansible n=ansible | TASK [common : Print containerd version] **********************************************************************************
2026-05-03 14:16:58,902 p=72853 u=ansible n=ansible | ok: [Master] => 
  msg: 'containerd is working: [''Version:  0.1.0'', ''RuntimeName:  containerd'', ''RuntimeVersion:  v2.2.2'', ''RuntimeApiVersion:  v1'']'
2026-05-03 14:16:58,936 p=72853 u=ansible n=ansible | ok: [worker-01] => 
  msg: 'containerd is working: [''Version:  0.1.0'', ''RuntimeName:  containerd'', ''RuntimeVersion:  v2.2.2'', ''RuntimeApiVersion:  v1'']'
2026-05-03 14:16:58,958 p=72853 u=ansible n=ansible | ok: [worker-02] => 
  msg: 'containerd is working: [''Version:  0.1.0'', ''RuntimeName:  containerd'', ''RuntimeVersion:  v2.2.3'', ''RuntimeApiVersion:  v1'']'
2026-05-03 14:16:58,976 p=72853 u=ansible n=ansible | TASK [common : Add Kubernetes yum repository] *****************************************************************************
2026-05-03 14:17:00,137 p=72853 u=ansible n=ansible | ok: [Master]
2026-05-03 14:17:00,600 p=72853 u=ansible n=ansible | ok: [worker-02]
2026-05-03 14:17:00,704 p=72853 u=ansible n=ansible | ok: [worker-01]
2026-05-03 14:17:00,721 p=72853 u=ansible n=ansible | TASK [common : Install kubelet, kubeadm, kubectl] *************************************************************************
2026-05-03 14:17:02,698 p=72853 u=ansible n=ansible | ok: [worker-02]
2026-05-03 14:17:05,039 p=72853 u=ansible n=ansible | ok: [worker-01]
2026-05-03 14:17:05,048 p=72853 u=ansible n=ansible | ok: [Master]
2026-05-03 14:17:05,073 p=72853 u=ansible n=ansible | TASK [common : Enable and start kubelet] **********************************************************************************
2026-05-03 14:17:06,128 p=72853 u=ansible n=ansible | changed: [worker-02]
2026-05-03 14:17:06,130 p=72853 u=ansible n=ansible | changed: [worker-01]
2026-05-03 14:17:06,214 p=72853 u=ansible n=ansible | changed: [Master]
2026-05-03 14:17:06,421 p=72853 u=ansible n=ansible | RUNNING HANDLER [common : Reload firewalld] *******************************************************************************
2026-05-03 14:17:08,026 p=72853 u=ansible n=ansible | changed: [worker-02]
2026-05-03 14:17:08,048 p=72853 u=ansible n=ansible | changed: [worker-01]
2026-05-03 14:17:08,126 p=72853 u=ansible n=ansible | PLAY [Initialize Kubernetes control plane] ********************************************************************************
2026-05-03 14:17:08,157 p=72853 u=ansible n=ansible | TASK [Gathering Facts] ****************************************************************************************************
2026-05-03 14:17:10,417 p=72853 u=ansible n=ansible | ok: [Master]
2026-05-03 14:17:10,469 p=72853 u=ansible n=ansible | TASK [master : Check if Kubernetes is already initialized] ****************************************************************
2026-05-03 14:17:11,026 p=72853 u=ansible n=ansible | ok: [Master]
2026-05-03 14:17:11,044 p=72853 u=ansible n=ansible | TASK [master : Initialize Kubernetes control plane with kubeadm] **********************************************************
2026-05-03 14:17:33,245 p=72853 u=ansible n=ansible | changed: [Master]
2026-05-03 14:17:33,265 p=72853 u=ansible n=ansible | TASK [master : Print kubeadm init output] *********************************************************************************
2026-05-03 14:17:33,331 p=72853 u=ansible n=ansible | ok: [Master] => 
  kubeadm_init_output.stdout_lines:
  - '[init] Using Kubernetes version: v1.29.15'
  - '[preflight] Running pre-flight checks'
  - '[preflight] Pulling images required for setting up a Kubernetes cluster'
  - '[preflight] This might take a minute or two, depending on the speed of your internet connection'
  - '[preflight] You can also perform this action in beforehand using ''kubeadm config images pull'''
  - '[certs] Using certificateDir folder "/etc/kubernetes/pki"'
  - '[certs] Generating "ca" certificate and key'
  - '[certs] Generating "apiserver" certificate and key'
  - '[certs] apiserver serving cert is signed for DNS names [kubernetes kubernetes.default kubernetes.default.svc kubernetes.default.svc.cluster.local master] and IPs [10.96.0.1 192.168.1.89]'
  - '[certs] Generating "apiserver-kubelet-client" certificate and key'
  - '[certs] Generating "front-proxy-ca" certificate and key'
  - '[certs] Generating "front-proxy-client" certificate and key'
  - '[certs] Generating "etcd/ca" certificate and key'
  - '[certs] Generating "etcd/server" certificate and key'
  - '[certs] etcd/server serving cert is signed for DNS names [localhost master] and IPs [192.168.1.89 127.0.0.1 ::1]'
  - '[certs] Generating "etcd/peer" certificate and key'
  - '[certs] etcd/peer serving cert is signed for DNS names [localhost master] and IPs [192.168.1.89 127.0.0.1 ::1]'
  - '[certs] Generating "etcd/healthcheck-client" certificate and key'
  - '[certs] Generating "apiserver-etcd-client" certificate and key'
  - '[certs] Generating "sa" key and public key'
  - '[kubeconfig] Using kubeconfig folder "/etc/kubernetes"'
  - '[kubeconfig] Writing "admin.conf" kubeconfig file'
  - '[kubeconfig] Writing "super-admin.conf" kubeconfig file'
  - '[kubeconfig] Writing "kubelet.conf" kubeconfig file'
  - '[kubeconfig] Writing "controller-manager.conf" kubeconfig file'
  - '[kubeconfig] Writing "scheduler.conf" kubeconfig file'
  - '[etcd] Creating static Pod manifest for local etcd in "/etc/kubernetes/manifests"'
  - '[control-plane] Using manifest folder "/etc/kubernetes/manifests"'
  - '[control-plane] Creating static Pod manifest for "kube-apiserver"'
  - '[control-plane] Creating static Pod manifest for "kube-controller-manager"'
  - '[control-plane] Creating static Pod manifest for "kube-scheduler"'
  - '[kubelet-start] Writing kubelet environment file with flags to file "/var/lib/kubelet/kubeadm-flags.env"'
  - '[kubelet-start] Writing kubelet configuration to file "/var/lib/kubelet/config.yaml"'
  - '[kubelet-start] Starting the kubelet'
  - '[wait-control-plane] Waiting for the kubelet to boot up the control plane as static Pods from directory "/etc/kubernetes/manifests". This can take up to 4m0s'
  - '[apiclient] All control plane components are healthy after 7.502541 seconds'
  - '[upload-config] Storing the configuration used in ConfigMap "kubeadm-config" in the "kube-system" Namespace'
  - '[kubelet] Creating a ConfigMap "kubelet-config" in namespace kube-system with the configuration for the kubelets in the cluster'
  - '[upload-certs] Skipping phase. Please see --upload-certs'
  - '[mark-control-plane] Marking the node master as control-plane by adding the labels: [node-role.kubernetes.io/control-plane node.kubernetes.io/exclude-from-external-load-balancers]'
  - '[mark-control-plane] Marking the node master as control-plane by adding the taints [node-role.kubernetes.io/control-plane:NoSchedule]'
  - '[bootstrap-token] Using token: obwgvl.tq4zgktysnj6gnv1'
  - '[bootstrap-token] Configuring bootstrap tokens, cluster-info ConfigMap, RBAC Roles'
  - '[bootstrap-token] Configured RBAC rules to allow Node Bootstrap tokens to get nodes'
  - '[bootstrap-token] Configured RBAC rules to allow Node Bootstrap tokens to post CSRs in order for nodes to get long term certificate credentials'
  - '[bootstrap-token] Configured RBAC rules to allow the csrapprover controller automatically approve CSRs from a Node Bootstrap Token'
  - '[bootstrap-token] Configured RBAC rules to allow certificate rotation for all node client certificates in the cluster'
  - '[bootstrap-token] Creating the "cluster-info" ConfigMap in the "kube-public" namespace'
  - '[kubelet-finalize] Updating "/etc/kubernetes/kubelet.conf" to point to a rotatable kubelet client certificate and key'
  - '[addons] Applied essential addon: CoreDNS'
  - '[addons] Applied essential addon: kube-proxy'
  - ''
  - Your Kubernetes control-plane has initialized successfully!
  - ''
  - 'To start using your cluster, you need to run the following as a regular user:'
  - ''
  - '  mkdir -p $HOME/.kube'
  - '  sudo cp -i /etc/kubernetes/admin.conf $HOME/.kube/config'
  - '  sudo chown $(id -u):$(id -g) $HOME/.kube/config'
  - ''
  - 'Alternatively, if you are the root user, you can run:'
  - ''
  - '  export KUBECONFIG=/etc/kubernetes/admin.conf'
  - ''
  - You should now deploy a pod network to the cluster.
  - 'Run "kubectl apply -f [podnetwork].yaml" with one of the options listed at:'
  - '  https://kubernetes.io/docs/concepts/cluster-administration/addons/'
  - ''
  - You can now join any number of control-plane nodes by copying certificate authorities
  - 'and service account keys on each node and then running the following as root:'
  - ''
  - '  kubeadm join 192.168.1.89:6443 --token obwgvl.tq4zgktysnj6gnv1 \'
  - "\t--discovery-token-ca-cert-hash sha256:f9058acee8029c6c14c04070c698b35c7c343e7332d74170e07f495e7860c923 \\"
  - "\t--control-plane "
  - ''
  - 'Then you can join any number of worker nodes by running the following on each as root:'
  - ''
  - kubeadm join 192.168.1.89:6443 --token obwgvl.tq4zgktysnj6gnv1 \
  - "\t--discovery-token-ca-cert-hash sha256:f9058acee8029c6c14c04070c698b35c7c343e7332d74170e07f495e7860c923 "
2026-05-03 14:17:33,352 p=72853 u=ansible n=ansible | TASK [master : Create .kube directory for root] ***************************************************************************
2026-05-03 14:17:33,994 p=72853 u=ansible n=ansible | changed: [Master]
2026-05-03 14:17:34,013 p=72853 u=ansible n=ansible | TASK [master : Copy admin.conf to root .kube/config] **********************************************************************
2026-05-03 14:17:35,014 p=72853 u=ansible n=ansible | changed: [Master]
2026-05-03 14:17:35,034 p=72853 u=ansible n=ansible | TASK [master : Create .kube directory for ansible user] *******************************************************************
2026-05-03 14:17:35,656 p=72853 u=ansible n=ansible | changed: [Master]
2026-05-03 14:17:35,676 p=72853 u=ansible n=ansible | TASK [master : Copy admin.conf to ansible user .kube/config] **************************************************************
2026-05-03 14:17:36,263 p=72853 u=ansible n=ansible | changed: [Master]
2026-05-03 14:17:36,282 p=72853 u=ansible n=ansible | TASK [master : Wait for API Server to be ready] ***************************************************************************
2026-05-03 14:17:37,259 p=72853 u=ansible n=ansible | changed: [Master]
2026-05-03 14:17:37,279 p=72853 u=ansible n=ansible | TASK [master : Check if Calico is already installed] **********************************************************************
2026-05-03 14:17:37,978 p=72853 u=ansible n=ansible | fatal: [Master]: FAILED! => changed=false 
  cmd:
  - kubectl
  - get
  - daemonset
  - calico-node
  - -n
  - kube-system
  delta: '0:00:00.140811'
  end: '2026-05-03 14:17:37.904527'
  msg: non-zero return code
  rc: 1
  start: '2026-05-03 14:17:37.763716'
  stderr: 'Error from server (NotFound): daemonsets.apps "calico-node" not found'
  stderr_lines: <omitted>
  stdout: ''
  stdout_lines: <omitted>
2026-05-03 14:17:37,979 p=72853 u=ansible n=ansible | ...ignoring
2026-05-03 14:17:38,001 p=72853 u=ansible n=ansible | TASK [master : Download Calico manifest] **********************************************************************************
2026-05-03 14:17:40,042 p=72853 u=ansible n=ansible | ok: [Master]
2026-05-03 14:17:40,068 p=72853 u=ansible n=ansible | TASK [master : Apply Calico CNI manifest] *********************************************************************************
2026-05-03 14:17:41,597 p=72853 u=ansible n=ansible | changed: [Master]
2026-05-03 14:17:41,617 p=72853 u=ansible n=ansible | TASK [master : Wait for Calico pods to be running] ************************************************************************
2026-05-03 14:18:16,961 p=72853 u=ansible n=ansible | changed: [Master]
2026-05-03 14:18:17,109 p=72853 u=ansible n=ansible | TASK [master : Generate kubeadm join command] *****************************************************************************
2026-05-03 14:18:17,896 p=72853 u=ansible n=ansible | changed: [Master]
2026-05-03 14:18:17,925 p=72853 u=ansible n=ansible | TASK [master : Save join command to controller] ***************************************************************************
2026-05-03 14:18:19,071 p=72853 u=ansible n=ansible | changed: [Master -> localhost]
2026-05-03 14:18:19,094 p=72853 u=ansible n=ansible | TASK [master : Install bash-completion] ***********************************************************************************
2026-05-03 14:18:23,250 p=72853 u=ansible n=ansible | ok: [Master]
2026-05-03 14:18:23,271 p=72853 u=ansible n=ansible | TASK [master : Add kubectl bash completion] *******************************************************************************
2026-05-03 14:18:24,631 p=72853 u=ansible n=ansible | ok: [Master]
2026-05-03 14:18:24,658 p=72853 u=ansible n=ansible | TASK [master : Add kubectl alias k] ***************************************************************************************
2026-05-03 14:18:25,254 p=72853 u=ansible n=ansible | ok: [Master]
2026-05-03 14:18:25,276 p=72853 u=ansible n=ansible | TASK [master : Add alias completion] **************************************************************************************
2026-05-03 14:18:25,867 p=72853 u=ansible n=ansible | ok: [Master]
2026-05-03 14:18:25,887 p=72853 u=ansible n=ansible | TASK [master : Get cluster info] ******************************************************************************************
2026-05-03 14:18:26,608 p=72853 u=ansible n=ansible | changed: [Master]
2026-05-03 14:18:26,627 p=72853 u=ansible n=ansible | TASK [master : Display cluster info] **************************************************************************************
2026-05-03 14:18:26,668 p=72853 u=ansible n=ansible | ok: [Master] => 
  cluster_info.stdout_lines:
  - Kubernetes control plane is running at https://192.168.1.89:6443
  - CoreDNS is running at https://192.168.1.89:6443/api/v1/namespaces/kube-system/services/kube-dns:dns/proxy
  - ''
  - To further debug and diagnose cluster problems, use 'kubectl cluster-info dump'.
2026-05-03 14:18:26,757 p=72853 u=ansible n=ansible | PLAY [Join worker nodes to the cluster] ***********************************************************************************
2026-05-03 14:18:26,785 p=72853 u=ansible n=ansible | TASK [Gathering Facts] ****************************************************************************************************
2026-05-03 14:18:29,156 p=72853 u=ansible n=ansible | ok: [worker-02]
2026-05-03 14:18:29,230 p=72853 u=ansible n=ansible | ok: [worker-01]
2026-05-03 14:18:29,320 p=72853 u=ansible n=ansible | TASK [worker : Verify containerd is working on worker] ********************************************************************
2026-05-03 14:18:29,973 p=72853 u=ansible n=ansible | changed: [worker-01]
2026-05-03 14:18:29,992 p=72853 u=ansible n=ansible | changed: [worker-02]
2026-05-03 14:18:30,017 p=72853 u=ansible n=ansible | TASK [worker : Check if node is already part of a cluster] ****************************************************************
2026-05-03 14:18:30,652 p=72853 u=ansible n=ansible | ok: [worker-01]
2026-05-03 14:18:30,655 p=72853 u=ansible n=ansible | ok: [worker-02]
2026-05-03 14:18:30,688 p=72853 u=ansible n=ansible | TASK [worker : Read join command from controller] *************************************************************************
2026-05-03 14:18:31,593 p=72853 u=ansible n=ansible | ok: [worker-01 -> localhost]
2026-05-03 14:18:31,607 p=72853 u=ansible n=ansible | ok: [worker-02 -> localhost]
2026-05-03 14:18:31,634 p=72853 u=ansible n=ansible | TASK [worker : Join the Kubernetes cluster] *******************************************************************************
2026-05-03 14:18:35,071 p=72853 u=ansible n=ansible | changed: [worker-02]
2026-05-03 14:18:37,029 p=72853 u=ansible n=ansible | changed: [worker-01]
2026-05-03 14:18:37,049 p=72853 u=ansible n=ansible | TASK [worker : Print join result] *****************************************************************************************
2026-05-03 14:18:37,131 p=72853 u=ansible n=ansible | ok: [worker-01] => 
  join_result.stdout_lines:
  - '[preflight] Running pre-flight checks'
  - '[preflight] Reading configuration from the cluster...'
  - '[preflight] FYI: You can look at this config file with ''kubectl -n kube-system get cm kubeadm-config -o yaml'''
  - '[kubelet-start] Writing kubelet configuration to file "/var/lib/kubelet/config.yaml"'
  - '[kubelet-start] Writing kubelet environment file with flags to file "/var/lib/kubelet/kubeadm-flags.env"'
  - '[kubelet-start] Starting the kubelet'
  - '[kubelet-start] Waiting for the kubelet to perform the TLS Bootstrap...'
  - ''
  - 'This node has joined the cluster:'
  - '* Certificate signing request was sent to apiserver and a response was received.'
  - '* The Kubelet was informed of the new secure connection details.'
  - ''
  - Run 'kubectl get nodes' on the control-plane to see this node join the cluster.
2026-05-03 14:18:37,177 p=72853 u=ansible n=ansible | ok: [worker-02] => 
  join_result.stdout_lines:
  - '[preflight] Running pre-flight checks'
  - '[preflight] Reading configuration from the cluster...'
  - '[preflight] FYI: You can look at this config file with ''kubectl -n kube-system get cm kubeadm-config -o yaml'''
  - '[kubelet-start] Writing kubelet configuration to file "/var/lib/kubelet/config.yaml"'
  - '[kubelet-start] Writing kubelet environment file with flags to file "/var/lib/kubelet/kubeadm-flags.env"'
  - '[kubelet-start] Starting the kubelet'
  - '[kubelet-start] Waiting for the kubelet to perform the TLS Bootstrap...'
  - ''
  - 'This node has joined the cluster:'
  - '* Certificate signing request was sent to apiserver and a response was received.'
  - '* The Kubelet was informed of the new secure connection details.'
  - ''
  - Run 'kubectl get nodes' on the control-plane to see this node join the cluster.
2026-05-03 14:18:37,202 p=72853 u=ansible n=ansible | TASK [worker : Ensure kubelet is running on worker] ***********************************************************************
2026-05-03 14:18:38,311 p=72853 u=ansible n=ansible | ok: [worker-02]
2026-05-03 14:18:38,313 p=72853 u=ansible n=ansible | ok: [worker-01]
2026-05-03 14:18:38,511 p=72853 u=ansible n=ansible | PLAY [Install ArgoCD on control plane] ************************************************************************************
2026-05-03 14:18:38,548 p=72853 u=ansible n=ansible | TASK [Gathering Facts] ****************************************************************************************************
2026-05-03 14:18:41,591 p=72853 u=ansible n=ansible | ok: [Master]
2026-05-03 14:18:41,650 p=72853 u=ansible n=ansible | TASK [argocd : Create argocd namespace] ***********************************************************************************
2026-05-03 14:18:42,483 p=72853 u=ansible n=ansible | changed: [Master]
2026-05-03 14:18:42,507 p=72853 u=ansible n=ansible | TASK [argocd : Download ArgoCD install manifest] **************************************************************************
2026-05-03 14:18:42,678 p=72853 u=ansible n=ansible | fatal: [Master]: FAILED! => 
  msg: |-
    The task includes an option with an undefined variable. The error was: 'argocd_version' is undefined. 'argocd_version' is undefined
  
    The error appears to be in '/home/ansible/k8s-ansible/roles/argocd/tasks/main.yml': line 16, column 3, but may
    be elsewhere in the file depending on the exact syntax problem.
  
    The offending line appears to be:
  
    # ════════════════════════════════════════════════════════════════
    - name: Download ArgoCD install manifest
      ^ here
2026-05-03 14:18:42,681 p=72853 u=ansible n=ansible | PLAY RECAP ****************************************************************************************************************
2026-05-03 14:18:42,682 p=72853 u=ansible n=ansible | Master                     : ok=59   changed=23   unreachable=0    failed=1    skipped=6    rescued=0    ignored=1   
2026-05-03 14:18:42,682 p=72853 u=ansible n=ansible | worker-01                  : ok=46   changed=17   unreachable=0    failed=0    skipped=4    rescued=0    ignored=0   
2026-05-03 14:18:42,682 p=72853 u=ansible n=ansible | worker-02                  : ok=45   changed=16   unreachable=0    failed=0    skipped=5    rescued=0    ignored=0   
2026-05-03 14:26:04,099 p=81464 u=ansible n=ansible | ERROR! the playbook: site.yml could not be found
2026-05-03 14:26:20,112 p=81632 u=ansible n=ansible | PLAY [Configure all cluster nodes] *********************************************
2026-05-03 14:26:20,282 p=81632 u=ansible n=ansible | PLAY [Initialize Kubernetes control plane] *************************************
2026-05-03 14:26:20,349 p=81632 u=ansible n=ansible | PLAY [Join worker nodes to the cluster] ****************************************
2026-05-03 14:26:20,458 p=81632 u=ansible n=ansible | PLAY [Install ArgoCD on control plane] *****************************************
2026-05-03 14:26:20,477 p=81632 u=ansible n=ansible | TASK [Gathering Facts] *********************************************************
2026-05-03 14:26:23,321 p=81632 u=ansible n=ansible | ok: [Master]
2026-05-03 14:26:23,405 p=81632 u=ansible n=ansible | TASK [argocd : Create argocd namespace] ****************************************
2026-05-03 14:26:24,456 p=81632 u=ansible n=ansible | ok: [Master]
2026-05-03 14:26:24,475 p=81632 u=ansible n=ansible | TASK [argocd : Download ArgoCD install manifest] *******************************
2026-05-03 14:26:27,170 p=81632 u=ansible n=ansible | ok: [Master]
2026-05-03 14:26:27,193 p=81632 u=ansible n=ansible | TASK [argocd : Apply ArgoCD manifest] ******************************************
2026-05-03 14:26:34,985 p=81632 u=ansible n=ansible | changed: [Master]
2026-05-03 14:26:35,006 p=81632 u=ansible n=ansible | TASK [argocd : Wait for ArgoCD server to be ready] *****************************
2026-05-03 14:26:39,479 p=81632 u=ansible n=ansible | changed: [Master]
2026-05-03 14:26:39,499 p=81632 u=ansible n=ansible | TASK [argocd : Check current argocd-server service type] ***********************
2026-05-03 14:26:40,227 p=81632 u=ansible n=ansible | ok: [Master]
2026-05-03 14:26:40,253 p=81632 u=ansible n=ansible | TASK [argocd : Patch argocd-server to NodePort] ********************************
2026-05-03 14:26:41,360 p=81632 u=ansible n=ansible | changed: [Master]
2026-05-03 14:26:41,379 p=81632 u=ansible n=ansible | TASK [argocd : Open ArgoCD HTTP NodePort in firewalld] *************************
2026-05-03 14:26:43,972 p=81632 u=ansible n=ansible | changed: [Master]
2026-05-03 14:26:43,995 p=81632 u=ansible n=ansible | TASK [argocd : Open ArgoCD HTTPS NodePort in firewalld] ************************
2026-05-03 14:26:45,131 p=81632 u=ansible n=ansible | changed: [Master]
2026-05-03 14:26:45,152 p=81632 u=ansible n=ansible | TASK [argocd : Wait for admin secret to be created] ****************************
2026-05-03 14:26:46,831 p=81632 u=ansible n=ansible | changed: [Master]
2026-05-03 14:26:46,853 p=81632 u=ansible n=ansible | TASK [argocd : Get ArgoCD initial admin password] ******************************
2026-05-03 14:26:47,592 p=81632 u=ansible n=ansible | changed: [Master]
2026-05-03 14:26:47,750 p=81632 u=ansible n=ansible | TASK [argocd : Decode ArgoCD password] *****************************************
2026-05-03 14:26:47,910 p=81632 u=ansible n=ansible | ok: [Master]
2026-05-03 14:26:47,939 p=81632 u=ansible n=ansible | TASK [argocd : Download ArgoCD CLI] ********************************************
2026-05-03 14:31:46,523 p=81632 u=ansible n=ansible | changed: [Master]
2026-05-03 14:31:46,752 p=81632 u=ansible n=ansible | TASK [argocd : Display ArgoCD access information] ******************************
2026-05-03 14:31:46,798 p=81632 u=ansible n=ansible | ok: [Master] => 
  msg:
  - =============================================
  - ✅ ArgoCD installed successfully!
  - =============================================
  - "\U0001F310 URL      : https://192.168.1.89:30443"
  - "\U0001F464 Username : admin"
  - "\U0001F511 Password : fxyipFjWrQOGhVni"
  - =============================================
  - "\U0001F4A1 CLI Login:"
  - '   argocd login 192.168.1.89:30443 --username admin --password ''fxyipFjWrQOGhVni'' --insecure'
  - =============================================
2026-05-03 14:31:46,900 p=81632 u=ansible n=ansible | PLAY [Verify cluster is healthy] ***********************************************
2026-05-03 14:31:47,019 p=81632 u=ansible n=ansible | PLAY RECAP *********************************************************************
2026-05-03 14:31:47,020 p=81632 u=ansible n=ansible | Master                     : ok=14   changed=8    unreachable=0    failed=0    skipped=0    rescued=0    ignored=0   
2026-05-03 14:52:40,303 p=98257 u=ansible n=ansible | PLAY [Configure all cluster nodes] ****************************************************************************************
2026-05-03 14:52:40,440 p=98257 u=ansible n=ansible | TASK [Gathering Facts] ****************************************************************************************************
2026-05-03 14:52:43,887 p=98257 u=ansible n=ansible | ok: [Master]
2026-05-03 14:52:43,984 p=98257 u=ansible n=ansible | ok: [worker-02]
2026-05-03 14:52:44,973 p=98257 u=ansible n=ansible | ok: [worker-01]
2026-05-03 14:52:45,101 p=98257 u=ansible n=ansible | TASK [common : Check if K3s server is installed] **************************************************************************
2026-05-03 14:52:46,060 p=98257 u=ansible n=ansible | ok: [worker-02]
2026-05-03 14:52:46,077 p=98257 u=ansible n=ansible | ok: [Master]
2026-05-03 14:52:46,087 p=98257 u=ansible n=ansible | ok: [worker-01]
2026-05-03 14:52:46,110 p=98257 u=ansible n=ansible | TASK [common : Uninstall K3s server] **************************************************************************************
2026-05-03 14:52:46,184 p=98257 u=ansible n=ansible | skipping: [Master]
2026-05-03 14:52:46,186 p=98257 u=ansible n=ansible | skipping: [worker-01]
2026-05-03 14:52:46,204 p=98257 u=ansible n=ansible | skipping: [worker-02]
2026-05-03 14:52:46,227 p=98257 u=ansible n=ansible | TASK [common : Check if K3s agent is installed] ***************************************************************************
2026-05-03 14:52:46,790 p=98257 u=ansible n=ansible | ok: [Master]
2026-05-03 14:52:46,845 p=98257 u=ansible n=ansible | ok: [worker-01]
2026-05-03 14:52:46,897 p=98257 u=ansible n=ansible | ok: [worker-02]
2026-05-03 14:52:46,916 p=98257 u=ansible n=ansible | TASK [common : Uninstall K3s agent] ***************************************************************************************
2026-05-03 14:52:46,957 p=98257 u=ansible n=ansible | skipping: [Master]
2026-05-03 14:52:46,999 p=98257 u=ansible n=ansible | skipping: [worker-01]
2026-05-03 14:52:47,015 p=98257 u=ansible n=ansible | skipping: [worker-02]
2026-05-03 14:52:47,067 p=98257 u=ansible n=ansible | TASK [common : Verify critical ports are free after K3s removal] **********************************************************
2026-05-03 14:52:48,075 p=98257 u=ansible n=ansible | changed: [worker-02]
2026-05-03 14:52:48,093 p=98257 u=ansible n=ansible | changed: [Master]
2026-05-03 14:52:48,113 p=98257 u=ansible n=ansible | changed: [worker-01]
2026-05-03 14:52:48,171 p=98257 u=ansible n=ansible | TASK [common : Fail if ports are still in use] ****************************************************************************
2026-05-03 14:52:48,248 p=98257 u=ansible n=ansible | fatal: [Master]: FAILED! => changed=false 
  msg: |-
    Ports still in use: LISTEN 0      4096       127.0.0.1:10257      0.0.0.0:*    users:(("kube-controller",pid=74604,fd=3))
    LISTEN 0      4096       127.0.0.1:10259      0.0.0.0:*    users:(("kube-scheduler",pid=74577,fd=3))
    LISTEN 0      4096               *:6443             *:*    users:(("kube-apiserver",pid=74526,fd=3))
    LISTEN 0      4096               *:10250            *:*    users:(("kubelet",pid=74691,fd=14))                       — please free them manually
2026-05-03 14:52:48,250 p=98257 u=ansible n=ansible | fatal: [worker-01]: FAILED! => changed=false 
  msg: 'Ports still in use: LISTEN 0      4096               *:10250            *:*    users:(("kubelet",pid=79917,fd=17))                       — please free them manually'
2026-05-03 14:52:48,276 p=98257 u=ansible n=ansible | fatal: [worker-02]: FAILED! => changed=false 
  msg: 'Ports still in use: LISTEN 0      4096               *:10250            *:*    users:(("kubelet",pid=41101,fd=17))    — please free them manually'
2026-05-03 14:52:48,279 p=98257 u=ansible n=ansible | PLAY RECAP ****************************************************************************************************************
2026-05-03 14:52:48,280 p=98257 u=ansible n=ansible | Master                     : ok=4    changed=1    unreachable=0    failed=1    skipped=2    rescued=0    ignored=0   
2026-05-03 14:52:48,280 p=98257 u=ansible n=ansible | worker-01                  : ok=4    changed=1    unreachable=0    failed=1    skipped=2    rescued=0    ignored=0   
2026-05-03 14:52:48,280 p=98257 u=ansible n=ansible | worker-02                  : ok=4    changed=1    unreachable=0    failed=1    skipped=2    rescued=0    ignored=0   
2026-05-03 14:53:03,058 p=98774 u=ansible n=ansible | PLAY [Reset Kubernetes cluster on all nodes] ******************************************************************************
2026-05-03 14:53:03,128 p=98774 u=ansible n=ansible | TASK [Run kubeadm reset] **************************************************************************************************
2026-05-03 14:53:09,608 p=98774 u=ansible n=ansible | changed: [worker-02]
2026-05-03 14:53:12,026 p=98774 u=ansible n=ansible | changed: [worker-01]
2026-05-03 14:53:17,360 p=98774 u=ansible n=ansible | changed: [Master]
2026-05-03 14:53:17,369 p=98774 u=ansible n=ansible | TASK [Unmount kubelet volumes] ********************************************************************************************
2026-05-03 14:53:17,999 p=98774 u=ansible n=ansible | changed: [worker-02]
2026-05-03 14:53:18,149 p=98774 u=ansible n=ansible | changed: [worker-01]
2026-05-03 14:53:18,341 p=98774 u=ansible n=ansible | changed: [Master]
2026-05-03 14:53:18,350 p=98774 u=ansible n=ansible | TASK [Remove Kubernetes data directories] *********************************************************************************
2026-05-03 14:53:19,368 p=98774 u=ansible n=ansible | changed: [worker-02] => (item=/etc/kubernetes)
2026-05-03 14:53:19,378 p=98774 u=ansible n=ansible | changed: [Master] => (item=/etc/kubernetes)
2026-05-03 14:53:19,443 p=98774 u=ansible n=ansible | changed: [worker-01] => (item=/etc/kubernetes)
2026-05-03 14:53:19,927 p=98774 u=ansible n=ansible | ok: [worker-02] => (item=/var/lib/etcd)
2026-05-03 14:53:19,957 p=98774 u=ansible n=ansible | changed: [Master] => (item=/var/lib/etcd)
2026-05-03 14:53:20,105 p=98774 u=ansible n=ansible | ok: [worker-01] => (item=/var/lib/etcd)
2026-05-03 14:53:20,500 p=98774 u=ansible n=ansible | changed: [worker-02] => (item=/var/lib/kubelet)
2026-05-03 14:53:20,515 p=98774 u=ansible n=ansible | changed: [Master] => (item=/var/lib/kubelet)
2026-05-03 14:53:20,775 p=98774 u=ansible n=ansible | changed: [worker-01] => (item=/var/lib/kubelet)
2026-05-03 14:53:21,086 p=98774 u=ansible n=ansible | changed: [worker-02] => (item=/etc/cni/net.d)
2026-05-03 14:53:21,091 p=98774 u=ansible n=ansible | changed: [Master] => (item=/etc/cni/net.d)
2026-05-03 14:53:21,446 p=98774 u=ansible n=ansible | changed: [worker-01] => (item=/etc/cni/net.d)
2026-05-03 14:53:21,661 p=98774 u=ansible n=ansible | changed: [Master] => (item=/var/lib/cni)
2026-05-03 14:53:21,664 p=98774 u=ansible n=ansible | changed: [worker-02] => (item=/var/lib/cni)
2026-05-03 14:53:22,015 p=98774 u=ansible n=ansible | changed: [worker-01] => (item=/var/lib/cni)
2026-05-03 14:53:22,026 p=98774 u=ansible n=ansible | TASK [Remove .kube directories] *******************************************************************************************
2026-05-03 14:53:22,680 p=98774 u=ansible n=ansible | ok: [worker-02] => (item=/root/.kube)
2026-05-03 14:53:22,682 p=98774 u=ansible n=ansible | ok: [worker-01] => (item=/root/.kube)
2026-05-03 14:53:22,689 p=98774 u=ansible n=ansible | changed: [Master] => (item=/root/.kube)
2026-05-03 14:53:23,238 p=98774 u=ansible n=ansible | ok: [worker-02] => (item=/home/ansible/.kube)
2026-05-03 14:53:23,259 p=98774 u=ansible n=ansible | changed: [Master] => (item=/home/ansible/.kube)
2026-05-03 14:53:23,267 p=98774 u=ansible n=ansible | ok: [worker-01] => (item=/home/ansible/.kube)
2026-05-03 14:53:23,280 p=98774 u=ansible n=ansible | TASK [Flush iptables rules] ***********************************************************************************************
2026-05-03 14:53:23,955 p=98774 u=ansible n=ansible | changed: [worker-01]
2026-05-03 14:53:24,034 p=98774 u=ansible n=ansible | changed: [Master]
2026-05-03 14:53:24,080 p=98774 u=ansible n=ansible | changed: [worker-02]
2026-05-03 14:53:24,095 p=98774 u=ansible n=ansible | TASK [Remove join command file] *******************************************************************************************
2026-05-03 14:53:24,656 p=98774 u=ansible n=ansible | changed: [Master -> localhost]
2026-05-03 14:53:24,666 p=98774 u=ansible n=ansible | TASK [Restart containerd] *************************************************************************************************
2026-05-03 14:53:26,675 p=98774 u=ansible n=ansible | changed: [worker-02]
2026-05-03 14:53:27,272 p=98774 u=ansible n=ansible | changed: [worker-01]
2026-05-03 14:53:28,062 p=98774 u=ansible n=ansible | changed: [Master]
2026-05-03 14:53:28,090 p=98774 u=ansible n=ansible | TASK [Reset complete] *****************************************************************************************************
2026-05-03 14:53:28,137 p=98774 u=ansible n=ansible | ok: [Master] => 
  msg: ✅ Cluster reset complete on Master
2026-05-03 14:53:28,143 p=98774 u=ansible n=ansible | ok: [worker-01] => 
  msg: ✅ Cluster reset complete on worker-01
2026-05-03 14:53:28,164 p=98774 u=ansible n=ansible | ok: [worker-02] => 
  msg: ✅ Cluster reset complete on worker-02
2026-05-03 14:53:28,249 p=98774 u=ansible n=ansible | PLAY RECAP ****************************************************************************************************************
2026-05-03 14:53:28,250 p=98774 u=ansible n=ansible | Master                     : ok=8    changed=7    unreachable=0    failed=0    skipped=0    rescued=0    ignored=0   
2026-05-03 14:53:28,250 p=98774 u=ansible n=ansible | worker-01                  : ok=7    changed=5    unreachable=0    failed=0    skipped=0    rescued=0    ignored=0   
2026-05-03 14:53:28,250 p=98774 u=ansible n=ansible | worker-02                  : ok=7    changed=5    unreachable=0    failed=0    skipped=0    rescued=0    ignored=0   
2026-05-03 14:53:37,701 p=100013 u=ansible n=ansible | PLAY [Configure all cluster nodes] ****************************************************************************************
2026-05-03 14:53:37,745 p=100013 u=ansible n=ansible | TASK [Gathering Facts] ****************************************************************************************************
2026-05-03 14:53:40,955 p=100013 u=ansible n=ansible | ok: [worker-01]
2026-05-03 14:53:40,976 p=100013 u=ansible n=ansible | ok: [Master]
2026-05-03 14:53:41,165 p=100013 u=ansible n=ansible | ok: [worker-02]
2026-05-03 14:53:41,275 p=100013 u=ansible n=ansible | TASK [common : Check if K3s server is installed] **************************************************************************
2026-05-03 14:53:42,158 p=100013 u=ansible n=ansible | ok: [Master]
2026-05-03 14:53:42,210 p=100013 u=ansible n=ansible | ok: [worker-02]
2026-05-03 14:53:42,221 p=100013 u=ansible n=ansible | ok: [worker-01]
2026-05-03 14:53:42,239 p=100013 u=ansible n=ansible | TASK [common : Uninstall K3s server] **************************************************************************************
2026-05-03 14:53:42,308 p=100013 u=ansible n=ansible | skipping: [Master]
2026-05-03 14:53:42,310 p=100013 u=ansible n=ansible | skipping: [worker-01]
2026-05-03 14:53:42,324 p=100013 u=ansible n=ansible | skipping: [worker-02]
2026-05-03 14:53:42,349 p=100013 u=ansible n=ansible | TASK [common : Check if K3s agent is installed] ***************************************************************************
2026-05-03 14:53:42,910 p=100013 u=ansible n=ansible | ok: [Master]
2026-05-03 14:53:42,968 p=100013 u=ansible n=ansible | ok: [worker-01]
2026-05-03 14:53:42,989 p=100013 u=ansible n=ansible | ok: [worker-02]
2026-05-03 14:53:43,009 p=100013 u=ansible n=ansible | TASK [common : Uninstall K3s agent] ***************************************************************************************
2026-05-03 14:53:43,077 p=100013 u=ansible n=ansible | skipping: [Master]
2026-05-03 14:53:43,079 p=100013 u=ansible n=ansible | skipping: [worker-01]
2026-05-03 14:53:43,097 p=100013 u=ansible n=ansible | skipping: [worker-02]
2026-05-03 14:53:43,120 p=100013 u=ansible n=ansible | TASK [common : Verify critical ports are free after K3s removal] **********************************************************
2026-05-03 14:53:44,100 p=100013 u=ansible n=ansible | changed: [Master]
2026-05-03 14:53:44,138 p=100013 u=ansible n=ansible | changed: [worker-02]
2026-05-03 14:53:44,162 p=100013 u=ansible n=ansible | changed: [worker-01]
2026-05-03 14:53:44,184 p=100013 u=ansible n=ansible | TASK [common : Fail if ports are still in use] ****************************************************************************
2026-05-03 14:53:44,226 p=100013 u=ansible n=ansible | skipping: [Master]
2026-05-03 14:53:44,254 p=100013 u=ansible n=ansible | skipping: [worker-01]
2026-05-03 14:53:44,275 p=100013 u=ansible n=ansible | skipping: [worker-02]
2026-05-03 14:53:44,295 p=100013 u=ansible n=ansible | TASK [common : Disable swap immediately] **********************************************************************************
2026-05-03 14:53:44,333 p=100013 u=ansible n=ansible | skipping: [Master]
2026-05-03 14:53:44,364 p=100013 u=ansible n=ansible | skipping: [worker-01]
2026-05-03 14:53:44,384 p=100013 u=ansible n=ansible | skipping: [worker-02]
2026-05-03 14:53:44,405 p=100013 u=ansible n=ansible | TASK [common : Remove swap from /etc/fstab permanently] *******************************************************************
2026-05-03 14:53:45,304 p=100013 u=ansible n=ansible | ok: [Master]
2026-05-03 14:53:45,350 p=100013 u=ansible n=ansible | ok: [worker-02]
2026-05-03 14:53:45,363 p=100013 u=ansible n=ansible | ok: [worker-01]
2026-05-03 14:53:45,383 p=100013 u=ansible n=ansible | TASK [common : Set hostname] **********************************************************************************************
2026-05-03 14:53:47,318 p=100013 u=ansible n=ansible | ok: [worker-01]
2026-05-03 14:53:47,326 p=100013 u=ansible n=ansible | ok: [worker-02]
2026-05-03 14:53:47,430 p=100013 u=ansible n=ansible | ok: [Master]
2026-05-03 14:53:47,449 p=100013 u=ansible n=ansible | TASK [common : Update /etc/hosts dynamically from inventory] **************************************************************
2026-05-03 14:53:48,424 p=100013 u=ansible n=ansible | ok: [Master]
2026-05-03 14:53:48,480 p=100013 u=ansible n=ansible | ok: [worker-02]
2026-05-03 14:53:48,506 p=100013 u=ansible n=ansible | ok: [worker-01]
2026-05-03 14:53:48,525 p=100013 u=ansible n=ansible | TASK [common : Set SELinux to permissive mode (runtime)] ******************************************************************
2026-05-03 14:53:49,152 p=100013 u=ansible n=ansible | changed: [worker-02]
2026-05-03 14:53:49,204 p=100013 u=ansible n=ansible | changed: [worker-01]
2026-05-03 14:53:49,205 p=100013 u=ansible n=ansible | changed: [Master]
2026-05-03 14:53:49,225 p=100013 u=ansible n=ansible | TASK [common : Set SELinux to permissive mode (permanent)] ****************************************************************
2026-05-03 14:53:49,794 p=100013 u=ansible n=ansible | ok: [Master]
2026-05-03 14:53:49,857 p=100013 u=ansible n=ansible | ok: [worker-02]
2026-05-03 14:53:49,858 p=100013 u=ansible n=ansible | ok: [worker-01]
2026-05-03 14:53:49,890 p=100013 u=ansible n=ansible | TASK [common : Ensure firewalld is started and enabled] *******************************************************************
2026-05-03 14:53:51,572 p=100013 u=ansible n=ansible | ok: [Master]
2026-05-03 14:53:51,583 p=100013 u=ansible n=ansible | ok: [worker-02]
2026-05-03 14:53:51,609 p=100013 u=ansible n=ansible | ok: [worker-01]
2026-05-03 14:53:51,629 p=100013 u=ansible n=ansible | TASK [common : Open required ports on control plane] **********************************************************************
2026-05-03 14:53:51,703 p=100013 u=ansible n=ansible | skipping: [worker-01] => (item=6443/tcp) 
2026-05-03 14:53:51,712 p=100013 u=ansible n=ansible | skipping: [worker-01] => (item=2379/tcp) 
2026-05-03 14:53:51,721 p=100013 u=ansible n=ansible | skipping: [worker-01] => (item=2380/tcp) 
2026-05-03 14:53:51,727 p=100013 u=ansible n=ansible | skipping: [worker-01] => (item=10250/tcp) 
2026-05-03 14:53:51,732 p=100013 u=ansible n=ansible | skipping: [worker-02] => (item=6443/tcp) 
2026-05-03 14:53:51,745 p=100013 u=ansible n=ansible | skipping: [worker-01] => (item=10257/tcp) 
2026-05-03 14:53:51,750 p=100013 u=ansible n=ansible | skipping: [worker-01] => (item=10259/tcp) 
2026-05-03 14:53:51,752 p=100013 u=ansible n=ansible | skipping: [worker-01] => (item=179/tcp) 
2026-05-03 14:53:51,756 p=100013 u=ansible n=ansible | skipping: [worker-02] => (item=2379/tcp) 
2026-05-03 14:53:51,758 p=100013 u=ansible n=ansible | skipping: [worker-02] => (item=2380/tcp) 
2026-05-03 14:53:51,759 p=100013 u=ansible n=ansible | skipping: [worker-02] => (item=10250/tcp) 
2026-05-03 14:53:51,762 p=100013 u=ansible n=ansible | skipping: [worker-01] => (item=4789/udp) 
2026-05-03 14:53:51,765 p=100013 u=ansible n=ansible | skipping: [worker-01]
2026-05-03 14:53:51,765 p=100013 u=ansible n=ansible | skipping: [worker-02] => (item=10257/tcp) 
2026-05-03 14:53:51,766 p=100013 u=ansible n=ansible | skipping: [worker-02] => (item=10259/tcp) 
2026-05-03 14:53:51,776 p=100013 u=ansible n=ansible | skipping: [worker-02] => (item=179/tcp) 
2026-05-03 14:53:51,780 p=100013 u=ansible n=ansible | skipping: [worker-02] => (item=4789/udp) 
2026-05-03 14:53:51,783 p=100013 u=ansible n=ansible | skipping: [worker-02]
2026-05-03 14:53:53,332 p=100013 u=ansible n=ansible | ok: [Master] => (item=6443/tcp)
2026-05-03 14:53:54,273 p=100013 u=ansible n=ansible | ok: [Master] => (item=2379/tcp)
2026-05-03 14:53:55,465 p=100013 u=ansible n=ansible | ok: [Master] => (item=2380/tcp)
2026-05-03 14:53:56,398 p=100013 u=ansible n=ansible | ok: [Master] => (item=10250/tcp)
2026-05-03 14:53:57,582 p=100013 u=ansible n=ansible | ok: [Master] => (item=10257/tcp)
2026-05-03 14:53:58,541 p=100013 u=ansible n=ansible | ok: [Master] => (item=10259/tcp)
2026-05-03 14:53:59,491 p=100013 u=ansible n=ansible | ok: [Master] => (item=179/tcp)
2026-05-03 14:54:00,430 p=100013 u=ansible n=ansible | ok: [Master] => (item=4789/udp)
2026-05-03 14:54:00,451 p=100013 u=ansible n=ansible | TASK [common : Open required ports on worker nodes] ***********************************************************************
2026-05-03 14:54:00,496 p=100013 u=ansible n=ansible | skipping: [Master] => (item=10250/tcp) 
2026-05-03 14:54:00,500 p=100013 u=ansible n=ansible | skipping: [Master] => (item=179/tcp) 
2026-05-03 14:54:00,503 p=100013 u=ansible n=ansible | skipping: [Master] => (item=4789/udp) 
2026-05-03 14:54:00,527 p=100013 u=ansible n=ansible | skipping: [Master]
2026-05-03 14:54:01,467 p=100013 u=ansible n=ansible | ok: [worker-01] => (item=10250/tcp)
2026-05-03 14:54:01,543 p=100013 u=ansible n=ansible | ok: [worker-02] => (item=10250/tcp)
2026-05-03 14:54:02,478 p=100013 u=ansible n=ansible | ok: [worker-01] => (item=179/tcp)
2026-05-03 14:54:02,500 p=100013 u=ansible n=ansible | ok: [worker-02] => (item=179/tcp)
2026-05-03 14:54:03,444 p=100013 u=ansible n=ansible | ok: [worker-01] => (item=4789/udp)
2026-05-03 14:54:03,455 p=100013 u=ansible n=ansible | ok: [worker-02] => (item=4789/udp)
2026-05-03 14:54:03,474 p=100013 u=ansible n=ansible | TASK [common : Open NodePort range on workers] ****************************************************************************
2026-05-03 14:54:03,514 p=100013 u=ansible n=ansible | skipping: [Master]
2026-05-03 14:54:04,755 p=100013 u=ansible n=ansible | changed: [worker-01]
2026-05-03 14:54:04,811 p=100013 u=ansible n=ansible | changed: [worker-02]
2026-05-03 14:54:04,829 p=100013 u=ansible n=ansible | TASK [common : Allow Kubernetes Service CIDR traffic] *********************************************************************
2026-05-03 14:54:05,803 p=100013 u=ansible n=ansible | ok: [Master]
2026-05-03 14:54:05,846 p=100013 u=ansible n=ansible | ok: [worker-02]
2026-05-03 14:54:05,873 p=100013 u=ansible n=ansible | ok: [worker-01]
2026-05-03 14:54:05,893 p=100013 u=ansible n=ansible | TASK [common : Allow Kubernetes Pod CIDR destination traffic] *************************************************************
2026-05-03 14:54:06,901 p=100013 u=ansible n=ansible | ok: [Master]
2026-05-03 14:54:06,909 p=100013 u=ansible n=ansible | ok: [worker-01]
2026-05-03 14:54:06,929 p=100013 u=ansible n=ansible | ok: [worker-02]
2026-05-03 14:54:06,951 p=100013 u=ansible n=ansible | TASK [common : Allow Kubernetes Pod CIDR source traffic] ******************************************************************
2026-05-03 14:54:07,937 p=100013 u=ansible n=ansible | ok: [Master]
2026-05-03 14:54:07,953 p=100013 u=ansible n=ansible | ok: [worker-01]
2026-05-03 14:54:07,978 p=100013 u=ansible n=ansible | ok: [worker-02]
2026-05-03 14:54:07,998 p=100013 u=ansible n=ansible | TASK [common : Add Calico tunnel interface to trusted zone] ***************************************************************
2026-05-03 14:54:08,977 p=100013 u=ansible n=ansible | ok: [Master]
2026-05-03 14:54:09,027 p=100013 u=ansible n=ansible | ok: [worker-01]
2026-05-03 14:54:09,054 p=100013 u=ansible n=ansible | ok: [worker-02]
2026-05-03 14:54:09,074 p=100013 u=ansible n=ansible | TASK [common : Add kube-ipvs0 interface to trusted zone] ******************************************************************
2026-05-03 14:54:10,087 p=100013 u=ansible n=ansible | ok: [worker-01]
2026-05-03 14:54:10,089 p=100013 u=ansible n=ansible | ok: [Master]
2026-05-03 14:54:10,106 p=100013 u=ansible n=ansible | ok: [worker-02]
2026-05-03 14:54:10,124 p=100013 u=ansible n=ansible | TASK [common : Enable masquerade] *****************************************************************************************
2026-05-03 14:54:11,117 p=100013 u=ansible n=ansible | ok: [Master]
2026-05-03 14:54:11,149 p=100013 u=ansible n=ansible | ok: [worker-01]
2026-05-03 14:54:11,159 p=100013 u=ansible n=ansible | ok: [worker-02]
2026-05-03 14:54:11,178 p=100013 u=ansible n=ansible | TASK [common : Reload firewalld to apply all rules] ***********************************************************************
2026-05-03 14:54:12,884 p=100013 u=ansible n=ansible | changed: [worker-02]
2026-05-03 14:54:12,922 p=100013 u=ansible n=ansible | changed: [worker-01]
2026-05-03 14:54:13,101 p=100013 u=ansible n=ansible | changed: [Master]
2026-05-03 14:54:13,124 p=100013 u=ansible n=ansible | TASK [common : Create kernel modules config for Kubernetes] ***************************************************************
2026-05-03 14:54:14,727 p=100013 u=ansible n=ansible | ok: [Master]
2026-05-03 14:54:14,897 p=100013 u=ansible n=ansible | ok: [worker-02]
2026-05-03 14:54:14,906 p=100013 u=ansible n=ansible | ok: [worker-01]
2026-05-03 14:54:14,925 p=100013 u=ansible n=ansible | TASK [common : Load overlay module] ***************************************************************************************
2026-05-03 14:54:15,838 p=100013 u=ansible n=ansible | ok: [Master]
2026-05-03 14:54:15,891 p=100013 u=ansible n=ansible | ok: [worker-02]
2026-05-03 14:54:15,898 p=100013 u=ansible n=ansible | ok: [worker-01]
2026-05-03 14:54:15,923 p=100013 u=ansible n=ansible | TASK [common : Load br_netfilter module] **********************************************************************************
2026-05-03 14:54:16,497 p=100013 u=ansible n=ansible | ok: [Master]
2026-05-03 14:54:16,555 p=100013 u=ansible n=ansible | ok: [worker-01]
2026-05-03 14:54:16,566 p=100013 u=ansible n=ansible | ok: [worker-02]
2026-05-03 14:54:16,586 p=100013 u=ansible n=ansible | TASK [common : Set sysctl params for Kubernetes networking] ***************************************************************
2026-05-03 14:54:17,693 p=100013 u=ansible n=ansible | ok: [Master]
2026-05-03 14:54:18,194 p=100013 u=ansible n=ansible | ok: [worker-02]
2026-05-03 14:54:18,217 p=100013 u=ansible n=ansible | ok: [worker-01]
2026-05-03 14:54:18,238 p=100013 u=ansible n=ansible | TASK [common : Apply sysctl params] ***************************************************************************************
2026-05-03 14:54:18,888 p=100013 u=ansible n=ansible | changed: [worker-02]
2026-05-03 14:54:18,921 p=100013 u=ansible n=ansible | changed: [worker-01]
2026-05-03 14:54:18,927 p=100013 u=ansible n=ansible | changed: [Master]
2026-05-03 14:54:18,947 p=100013 u=ansible n=ansible | TASK [common : Install required system packages] **************************************************************************
2026-05-03 14:54:21,680 p=100013 u=ansible n=ansible | ok: [worker-02]
2026-05-03 14:54:35,326 p=100013 u=ansible n=ansible | ok: [worker-01]
2026-05-03 14:54:38,631 p=100013 u=ansible n=ansible | ok: [Master]
2026-05-03 14:54:38,651 p=100013 u=ansible n=ansible | TASK [common : Add Docker repository (contains containerd)] ***************************************************************
2026-05-03 14:54:39,203 p=100013 u=ansible n=ansible | ok: [Master]
2026-05-03 14:54:39,263 p=100013 u=ansible n=ansible | ok: [worker-01]
2026-05-03 14:54:39,280 p=100013 u=ansible n=ansible | ok: [worker-02]
2026-05-03 14:54:39,303 p=100013 u=ansible n=ansible | TASK [common : Install containerd] ****************************************************************************************
2026-05-03 14:54:41,316 p=100013 u=ansible n=ansible | ok: [worker-02]
2026-05-03 14:54:43,504 p=100013 u=ansible n=ansible | ok: [worker-01]
2026-05-03 14:54:43,528 p=100013 u=ansible n=ansible | ok: [Master]
2026-05-03 14:54:43,545 p=100013 u=ansible n=ansible | TASK [common : Create containerd config directory] ************************************************************************
2026-05-03 14:54:44,160 p=100013 u=ansible n=ansible | ok: [worker-02]
2026-05-03 14:54:44,195 p=100013 u=ansible n=ansible | ok: [worker-01]
2026-05-03 14:54:44,212 p=100013 u=ansible n=ansible | ok: [Master]
2026-05-03 14:54:44,232 p=100013 u=ansible n=ansible | TASK [common : Remove old containerd config (force fresh)] ****************************************************************
2026-05-03 14:54:44,822 p=100013 u=ansible n=ansible | changed: [Master]
2026-05-03 14:54:44,868 p=100013 u=ansible n=ansible | changed: [worker-01]
2026-05-03 14:54:44,878 p=100013 u=ansible n=ansible | changed: [worker-02]
2026-05-03 14:54:44,899 p=100013 u=ansible n=ansible | TASK [common : Generate fresh default containerd config] ******************************************************************
2026-05-03 14:54:45,588 p=100013 u=ansible n=ansible | changed: [Master]
2026-05-03 14:54:45,592 p=100013 u=ansible n=ansible | changed: [worker-01]
2026-05-03 14:54:45,593 p=100013 u=ansible n=ansible | changed: [worker-02]
2026-05-03 14:54:45,615 p=100013 u=ansible n=ansible | TASK [common : Enable SystemdCgroup in containerd config] *****************************************************************
2026-05-03 14:54:46,186 p=100013 u=ansible n=ansible | changed: [Master]
2026-05-03 14:54:46,244 p=100013 u=ansible n=ansible | changed: [worker-01]
2026-05-03 14:54:46,257 p=100013 u=ansible n=ansible | changed: [worker-02]
2026-05-03 14:54:46,276 p=100013 u=ansible n=ansible | TASK [common : Restart and enable containerd] *****************************************************************************
2026-05-03 14:54:47,569 p=100013 u=ansible n=ansible | changed: [worker-02]
2026-05-03 14:54:47,742 p=100013 u=ansible n=ansible | changed: [worker-01]
2026-05-03 14:54:47,836 p=100013 u=ansible n=ansible | changed: [Master]
2026-05-03 14:54:47,853 p=100013 u=ansible n=ansible | TASK [common : Verify containerd CRI is working] **************************************************************************
2026-05-03 14:54:48,512 p=100013 u=ansible n=ansible | changed: [Master]
2026-05-03 14:54:48,525 p=100013 u=ansible n=ansible | changed: [worker-01]
2026-05-03 14:54:48,542 p=100013 u=ansible n=ansible | changed: [worker-02]
2026-05-03 14:54:48,563 p=100013 u=ansible n=ansible | TASK [common : Print containerd version] **********************************************************************************
2026-05-03 14:54:48,637 p=100013 u=ansible n=ansible | ok: [Master] => 
  msg: 'containerd is working: [''Version:  0.1.0'', ''RuntimeName:  containerd'', ''RuntimeVersion:  v2.2.2'', ''RuntimeApiVersion:  v1'']'
2026-05-03 14:54:48,639 p=100013 u=ansible n=ansible | ok: [worker-01] => 
  msg: 'containerd is working: [''Version:  0.1.0'', ''RuntimeName:  containerd'', ''RuntimeVersion:  v2.2.2'', ''RuntimeApiVersion:  v1'']'
2026-05-03 14:54:48,667 p=100013 u=ansible n=ansible | ok: [worker-02] => 
  msg: 'containerd is working: [''Version:  0.1.0'', ''RuntimeName:  containerd'', ''RuntimeVersion:  v2.2.3'', ''RuntimeApiVersion:  v1'']'
2026-05-03 14:54:48,687 p=100013 u=ansible n=ansible | TASK [common : Add Kubernetes yum repository] *****************************************************************************
2026-05-03 14:54:49,855 p=100013 u=ansible n=ansible | ok: [Master]
2026-05-03 14:54:50,294 p=100013 u=ansible n=ansible | ok: [worker-02]
2026-05-03 14:54:50,315 p=100013 u=ansible n=ansible | ok: [worker-01]
2026-05-03 14:54:50,335 p=100013 u=ansible n=ansible | TASK [common : Install kubelet, kubeadm, kubectl] *************************************************************************
2026-05-03 14:54:52,362 p=100013 u=ansible n=ansible | ok: [worker-02]
2026-05-03 14:54:54,452 p=100013 u=ansible n=ansible | ok: [Master]
2026-05-03 14:54:54,534 p=100013 u=ansible n=ansible | ok: [worker-01]
2026-05-03 14:54:54,552 p=100013 u=ansible n=ansible | TASK [common : Enable and start kubelet] **********************************************************************************
2026-05-03 14:54:55,559 p=100013 u=ansible n=ansible | changed: [Master]
2026-05-03 14:54:55,570 p=100013 u=ansible n=ansible | changed: [worker-02]
2026-05-03 14:54:55,616 p=100013 u=ansible n=ansible | changed: [worker-01]
2026-05-03 14:54:55,807 p=100013 u=ansible n=ansible | RUNNING HANDLER [common : Reload firewalld] *******************************************************************************
2026-05-03 14:54:57,436 p=100013 u=ansible n=ansible | changed: [worker-02]
2026-05-03 14:54:57,464 p=100013 u=ansible n=ansible | changed: [worker-01]
2026-05-03 14:54:57,529 p=100013 u=ansible n=ansible | PLAY [Initialize Kubernetes control plane] ********************************************************************************
2026-05-03 14:54:57,562 p=100013 u=ansible n=ansible | TASK [Gathering Facts] ****************************************************************************************************
2026-05-03 14:54:59,540 p=100013 u=ansible n=ansible | ok: [Master]
2026-05-03 14:54:59,595 p=100013 u=ansible n=ansible | TASK [master : Check if Kubernetes is already initialized] ****************************************************************
2026-05-03 14:55:00,132 p=100013 u=ansible n=ansible | ok: [Master]
2026-05-03 14:55:00,150 p=100013 u=ansible n=ansible | TASK [master : Initialize Kubernetes control plane with kubeadm] **********************************************************
2026-05-03 14:55:30,905 p=100013 u=ansible n=ansible | changed: [Master]
2026-05-03 14:55:30,929 p=100013 u=ansible n=ansible | TASK [master : Print kubeadm init output] *********************************************************************************
2026-05-03 14:55:31,054 p=100013 u=ansible n=ansible | ok: [Master] => 
  kubeadm_init_output.stdout_lines:
  - '[init] Using Kubernetes version: v1.29.15'
  - '[preflight] Running pre-flight checks'
  - '[preflight] Pulling images required for setting up a Kubernetes cluster'
  - '[preflight] This might take a minute or two, depending on the speed of your internet connection'
  - '[preflight] You can also perform this action in beforehand using ''kubeadm config images pull'''
  - '[certs] Using certificateDir folder "/etc/kubernetes/pki"'
  - '[certs] Generating "ca" certificate and key'
  - '[certs] Generating "apiserver" certificate and key'
  - '[certs] apiserver serving cert is signed for DNS names [kubernetes kubernetes.default kubernetes.default.svc kubernetes.default.svc.cluster.local master] and IPs [10.96.0.1 192.168.1.89]'
  - '[certs] Generating "apiserver-kubelet-client" certificate and key'
  - '[certs] Generating "front-proxy-ca" certificate and key'
  - '[certs] Generating "front-proxy-client" certificate and key'
  - '[certs] Generating "etcd/ca" certificate and key'
  - '[certs] Generating "etcd/server" certificate and key'
  - '[certs] etcd/server serving cert is signed for DNS names [localhost master] and IPs [192.168.1.89 127.0.0.1 ::1]'
  - '[certs] Generating "etcd/peer" certificate and key'
  - '[certs] etcd/peer serving cert is signed for DNS names [localhost master] and IPs [192.168.1.89 127.0.0.1 ::1]'
  - '[certs] Generating "etcd/healthcheck-client" certificate and key'
  - '[certs] Generating "apiserver-etcd-client" certificate and key'
  - '[certs] Generating "sa" key and public key'
  - '[kubeconfig] Using kubeconfig folder "/etc/kubernetes"'
  - '[kubeconfig] Writing "admin.conf" kubeconfig file'
  - '[kubeconfig] Writing "super-admin.conf" kubeconfig file'
  - '[kubeconfig] Writing "kubelet.conf" kubeconfig file'
  - '[kubeconfig] Writing "controller-manager.conf" kubeconfig file'
  - '[kubeconfig] Writing "scheduler.conf" kubeconfig file'
  - '[etcd] Creating static Pod manifest for local etcd in "/etc/kubernetes/manifests"'
  - '[control-plane] Using manifest folder "/etc/kubernetes/manifests"'
  - '[control-plane] Creating static Pod manifest for "kube-apiserver"'
  - '[control-plane] Creating static Pod manifest for "kube-controller-manager"'
  - '[control-plane] Creating static Pod manifest for "kube-scheduler"'
  - '[kubelet-start] Writing kubelet environment file with flags to file "/var/lib/kubelet/kubeadm-flags.env"'
  - '[kubelet-start] Writing kubelet configuration to file "/var/lib/kubelet/config.yaml"'
  - '[kubelet-start] Starting the kubelet'
  - '[wait-control-plane] Waiting for the kubelet to boot up the control plane as static Pods from directory "/etc/kubernetes/manifests". This can take up to 4m0s'
  - '[apiclient] All control plane components are healthy after 20.040157 seconds'
  - '[upload-config] Storing the configuration used in ConfigMap "kubeadm-config" in the "kube-system" Namespace'
  - '[kubelet] Creating a ConfigMap "kubelet-config" in namespace kube-system with the configuration for the kubelets in the cluster'
  - '[upload-certs] Skipping phase. Please see --upload-certs'
  - '[mark-control-plane] Marking the node master as control-plane by adding the labels: [node-role.kubernetes.io/control-plane node.kubernetes.io/exclude-from-external-load-balancers]'
  - '[mark-control-plane] Marking the node master as control-plane by adding the taints [node-role.kubernetes.io/control-plane:NoSchedule]'
  - '[bootstrap-token] Using token: 6kfyjd.lyofb3irxmmwdgwr'
  - '[bootstrap-token] Configuring bootstrap tokens, cluster-info ConfigMap, RBAC Roles'
  - '[bootstrap-token] Configured RBAC rules to allow Node Bootstrap tokens to get nodes'
  - '[bootstrap-token] Configured RBAC rules to allow Node Bootstrap tokens to post CSRs in order for nodes to get long term certificate credentials'
  - '[bootstrap-token] Configured RBAC rules to allow the csrapprover controller automatically approve CSRs from a Node Bootstrap Token'
  - '[bootstrap-token] Configured RBAC rules to allow certificate rotation for all node client certificates in the cluster'
  - '[bootstrap-token] Creating the "cluster-info" ConfigMap in the "kube-public" namespace'
  - '[kubelet-finalize] Updating "/etc/kubernetes/kubelet.conf" to point to a rotatable kubelet client certificate and key'
  - '[addons] Applied essential addon: CoreDNS'
  - '[addons] Applied essential addon: kube-proxy'
  - ''
  - Your Kubernetes control-plane has initialized successfully!
  - ''
  - 'To start using your cluster, you need to run the following as a regular user:'
  - ''
  - '  mkdir -p $HOME/.kube'
  - '  sudo cp -i /etc/kubernetes/admin.conf $HOME/.kube/config'
  - '  sudo chown $(id -u):$(id -g) $HOME/.kube/config'
  - ''
  - 'Alternatively, if you are the root user, you can run:'
  - ''
  - '  export KUBECONFIG=/etc/kubernetes/admin.conf'
  - ''
  - You should now deploy a pod network to the cluster.
  - 'Run "kubectl apply -f [podnetwork].yaml" with one of the options listed at:'
  - '  https://kubernetes.io/docs/concepts/cluster-administration/addons/'
  - ''
  - You can now join any number of control-plane nodes by copying certificate authorities
  - 'and service account keys on each node and then running the following as root:'
  - ''
  - '  kubeadm join 192.168.1.89:6443 --token 6kfyjd.lyofb3irxmmwdgwr \'
  - "\t--discovery-token-ca-cert-hash sha256:2cd13d4bccd72732376f7e6fafe8cb12676e3895e88e20397680b63fe97273c3 \\"
  - "\t--control-plane "
  - ''
  - 'Then you can join any number of worker nodes by running the following on each as root:'
  - ''
  - kubeadm join 192.168.1.89:6443 --token 6kfyjd.lyofb3irxmmwdgwr \
  - "\t--discovery-token-ca-cert-hash sha256:2cd13d4bccd72732376f7e6fafe8cb12676e3895e88e20397680b63fe97273c3 "
2026-05-03 14:55:31,081 p=100013 u=ansible n=ansible | TASK [master : Create .kube directory for root] ***************************************************************************
2026-05-03 14:55:31,687 p=100013 u=ansible n=ansible | changed: [Master]
2026-05-03 14:55:31,708 p=100013 u=ansible n=ansible | TASK [master : Copy admin.conf to root .kube/config] **********************************************************************
2026-05-03 14:55:32,720 p=100013 u=ansible n=ansible | changed: [Master]
2026-05-03 14:55:32,742 p=100013 u=ansible n=ansible | TASK [master : Create .kube directory for ansible user] *******************************************************************
2026-05-03 14:55:33,354 p=100013 u=ansible n=ansible | changed: [Master]
2026-05-03 14:55:33,377 p=100013 u=ansible n=ansible | TASK [master : Copy admin.conf to ansible user .kube/config] **************************************************************
2026-05-03 14:55:34,001 p=100013 u=ansible n=ansible | changed: [Master]
2026-05-03 14:55:34,018 p=100013 u=ansible n=ansible | TASK [master : Wait for API Server to be ready] ***************************************************************************
2026-05-03 14:55:35,665 p=100013 u=ansible n=ansible | changed: [Master]
2026-05-03 14:55:35,685 p=100013 u=ansible n=ansible | TASK [master : Check if Calico is already installed] **********************************************************************
2026-05-03 14:55:36,429 p=100013 u=ansible n=ansible | fatal: [Master]: FAILED! => changed=false 
  cmd:
  - kubectl
  - get
  - daemonset
  - calico-node
  - -n
  - kube-system
  delta: '0:00:00.169529'
  end: '2026-05-03 14:55:36.353221'
  msg: non-zero return code
  rc: 1
  start: '2026-05-03 14:55:36.183692'
  stderr: 'Error from server (NotFound): daemonsets.apps "calico-node" not found'
  stderr_lines: <omitted>
  stdout: ''
  stdout_lines: <omitted>
2026-05-03 14:55:36,430 p=100013 u=ansible n=ansible | ...ignoring
2026-05-03 14:55:36,450 p=100013 u=ansible n=ansible | TASK [master : Download Calico manifest] **********************************************************************************
2026-05-03 14:55:38,635 p=100013 u=ansible n=ansible | ok: [Master]
2026-05-03 14:55:38,653 p=100013 u=ansible n=ansible | TASK [master : Apply Calico CNI manifest] *********************************************************************************
2026-05-03 14:55:40,201 p=100013 u=ansible n=ansible | changed: [Master]
2026-05-03 14:55:40,223 p=100013 u=ansible n=ansible | TASK [master : Wait for Calico pods to be running] ************************************************************************
2026-05-03 14:56:05,788 p=100013 u=ansible n=ansible | changed: [Master]
2026-05-03 14:56:05,808 p=100013 u=ansible n=ansible | TASK [master : Generate kubeadm join command] *****************************************************************************
2026-05-03 14:56:06,538 p=100013 u=ansible n=ansible | changed: [Master]
2026-05-03 14:56:06,563 p=100013 u=ansible n=ansible | TASK [master : Save join command to controller] ***************************************************************************
2026-05-03 14:56:07,674 p=100013 u=ansible n=ansible | changed: [Master -> localhost]
2026-05-03 14:56:07,696 p=100013 u=ansible n=ansible | TASK [master : Install bash-completion] ***********************************************************************************
2026-05-03 14:56:11,881 p=100013 u=ansible n=ansible | ok: [Master]
2026-05-03 14:56:11,907 p=100013 u=ansible n=ansible | TASK [master : Add kubectl bash completion] *******************************************************************************
2026-05-03 14:56:13,039 p=100013 u=ansible n=ansible | ok: [Master]
2026-05-03 14:56:13,076 p=100013 u=ansible n=ansible | TASK [master : Add kubectl alias k] ***************************************************************************************
2026-05-03 14:56:13,786 p=100013 u=ansible n=ansible | ok: [Master]
2026-05-03 14:56:13,810 p=100013 u=ansible n=ansible | TASK [master : Add alias completion] **************************************************************************************
2026-05-03 14:56:14,464 p=100013 u=ansible n=ansible | ok: [Master]
2026-05-03 14:56:14,486 p=100013 u=ansible n=ansible | TASK [master : Get cluster info] ******************************************************************************************
2026-05-03 14:56:15,224 p=100013 u=ansible n=ansible | changed: [Master]
2026-05-03 14:56:15,256 p=100013 u=ansible n=ansible | TASK [master : Display cluster info] **************************************************************************************
2026-05-03 14:56:15,303 p=100013 u=ansible n=ansible | ok: [Master] => 
  cluster_info.stdout_lines:
  - Kubernetes control plane is running at https://192.168.1.89:6443
  - CoreDNS is running at https://192.168.1.89:6443/api/v1/namespaces/kube-system/services/kube-dns:dns/proxy
  - ''
  - To further debug and diagnose cluster problems, use 'kubectl cluster-info dump'.
2026-05-03 14:56:15,422 p=100013 u=ansible n=ansible | PLAY [Join worker nodes to the cluster] ***********************************************************************************
2026-05-03 14:56:15,447 p=100013 u=ansible n=ansible | TASK [Gathering Facts] ****************************************************************************************************
2026-05-03 14:56:17,874 p=100013 u=ansible n=ansible | ok: [worker-01]
2026-05-03 14:56:17,960 p=100013 u=ansible n=ansible | ok: [worker-02]
2026-05-03 14:56:18,044 p=100013 u=ansible n=ansible | TASK [worker : Verify containerd is working on worker] ********************************************************************
2026-05-03 14:56:18,706 p=100013 u=ansible n=ansible | changed: [worker-01]
2026-05-03 14:56:18,715 p=100013 u=ansible n=ansible | changed: [worker-02]
2026-05-03 14:56:18,738 p=100013 u=ansible n=ansible | TASK [worker : Check if node is already part of a cluster] ****************************************************************
2026-05-03 14:56:19,325 p=100013 u=ansible n=ansible | ok: [worker-01]
2026-05-03 14:56:19,346 p=100013 u=ansible n=ansible | ok: [worker-02]
2026-05-03 14:56:19,374 p=100013 u=ansible n=ansible | TASK [worker : Read join command from controller] *************************************************************************
2026-05-03 14:56:20,240 p=100013 u=ansible n=ansible | ok: [worker-01 -> localhost]
2026-05-03 14:56:20,257 p=100013 u=ansible n=ansible | ok: [worker-02 -> localhost]
2026-05-03 14:56:20,274 p=100013 u=ansible n=ansible | TASK [worker : Join the Kubernetes cluster] *******************************************************************************
2026-05-03 14:56:23,413 p=100013 u=ansible n=ansible | changed: [worker-02]
2026-05-03 14:56:25,180 p=100013 u=ansible n=ansible | changed: [worker-01]
2026-05-03 14:56:25,199 p=100013 u=ansible n=ansible | TASK [worker : Print join result] *****************************************************************************************
2026-05-03 14:56:25,272 p=100013 u=ansible n=ansible | ok: [worker-01] => 
  join_result.stdout_lines:
  - '[preflight] Running pre-flight checks'
  - '[preflight] Reading configuration from the cluster...'
  - '[preflight] FYI: You can look at this config file with ''kubectl -n kube-system get cm kubeadm-config -o yaml'''
  - '[kubelet-start] Writing kubelet configuration to file "/var/lib/kubelet/config.yaml"'
  - '[kubelet-start] Writing kubelet environment file with flags to file "/var/lib/kubelet/kubeadm-flags.env"'
  - '[kubelet-start] Starting the kubelet'
  - '[kubelet-start] Waiting for the kubelet to perform the TLS Bootstrap...'
  - ''
  - 'This node has joined the cluster:'
  - '* Certificate signing request was sent to apiserver and a response was received.'
  - '* The Kubelet was informed of the new secure connection details.'
  - ''
  - Run 'kubectl get nodes' on the control-plane to see this node join the cluster.
2026-05-03 14:56:25,286 p=100013 u=ansible n=ansible | ok: [worker-02] => 
  join_result.stdout_lines:
  - '[preflight] Running pre-flight checks'
  - '[preflight] Reading configuration from the cluster...'
  - '[preflight] FYI: You can look at this config file with ''kubectl -n kube-system get cm kubeadm-config -o yaml'''
  - '[kubelet-start] Writing kubelet configuration to file "/var/lib/kubelet/config.yaml"'
  - '[kubelet-start] Writing kubelet environment file with flags to file "/var/lib/kubelet/kubeadm-flags.env"'
  - '[kubelet-start] Starting the kubelet'
  - '[kubelet-start] Waiting for the kubelet to perform the TLS Bootstrap...'
  - ''
  - 'This node has joined the cluster:'
  - '* Certificate signing request was sent to apiserver and a response was received.'
  - '* The Kubelet was informed of the new secure connection details.'
  - ''
  - Run 'kubectl get nodes' on the control-plane to see this node join the cluster.
2026-05-03 14:56:25,307 p=100013 u=ansible n=ansible | TASK [worker : Ensure kubelet is running on worker] ***********************************************************************
2026-05-03 14:56:26,367 p=100013 u=ansible n=ansible | ok: [worker-01]
2026-05-03 14:56:26,415 p=100013 u=ansible n=ansible | ok: [worker-02]
2026-05-03 14:56:26,585 p=100013 u=ansible n=ansible | PLAY [Install ArgoCD on control plane] ************************************************************************************
2026-05-03 14:56:26,615 p=100013 u=ansible n=ansible | TASK [Gathering Facts] ****************************************************************************************************
2026-05-03 14:56:28,760 p=100013 u=ansible n=ansible | ok: [Master]
2026-05-03 14:56:28,824 p=100013 u=ansible n=ansible | TASK [argocd : Create argocd namespace] ***********************************************************************************
2026-05-03 14:56:29,701 p=100013 u=ansible n=ansible | changed: [Master]
2026-05-03 14:56:29,727 p=100013 u=ansible n=ansible | TASK [argocd : Download ArgoCD install manifest] **************************************************************************
2026-05-03 14:56:33,176 p=100013 u=ansible n=ansible | ok: [Master]
2026-05-03 14:56:33,197 p=100013 u=ansible n=ansible | TASK [argocd : Apply ArgoCD manifest] *************************************************************************************
2026-05-03 14:56:39,097 p=100013 u=ansible n=ansible | changed: [Master]
2026-05-03 14:56:39,127 p=100013 u=ansible n=ansible | TASK [argocd : Wait for ArgoCD server to be ready] ************************************************************************
2026-05-03 14:56:48,251 p=100013 u=ansible n=ansible | changed: [Master]
2026-05-03 14:56:48,277 p=100013 u=ansible n=ansible | TASK [argocd : Check current argocd-server service type] ******************************************************************
2026-05-03 14:56:49,058 p=100013 u=ansible n=ansible | ok: [Master]
2026-05-03 14:56:49,081 p=100013 u=ansible n=ansible | TASK [argocd : Patch argocd-server to NodePort] ***************************************************************************
2026-05-03 14:56:50,081 p=100013 u=ansible n=ansible | changed: [Master]
2026-05-03 14:56:50,103 p=100013 u=ansible n=ansible | TASK [argocd : Open ArgoCD HTTP NodePort in firewalld] ********************************************************************
2026-05-03 14:56:51,769 p=100013 u=ansible n=ansible | ok: [Master]
2026-05-03 14:56:51,790 p=100013 u=ansible n=ansible | TASK [argocd : Open ArgoCD HTTPS NodePort in firewalld] *******************************************************************
2026-05-03 14:56:52,848 p=100013 u=ansible n=ansible | ok: [Master]
2026-05-03 14:56:52,874 p=100013 u=ansible n=ansible | TASK [argocd : Wait for admin secret to be created] ***********************************************************************
2026-05-03 14:56:53,654 p=100013 u=ansible n=ansible | changed: [Master]
2026-05-03 14:56:53,674 p=100013 u=ansible n=ansible | TASK [argocd : Get ArgoCD initial admin password] *************************************************************************
2026-05-03 14:56:54,459 p=100013 u=ansible n=ansible | changed: [Master]
2026-05-03 14:56:54,515 p=100013 u=ansible n=ansible | TASK [argocd : Decode ArgoCD password] ************************************************************************************
2026-05-03 14:56:54,593 p=100013 u=ansible n=ansible | ok: [Master]
2026-05-03 14:56:54,617 p=100013 u=ansible n=ansible | TASK [argocd : Download ArgoCD CLI] ***************************************************************************************
2026-05-03 14:56:56,359 p=100013 u=ansible n=ansible | ok: [Master]
2026-05-03 14:56:56,381 p=100013 u=ansible n=ansible | TASK [argocd : Display ArgoCD access information] *************************************************************************
2026-05-03 14:56:56,428 p=100013 u=ansible n=ansible | ok: [Master] => 
  msg:
  - =============================================
  - ✅ ArgoCD installed successfully!
  - =============================================
  - "\U0001F310 URL      : https://192.168.1.89:30443"
  - "\U0001F464 Username : admin"
  - "\U0001F511 Password : Zho-DJuJQxpdvxhC"
  - =============================================
  - "\U0001F4A1 CLI Login:"
  - '   argocd login 192.168.1.89:30443 --username admin --password ''Zho-DJuJQxpdvxhC'' --insecure'
  - =============================================
2026-05-03 14:56:56,604 p=100013 u=ansible n=ansible | PLAY [Verify cluster is healthy] ******************************************************************************************
2026-05-03 14:56:56,654 p=100013 u=ansible n=ansible | TASK [Wait for all nodes to be Ready] *************************************************************************************
2026-05-03 14:56:57,706 p=100013 u=ansible n=ansible | changed: [Master]
2026-05-03 14:56:57,727 p=100013 u=ansible n=ansible | TASK [Get node status] ****************************************************************************************************
2026-05-03 14:56:58,482 p=100013 u=ansible n=ansible | changed: [Master]
2026-05-03 14:56:58,507 p=100013 u=ansible n=ansible | TASK [Display nodes] ******************************************************************************************************
2026-05-03 14:56:58,555 p=100013 u=ansible n=ansible | ok: [Master] => 
  nodes_output.stdout_lines:
  - NAME        STATUS   ROLES           AGE   VERSION    INTERNAL-IP    EXTERNAL-IP   OS-IMAGE                      KERNEL-VERSION                 CONTAINER-RUNTIME
  - master      Ready    control-plane   93s   v1.29.15   192.168.1.89   <none>        Rocky Linux 9.7 (Blue Onyx)   5.14.0-611.47.1.el9_7.x86_64   containerd://2.2.2
  - worker-01   Ready    <none>          35s   v1.29.15   192.168.1.90   <none>        Rocky Linux 9.7 (Blue Onyx)   5.14.0-611.47.1.el9_7.x86_64   containerd://2.2.2
  - worker-02   Ready    <none>          36s   v1.29.15   192.168.1.2    <none>        Rocky Linux 9.7 (Blue Onyx)   5.14.0-611.5.1.el9_7.x86_64    containerd://2.2.3
2026-05-03 14:56:58,577 p=100013 u=ansible n=ansible | TASK [Get all pods] *******************************************************************************************************
2026-05-03 14:56:59,390 p=100013 u=ansible n=ansible | changed: [Master]
2026-05-03 14:56:59,412 p=100013 u=ansible n=ansible | TASK [Display pods] *******************************************************************************************************
2026-05-03 14:56:59,458 p=100013 u=ansible n=ansible | ok: [Master] => 
  pods_output.stdout_lines:
  - NAMESPACE     NAME                                                READY   STATUS            RESTARTS   AGE   IP               NODE        NOMINATED NODE   READINESS GATES
  - argocd        argocd-application-controller-0                     1/1     Running           0          21s   192.168.171.4    worker-01   <none>           <none>
  - argocd        argocd-applicationset-controller-8478f5d679-p9cdg   1/1     Running           0          21s   192.168.171.1    worker-01   <none>           <none>
  - argocd        argocd-dex-server-7d5b457877-z47hb                  0/1     PodInitializing   0          21s   192.168.37.195   worker-02   <none>           <none>
  - argocd        argocd-notifications-controller-5dfb54dc99-rxhmf    1/1     Running           0          21s   192.168.37.193   worker-02   <none>           <none>
  - argocd        argocd-redis-76748db5f4-d48bw                       1/1     Running           0          21s   192.168.171.2    worker-01   <none>           <none>
  - argocd        argocd-repo-server-65bbbc45d9-hmfbv                 1/1     Running           0          21s   192.168.171.3    worker-01   <none>           <none>
  - argocd        argocd-server-8699f8544f-4hhz7                      1/1     Running           0          21s   192.168.37.194   worker-02   <none>           <none>
  - kube-system   calico-kube-controllers-5fc7d6cf67-9rq2m            1/1     Running           0          74s   192.168.219.65   master      <none>           <none>
  - kube-system   calico-node-dxmz4                                   1/1     Running           0          37s   192.168.1.2      worker-02   <none>           <none>
  - kube-system   calico-node-q4lkc                                   1/1     Running           0          36s   192.168.1.90     worker-01   <none>           <none>
  - kube-system   calico-node-wg6bs                                   1/1     Running           0          74s   192.168.1.89     master      <none>           <none>
  - kube-system   coredns-76f75df574-bkz2c                            1/1     Running           0          74s   192.168.219.67   master      <none>           <none>
  - kube-system   coredns-76f75df574-tfxxx                            1/1     Running           0          74s   192.168.219.66   master      <none>           <none>
  - kube-system   etcd-master                                         1/1     Running           4          88s   192.168.1.89     master      <none>           <none>
  - kube-system   kube-apiserver-master                               1/1     Running           4          88s   192.168.1.89     master      <none>           <none>
  - kube-system   kube-controller-manager-master                      1/1     Running           6          91s   192.168.1.89     master      <none>           <none>
  - kube-system   kube-proxy-7ndm5                                    1/1     Running           0          74s   192.168.1.89     master      <none>           <none>
  - kube-system   kube-proxy-fqbpw                                    1/1     Running           0          36s   192.168.1.90     worker-01   <none>           <none>
  - kube-system   kube-proxy-m75xj                                    1/1     Running           0          37s   192.168.1.2      worker-02   <none>           <none>
  - kube-system   kube-scheduler-master                               1/1     Running           6          88s   192.168.1.89     master      <none>           <none>
2026-05-03 14:56:59,546 p=100013 u=ansible n=ansible | PLAY RECAP ****************************************************************************************************************
2026-05-03 14:56:59,546 p=100013 u=ansible n=ansible | Master                     : ok=76   changed=30   unreachable=0    failed=0    skipped=6    rescued=0    ignored=1   
2026-05-03 14:56:59,547 p=100013 u=ansible n=ansible | worker-01                  : ok=45   changed=14   unreachable=0    failed=0    skipped=5    rescued=0    ignored=0   
2026-05-03 14:56:59,547 p=100013 u=ansible n=ansible | worker-02                  : ok=45   changed=14   unreachable=0    failed=0    skipped=5    rescued=0    ignored=0   
2026-05-04 13:20:49,123 p=7124 u=ansible n=ansible | PLAY [Reset Kubernetes cluster on all nodes] *********************************************************
2026-05-04 13:20:49,242 p=7124 u=ansible n=ansible | TASK [Run kubeadm reset] *****************************************************************************
2026-05-04 13:21:22,339 p=7124 u=ansible n=ansible | changed: [worker-02]
2026-05-04 13:21:31,383 p=7124 u=ansible n=ansible | changed: [Master]
2026-05-04 13:21:43,198 p=7124 u=ansible n=ansible | changed: [worker-01]
2026-05-04 13:21:43,229 p=7124 u=ansible n=ansible | TASK [Unmount kubelet volumes] ***********************************************************************
2026-05-04 13:21:43,832 p=7124 u=ansible n=ansible | changed: [Master]
2026-05-04 13:21:43,853 p=7124 u=ansible n=ansible | changed: [worker-02]
2026-05-04 13:21:43,867 p=7124 u=ansible n=ansible | changed: [worker-01]
2026-05-04 13:21:43,877 p=7124 u=ansible n=ansible | TASK [Remove Kubernetes data directories] ************************************************************
2026-05-04 13:21:44,792 p=7124 u=ansible n=ansible | changed: [Master] => (item=/etc/kubernetes)
2026-05-04 13:21:44,854 p=7124 u=ansible n=ansible | changed: [worker-01] => (item=/etc/kubernetes)
2026-05-04 13:21:44,876 p=7124 u=ansible n=ansible | changed: [worker-02] => (item=/etc/kubernetes)
2026-05-04 13:21:45,386 p=7124 u=ansible n=ansible | changed: [Master] => (item=/var/lib/etcd)
2026-05-04 13:21:45,441 p=7124 u=ansible n=ansible | ok: [worker-02] => (item=/var/lib/etcd)
2026-05-04 13:21:45,443 p=7124 u=ansible n=ansible | ok: [worker-01] => (item=/var/lib/etcd)
2026-05-04 13:21:45,948 p=7124 u=ansible n=ansible | changed: [Master] => (item=/var/lib/kubelet)
2026-05-04 13:21:46,032 p=7124 u=ansible n=ansible | changed: [worker-02] => (item=/var/lib/kubelet)
2026-05-04 13:21:46,041 p=7124 u=ansible n=ansible | changed: [worker-01] => (item=/var/lib/kubelet)
2026-05-04 13:21:46,544 p=7124 u=ansible n=ansible | changed: [Master] => (item=/etc/cni/net.d)
2026-05-04 13:21:46,625 p=7124 u=ansible n=ansible | changed: [worker-02] => (item=/etc/cni/net.d)
2026-05-04 13:21:46,657 p=7124 u=ansible n=ansible | changed: [worker-01] => (item=/etc/cni/net.d)
2026-05-04 13:21:47,121 p=7124 u=ansible n=ansible | changed: [Master] => (item=/var/lib/cni)
2026-05-04 13:21:47,209 p=7124 u=ansible n=ansible | changed: [worker-02] => (item=/var/lib/cni)
2026-05-04 13:21:47,272 p=7124 u=ansible n=ansible | changed: [worker-01] => (item=/var/lib/cni)
2026-05-04 13:21:47,283 p=7124 u=ansible n=ansible | TASK [Remove .kube directories] **********************************************************************
2026-05-04 13:21:47,924 p=7124 u=ansible n=ansible | changed: [Master] => (item=/root/.kube)
2026-05-04 13:21:47,949 p=7124 u=ansible n=ansible | ok: [worker-01] => (item=/root/.kube)
2026-05-04 13:21:47,953 p=7124 u=ansible n=ansible | ok: [worker-02] => (item=/root/.kube)
2026-05-04 13:21:48,509 p=7124 u=ansible n=ansible | changed: [Master] => (item=/home/ansible/.kube)
2026-05-04 13:21:48,542 p=7124 u=ansible n=ansible | ok: [worker-02] => (item=/home/ansible/.kube)
2026-05-04 13:21:48,552 p=7124 u=ansible n=ansible | ok: [worker-01] => (item=/home/ansible/.kube)
2026-05-04 13:21:48,564 p=7124 u=ansible n=ansible | TASK [Flush iptables rules] **************************************************************************
2026-05-04 13:21:49,209 p=7124 u=ansible n=ansible | changed: [Master]
2026-05-04 13:21:49,210 p=7124 u=ansible n=ansible | changed: [worker-02]
2026-05-04 13:21:50,080 p=7124 u=ansible n=ansible | changed: [worker-01]
2026-05-04 13:21:50,096 p=7124 u=ansible n=ansible | TASK [Remove join command file] **********************************************************************
2026-05-04 13:21:50,660 p=7124 u=ansible n=ansible | changed: [Master -> localhost]
2026-05-04 13:21:50,669 p=7124 u=ansible n=ansible | TASK [Restart containerd] ****************************************************************************
2026-05-04 13:21:52,964 p=7124 u=ansible n=ansible | changed: [worker-02]
2026-05-04 13:21:53,434 p=7124 u=ansible n=ansible | changed: [Master]
2026-05-04 13:21:58,159 p=7124 u=ansible n=ansible | changed: [worker-01]
2026-05-04 13:21:58,183 p=7124 u=ansible n=ansible | TASK [Reset complete] ********************************************************************************
2026-05-04 13:21:58,232 p=7124 u=ansible n=ansible | ok: [Master] => 
  msg: ✅ Cluster reset complete on Master
2026-05-04 13:21:58,236 p=7124 u=ansible n=ansible | ok: [worker-01] => 
  msg: ✅ Cluster reset complete on worker-01
2026-05-04 13:21:58,262 p=7124 u=ansible n=ansible | ok: [worker-02] => 
  msg: ✅ Cluster reset complete on worker-02
2026-05-04 13:21:58,351 p=7124 u=ansible n=ansible | PLAY RECAP *******************************************************************************************
2026-05-04 13:21:58,352 p=7124 u=ansible n=ansible | Master                     : ok=8    changed=7    unreachable=0    failed=0    skipped=0    rescued=0    ignored=0   
2026-05-04 13:21:58,353 p=7124 u=ansible n=ansible | worker-01                  : ok=7    changed=5    unreachable=0    failed=0    skipped=0    rescued=0    ignored=0   
2026-05-04 13:21:58,353 p=7124 u=ansible n=ansible | worker-02                  : ok=7    changed=5    unreachable=0    failed=0    skipped=0    rescued=0    ignored=0   
2026-05-04 13:22:16,379 p=8062 u=ansible n=ansible | PLAY [Configure all cluster nodes] *******************************************************************
2026-05-04 13:22:16,427 p=8062 u=ansible n=ansible | TASK [Gathering Facts] *******************************************************************************
2026-05-04 13:22:19,326 p=8062 u=ansible n=ansible | ok: [worker-02]
2026-05-04 13:22:19,974 p=8062 u=ansible n=ansible | ok: [Master]
2026-05-04 13:22:21,622 p=8062 u=ansible n=ansible | ok: [worker-01]
2026-05-04 13:22:21,733 p=8062 u=ansible n=ansible | TASK [common : Check if K3s server is installed] *****************************************************
2026-05-04 13:22:22,733 p=8062 u=ansible n=ansible | ok: [worker-02]
2026-05-04 13:22:22,746 p=8062 u=ansible n=ansible | ok: [worker-01]
2026-05-04 13:22:22,762 p=8062 u=ansible n=ansible | ok: [Master]
2026-05-04 13:22:22,782 p=8062 u=ansible n=ansible | TASK [common : Uninstall K3s server] *****************************************************************
2026-05-04 13:22:22,821 p=8062 u=ansible n=ansible | skipping: [Master]
2026-05-04 13:22:22,871 p=8062 u=ansible n=ansible | skipping: [worker-01]
2026-05-04 13:22:22,877 p=8062 u=ansible n=ansible | skipping: [worker-02]
2026-05-04 13:22:22,898 p=8062 u=ansible n=ansible | TASK [common : Check if K3s agent is installed] ******************************************************
2026-05-04 13:22:23,513 p=8062 u=ansible n=ansible | ok: [Master]
2026-05-04 13:22:23,539 p=8062 u=ansible n=ansible | ok: [worker-01]
2026-05-04 13:22:23,556 p=8062 u=ansible n=ansible | ok: [worker-02]
2026-05-04 13:22:23,577 p=8062 u=ansible n=ansible | TASK [common : Uninstall K3s agent] ******************************************************************
2026-05-04 13:22:23,646 p=8062 u=ansible n=ansible | skipping: [Master]
2026-05-04 13:22:23,647 p=8062 u=ansible n=ansible | skipping: [worker-01]
2026-05-04 13:22:23,664 p=8062 u=ansible n=ansible | skipping: [worker-02]
2026-05-04 13:22:23,684 p=8062 u=ansible n=ansible | TASK [common : Verify critical ports are free after K3s removal] *************************************
2026-05-04 13:22:24,739 p=8062 u=ansible n=ansible | changed: [worker-01]
2026-05-04 13:22:24,768 p=8062 u=ansible n=ansible | changed: [worker-02]
2026-05-04 13:22:24,774 p=8062 u=ansible n=ansible | changed: [Master]
2026-05-04 13:22:24,815 p=8062 u=ansible n=ansible | TASK [common : Fail if ports are still in use] *******************************************************
2026-05-04 13:22:24,879 p=8062 u=ansible n=ansible | skipping: [Master]
2026-05-04 13:22:24,883 p=8062 u=ansible n=ansible | skipping: [worker-01]
2026-05-04 13:22:24,900 p=8062 u=ansible n=ansible | skipping: [worker-02]
2026-05-04 13:22:24,918 p=8062 u=ansible n=ansible | TASK [common : Disable swap immediately] *************************************************************
2026-05-04 13:22:25,635 p=8062 u=ansible n=ansible | changed: [worker-02]
2026-05-04 13:22:25,914 p=8062 u=ansible n=ansible | changed: [Master]
2026-05-04 13:22:34,294 p=8062 u=ansible n=ansible | changed: [worker-01]
2026-05-04 13:22:34,312 p=8062 u=ansible n=ansible | TASK [common : Remove swap from /etc/fstab permanently] **********************************************
2026-05-04 13:22:35,246 p=8062 u=ansible n=ansible | ok: [Master]
2026-05-04 13:22:35,327 p=8062 u=ansible n=ansible | ok: [worker-02]
2026-05-04 13:22:35,346 p=8062 u=ansible n=ansible | ok: [worker-01]
2026-05-04 13:22:35,363 p=8062 u=ansible n=ansible | TASK [common : Set hostname] *************************************************************************
2026-05-04 13:22:37,254 p=8062 u=ansible n=ansible | ok: [Master]
2026-05-04 13:22:37,310 p=8062 u=ansible n=ansible | ok: [worker-02]
2026-05-04 13:22:37,372 p=8062 u=ansible n=ansible | ok: [worker-01]
2026-05-04 13:22:37,390 p=8062 u=ansible n=ansible | TASK [common : Update /etc/hosts dynamically from inventory] *****************************************
2026-05-04 13:22:38,332 p=8062 u=ansible n=ansible | changed: [Master]
2026-05-04 13:22:38,385 p=8062 u=ansible n=ansible | changed: [worker-02]
2026-05-04 13:22:38,476 p=8062 u=ansible n=ansible | changed: [worker-01]
2026-05-04 13:22:38,493 p=8062 u=ansible n=ansible | TASK [common : Set SELinux to permissive mode (runtime)] *********************************************
2026-05-04 13:22:39,159 p=8062 u=ansible n=ansible | changed: [worker-01]
2026-05-04 13:22:39,162 p=8062 u=ansible n=ansible | changed: [Master]
2026-05-04 13:22:39,180 p=8062 u=ansible n=ansible | changed: [worker-02]
2026-05-04 13:22:39,200 p=8062 u=ansible n=ansible | TASK [common : Set SELinux to permissive mode (permanent)] *******************************************
2026-05-04 13:22:39,829 p=8062 u=ansible n=ansible | ok: [worker-01]
2026-05-04 13:22:39,856 p=8062 u=ansible n=ansible | ok: [worker-02]
2026-05-04 13:22:39,896 p=8062 u=ansible n=ansible | ok: [Master]
2026-05-04 13:22:39,915 p=8062 u=ansible n=ansible | TASK [common : Ensure firewalld is started and enabled] **********************************************
2026-05-04 13:22:41,592 p=8062 u=ansible n=ansible | ok: [Master]
2026-05-04 13:22:41,681 p=8062 u=ansible n=ansible | ok: [worker-01]
2026-05-04 13:22:41,710 p=8062 u=ansible n=ansible | ok: [worker-02]
2026-05-04 13:22:41,727 p=8062 u=ansible n=ansible | TASK [common : Open required ports on control plane] *************************************************
2026-05-04 13:22:41,800 p=8062 u=ansible n=ansible | skipping: [worker-01] => (item=6443/tcp) 
2026-05-04 13:22:41,806 p=8062 u=ansible n=ansible | skipping: [worker-01] => (item=2379/tcp) 
2026-05-04 13:22:41,815 p=8062 u=ansible n=ansible | skipping: [worker-01] => (item=2380/tcp) 
2026-05-04 13:22:41,824 p=8062 u=ansible n=ansible | skipping: [worker-01] => (item=10250/tcp) 
2026-05-04 13:22:41,836 p=8062 u=ansible n=ansible | skipping: [worker-02] => (item=6443/tcp) 
2026-05-04 13:22:41,841 p=8062 u=ansible n=ansible | skipping: [worker-01] => (item=10257/tcp) 
2026-05-04 13:22:41,848 p=8062 u=ansible n=ansible | skipping: [worker-02] => (item=2379/tcp) 
2026-05-04 13:22:41,853 p=8062 u=ansible n=ansible | skipping: [worker-01] => (item=10259/tcp) 
2026-05-04 13:22:41,865 p=8062 u=ansible n=ansible | skipping: [worker-02] => (item=2380/tcp) 
2026-05-04 13:22:41,871 p=8062 u=ansible n=ansible | skipping: [worker-01] => (item=179/tcp) 
2026-05-04 13:22:41,873 p=8062 u=ansible n=ansible | skipping: [worker-02] => (item=10250/tcp) 
2026-05-04 13:22:41,874 p=8062 u=ansible n=ansible | skipping: [worker-01] => (item=4789/udp) 
2026-05-04 13:22:41,876 p=8062 u=ansible n=ansible | skipping: [worker-02] => (item=10257/tcp) 
2026-05-04 13:22:41,879 p=8062 u=ansible n=ansible | skipping: [worker-02] => (item=10259/tcp) 
2026-05-04 13:22:41,882 p=8062 u=ansible n=ansible | skipping: [worker-01]
2026-05-04 13:22:41,883 p=8062 u=ansible n=ansible | skipping: [worker-02] => (item=179/tcp) 
2026-05-04 13:22:41,884 p=8062 u=ansible n=ansible | skipping: [worker-02] => (item=4789/udp) 
2026-05-04 13:22:41,887 p=8062 u=ansible n=ansible | skipping: [worker-02]
2026-05-04 13:22:43,233 p=8062 u=ansible n=ansible | ok: [Master] => (item=6443/tcp)
2026-05-04 13:22:44,193 p=8062 u=ansible n=ansible | ok: [Master] => (item=2379/tcp)
2026-05-04 13:22:45,168 p=8062 u=ansible n=ansible | ok: [Master] => (item=2380/tcp)
2026-05-04 13:22:46,120 p=8062 u=ansible n=ansible | ok: [Master] => (item=10250/tcp)
2026-05-04 13:22:47,115 p=8062 u=ansible n=ansible | ok: [Master] => (item=10257/tcp)
2026-05-04 13:22:48,097 p=8062 u=ansible n=ansible | ok: [Master] => (item=10259/tcp)
2026-05-04 13:22:49,156 p=8062 u=ansible n=ansible | ok: [Master] => (item=179/tcp)
2026-05-04 13:22:50,208 p=8062 u=ansible n=ansible | ok: [Master] => (item=4789/udp)
2026-05-04 13:22:50,229 p=8062 u=ansible n=ansible | TASK [common : Open required ports on worker nodes] **************************************************
2026-05-04 13:22:50,282 p=8062 u=ansible n=ansible | skipping: [Master] => (item=10250/tcp) 
2026-05-04 13:22:50,284 p=8062 u=ansible n=ansible | skipping: [Master] => (item=179/tcp) 
2026-05-04 13:22:50,287 p=8062 u=ansible n=ansible | skipping: [Master] => (item=4789/udp) 
2026-05-04 13:22:50,312 p=8062 u=ansible n=ansible | skipping: [Master]
2026-05-04 13:22:51,317 p=8062 u=ansible n=ansible | ok: [worker-02] => (item=10250/tcp)
2026-05-04 13:22:52,028 p=8062 u=ansible n=ansible | ok: [worker-01] => (item=10250/tcp)
2026-05-04 13:22:52,268 p=8062 u=ansible n=ansible | ok: [worker-02] => (item=179/tcp)
2026-05-04 13:22:53,009 p=8062 u=ansible n=ansible | ok: [worker-01] => (item=179/tcp)
2026-05-04 13:22:53,296 p=8062 u=ansible n=ansible | ok: [worker-02] => (item=4789/udp)
2026-05-04 13:22:54,019 p=8062 u=ansible n=ansible | ok: [worker-01] => (item=4789/udp)
2026-05-04 13:22:54,039 p=8062 u=ansible n=ansible | TASK [common : Open NodePort range on workers] *******************************************************
2026-05-04 13:22:54,109 p=8062 u=ansible n=ansible | skipping: [Master]
2026-05-04 13:22:55,342 p=8062 u=ansible n=ansible | changed: [worker-02]
2026-05-04 13:22:55,723 p=8062 u=ansible n=ansible | changed: [worker-01]
2026-05-04 13:22:55,741 p=8062 u=ansible n=ansible | TASK [common : Allow Kubernetes Service CIDR traffic] ************************************************
2026-05-04 13:22:56,722 p=8062 u=ansible n=ansible | ok: [Master]
2026-05-04 13:22:56,778 p=8062 u=ansible n=ansible | ok: [worker-01]
2026-05-04 13:22:56,819 p=8062 u=ansible n=ansible | ok: [worker-02]
2026-05-04 13:22:56,838 p=8062 u=ansible n=ansible | TASK [common : Allow Kubernetes Pod CIDR destination traffic] ****************************************
2026-05-04 13:22:57,829 p=8062 u=ansible n=ansible | ok: [Master]
2026-05-04 13:22:57,854 p=8062 u=ansible n=ansible | ok: [worker-01]
2026-05-04 13:22:57,959 p=8062 u=ansible n=ansible | ok: [worker-02]
2026-05-04 13:22:57,980 p=8062 u=ansible n=ansible | TASK [common : Allow Kubernetes Pod CIDR source traffic] *********************************************
2026-05-04 13:22:59,009 p=8062 u=ansible n=ansible | ok: [Master]
2026-05-04 13:22:59,011 p=8062 u=ansible n=ansible | ok: [worker-01]
2026-05-04 13:22:59,065 p=8062 u=ansible n=ansible | ok: [worker-02]
2026-05-04 13:22:59,086 p=8062 u=ansible n=ansible | TASK [common : Add Calico tunnel interface to trusted zone] ******************************************
2026-05-04 13:23:00,152 p=8062 u=ansible n=ansible | ok: [worker-02]
2026-05-04 13:23:00,167 p=8062 u=ansible n=ansible | ok: [worker-01]
2026-05-04 13:23:00,215 p=8062 u=ansible n=ansible | ok: [Master]
2026-05-04 13:23:00,236 p=8062 u=ansible n=ansible | TASK [common : Add kube-ipvs0 interface to trusted zone] *********************************************
2026-05-04 13:23:01,237 p=8062 u=ansible n=ansible | ok: [Master]
2026-05-04 13:23:01,248 p=8062 u=ansible n=ansible | ok: [worker-01]
2026-05-04 13:23:01,276 p=8062 u=ansible n=ansible | ok: [worker-02]
2026-05-04 13:23:01,296 p=8062 u=ansible n=ansible | TASK [common : Enable masquerade] ********************************************************************
2026-05-04 13:23:02,311 p=8062 u=ansible n=ansible | ok: [worker-01]
2026-05-04 13:23:02,386 p=8062 u=ansible n=ansible | ok: [worker-02]
2026-05-04 13:23:02,445 p=8062 u=ansible n=ansible | ok: [Master]
2026-05-04 13:23:02,464 p=8062 u=ansible n=ansible | TASK [common : Reload firewalld to apply all rules] **************************************************
2026-05-04 13:23:04,247 p=8062 u=ansible n=ansible | changed: [worker-02]
2026-05-04 13:23:04,347 p=8062 u=ansible n=ansible | changed: [Master]
2026-05-04 13:23:04,915 p=8062 u=ansible n=ansible | changed: [worker-01]
2026-05-04 13:23:04,965 p=8062 u=ansible n=ansible | TASK [common : Create kernel modules config for Kubernetes] ******************************************
2026-05-04 13:23:06,683 p=8062 u=ansible n=ansible | ok: [Master]
2026-05-04 13:23:06,866 p=8062 u=ansible n=ansible | ok: [worker-01]
2026-05-04 13:23:06,872 p=8062 u=ansible n=ansible | ok: [worker-02]
2026-05-04 13:23:06,891 p=8062 u=ansible n=ansible | TASK [common : Load overlay module] ******************************************************************
2026-05-04 13:23:07,808 p=8062 u=ansible n=ansible | ok: [Master]
2026-05-04 13:23:07,859 p=8062 u=ansible n=ansible | ok: [worker-02]
2026-05-04 13:23:07,861 p=8062 u=ansible n=ansible | ok: [worker-01]
2026-05-04 13:23:07,879 p=8062 u=ansible n=ansible | TASK [common : Load br_netfilter module] *************************************************************
2026-05-04 13:23:08,477 p=8062 u=ansible n=ansible | ok: [Master]
2026-05-04 13:23:08,518 p=8062 u=ansible n=ansible | ok: [worker-01]
2026-05-04 13:23:08,582 p=8062 u=ansible n=ansible | ok: [worker-02]
2026-05-04 13:23:08,602 p=8062 u=ansible n=ansible | TASK [common : Set sysctl params for Kubernetes networking] ******************************************
2026-05-04 13:23:09,735 p=8062 u=ansible n=ansible | ok: [Master]
2026-05-04 13:23:10,222 p=8062 u=ansible n=ansible | ok: [worker-02]
2026-05-04 13:23:10,300 p=8062 u=ansible n=ansible | ok: [worker-01]
2026-05-04 13:23:10,316 p=8062 u=ansible n=ansible | TASK [common : Apply sysctl params] ******************************************************************
2026-05-04 13:23:10,986 p=8062 u=ansible n=ansible | changed: [worker-02]
2026-05-04 13:23:11,431 p=8062 u=ansible n=ansible | changed: [Master]
2026-05-04 13:23:12,326 p=8062 u=ansible n=ansible | changed: [worker-01]
2026-05-04 13:23:12,343 p=8062 u=ansible n=ansible | TASK [common : Install required system packages] *****************************************************
2026-05-04 13:23:15,312 p=8062 u=ansible n=ansible | ok: [worker-02]
2026-05-04 13:23:39,439 p=8062 u=ansible n=ansible | ok: [Master]
2026-05-04 13:23:43,381 p=8062 u=ansible n=ansible | ok: [worker-01]
2026-05-04 13:23:43,397 p=8062 u=ansible n=ansible | TASK [common : Add Docker repository (contains containerd)] ******************************************
2026-05-04 13:23:44,013 p=8062 u=ansible n=ansible | ok: [worker-01]
2026-05-04 13:23:44,022 p=8062 u=ansible n=ansible | ok: [Master]
2026-05-04 13:23:44,046 p=8062 u=ansible n=ansible | ok: [worker-02]
2026-05-04 13:23:44,064 p=8062 u=ansible n=ansible | TASK [common : Install containerd] *******************************************************************
2026-05-04 13:23:46,073 p=8062 u=ansible n=ansible | ok: [worker-02]
2026-05-04 13:23:48,912 p=8062 u=ansible n=ansible | ok: [Master]
2026-05-04 13:23:50,749 p=8062 u=ansible n=ansible | ok: [worker-01]
2026-05-04 13:23:50,767 p=8062 u=ansible n=ansible | TASK [common : Create containerd config directory] ***************************************************
2026-05-04 13:23:51,369 p=8062 u=ansible n=ansible | ok: [Master]
2026-05-04 13:23:51,407 p=8062 u=ansible n=ansible | ok: [worker-01]
2026-05-04 13:23:51,473 p=8062 u=ansible n=ansible | ok: [worker-02]
2026-05-04 13:23:51,487 p=8062 u=ansible n=ansible | TASK [common : Remove old containerd config (force fresh)] *******************************************
2026-05-04 13:23:52,086 p=8062 u=ansible n=ansible | changed: [Master]
2026-05-04 13:23:52,128 p=8062 u=ansible n=ansible | changed: [worker-01]
2026-05-04 13:23:52,156 p=8062 u=ansible n=ansible | changed: [worker-02]
2026-05-04 13:23:52,175 p=8062 u=ansible n=ansible | TASK [common : Generate fresh default containerd config] *********************************************
2026-05-04 13:23:52,880 p=8062 u=ansible n=ansible | changed: [Master]
2026-05-04 13:23:52,892 p=8062 u=ansible n=ansible | changed: [worker-01]
2026-05-04 13:23:52,953 p=8062 u=ansible n=ansible | changed: [worker-02]
2026-05-04 13:23:52,971 p=8062 u=ansible n=ansible | TASK [common : Enable SystemdCgroup in containerd config] ********************************************
2026-05-04 13:23:53,560 p=8062 u=ansible n=ansible | changed: [Master]
2026-05-04 13:23:53,613 p=8062 u=ansible n=ansible | changed: [worker-01]
2026-05-04 13:23:53,647 p=8062 u=ansible n=ansible | changed: [worker-02]
2026-05-04 13:23:53,665 p=8062 u=ansible n=ansible | TASK [common : Restart and enable containerd] ********************************************************
2026-05-04 13:23:55,028 p=8062 u=ansible n=ansible | changed: [Master]
2026-05-04 13:23:55,137 p=8062 u=ansible n=ansible | changed: [worker-02]
2026-05-04 13:23:55,138 p=8062 u=ansible n=ansible | changed: [worker-01]
2026-05-04 13:23:55,157 p=8062 u=ansible n=ansible | TASK [common : Verify containerd CRI is working] *****************************************************
2026-05-04 13:23:55,812 p=8062 u=ansible n=ansible | changed: [Master]
2026-05-04 13:23:55,858 p=8062 u=ansible n=ansible | changed: [worker-01]
2026-05-04 13:23:55,933 p=8062 u=ansible n=ansible | changed: [worker-02]
2026-05-04 13:23:55,947 p=8062 u=ansible n=ansible | TASK [common : Print containerd version] *************************************************************
2026-05-04 13:23:56,018 p=8062 u=ansible n=ansible | ok: [Master] => 
  msg: 'containerd is working: [''Version:  0.1.0'', ''RuntimeName:  containerd'', ''RuntimeVersion:  v2.2.2'', ''RuntimeApiVersion:  v1'']'
2026-05-04 13:23:56,022 p=8062 u=ansible n=ansible | ok: [worker-01] => 
  msg: 'containerd is working: [''Version:  0.1.0'', ''RuntimeName:  containerd'', ''RuntimeVersion:  v2.2.2'', ''RuntimeApiVersion:  v1'']'
2026-05-04 13:23:56,047 p=8062 u=ansible n=ansible | ok: [worker-02] => 
  msg: 'containerd is working: [''Version:  0.1.0'', ''RuntimeName:  containerd'', ''RuntimeVersion:  v2.2.3'', ''RuntimeApiVersion:  v1'']'
2026-05-04 13:23:56,065 p=8062 u=ansible n=ansible | TASK [common : Add Kubernetes yum repository] ********************************************************
2026-05-04 13:23:57,213 p=8062 u=ansible n=ansible | ok: [Master]
2026-05-04 13:23:57,759 p=8062 u=ansible n=ansible | ok: [worker-01]
2026-05-04 13:23:57,831 p=8062 u=ansible n=ansible | ok: [worker-02]
2026-05-04 13:23:57,851 p=8062 u=ansible n=ansible | TASK [common : Install kubelet, kubeadm, kubectl] ****************************************************
2026-05-04 13:23:59,893 p=8062 u=ansible n=ansible | ok: [worker-02]
2026-05-04 13:24:02,022 p=8062 u=ansible n=ansible | ok: [worker-01]
2026-05-04 13:24:02,189 p=8062 u=ansible n=ansible | ok: [Master]
2026-05-04 13:24:02,209 p=8062 u=ansible n=ansible | TASK [common : Enable and start kubelet] *************************************************************
2026-05-04 13:24:03,210 p=8062 u=ansible n=ansible | changed: [Master]
2026-05-04 13:24:03,294 p=8062 u=ansible n=ansible | changed: [worker-02]
2026-05-04 13:24:03,316 p=8062 u=ansible n=ansible | changed: [worker-01]
2026-05-04 13:24:03,500 p=8062 u=ansible n=ansible | RUNNING HANDLER [common : Reload firewalld] **********************************************************
2026-05-04 13:24:05,170 p=8062 u=ansible n=ansible | changed: [worker-01]
2026-05-04 13:24:05,249 p=8062 u=ansible n=ansible | changed: [worker-02]
2026-05-04 13:24:05,318 p=8062 u=ansible n=ansible | PLAY [Initialize Kubernetes control plane] ***********************************************************
2026-05-04 13:24:05,347 p=8062 u=ansible n=ansible | TASK [Gathering Facts] *******************************************************************************
2026-05-04 13:24:07,587 p=8062 u=ansible n=ansible | ok: [Master]
2026-05-04 13:24:07,638 p=8062 u=ansible n=ansible | TASK [master : Check if Kubernetes is already initialized] *******************************************
2026-05-04 13:24:08,216 p=8062 u=ansible n=ansible | ok: [Master]
2026-05-04 13:24:08,234 p=8062 u=ansible n=ansible | TASK [master : Initialize Kubernetes control plane with kubeadm] *************************************
2026-05-04 13:24:49,068 p=8062 u=ansible n=ansible | changed: [Master]
2026-05-04 13:24:49,324 p=8062 u=ansible n=ansible | TASK [master : Print kubeadm init output] ************************************************************
2026-05-04 13:24:50,022 p=8062 u=ansible n=ansible | ok: [Master] => 
  kubeadm_init_output.stdout_lines:
  - '[init] Using Kubernetes version: v1.29.15'
  - '[preflight] Running pre-flight checks'
  - '[preflight] Pulling images required for setting up a Kubernetes cluster'
  - '[preflight] This might take a minute or two, depending on the speed of your internet connection'
  - '[preflight] You can also perform this action in beforehand using ''kubeadm config images pull'''
  - '[certs] Using certificateDir folder "/etc/kubernetes/pki"'
  - '[certs] Generating "ca" certificate and key'
  - '[certs] Generating "apiserver" certificate and key'
  - '[certs] apiserver serving cert is signed for DNS names [kubernetes kubernetes.default kubernetes.default.svc kubernetes.default.svc.cluster.local master] and IPs [10.96.0.1 192.168.1.89]'
  - '[certs] Generating "apiserver-kubelet-client" certificate and key'
  - '[certs] Generating "front-proxy-ca" certificate and key'
  - '[certs] Generating "front-proxy-client" certificate and key'
  - '[certs] Generating "etcd/ca" certificate and key'
  - '[certs] Generating "etcd/server" certificate and key'
  - '[certs] etcd/server serving cert is signed for DNS names [localhost master] and IPs [192.168.1.89 127.0.0.1 ::1]'
  - '[certs] Generating "etcd/peer" certificate and key'
  - '[certs] etcd/peer serving cert is signed for DNS names [localhost master] and IPs [192.168.1.89 127.0.0.1 ::1]'
  - '[certs] Generating "etcd/healthcheck-client" certificate and key'
  - '[certs] Generating "apiserver-etcd-client" certificate and key'
  - '[certs] Generating "sa" key and public key'
  - '[kubeconfig] Using kubeconfig folder "/etc/kubernetes"'
  - '[kubeconfig] Writing "admin.conf" kubeconfig file'
  - '[kubeconfig] Writing "super-admin.conf" kubeconfig file'
  - '[kubeconfig] Writing "kubelet.conf" kubeconfig file'
  - '[kubeconfig] Writing "controller-manager.conf" kubeconfig file'
  - '[kubeconfig] Writing "scheduler.conf" kubeconfig file'
  - '[etcd] Creating static Pod manifest for local etcd in "/etc/kubernetes/manifests"'
  - '[control-plane] Using manifest folder "/etc/kubernetes/manifests"'
  - '[control-plane] Creating static Pod manifest for "kube-apiserver"'
  - '[control-plane] Creating static Pod manifest for "kube-controller-manager"'
  - '[control-plane] Creating static Pod manifest for "kube-scheduler"'
  - '[kubelet-start] Writing kubelet environment file with flags to file "/var/lib/kubelet/kubeadm-flags.env"'
  - '[kubelet-start] Writing kubelet configuration to file "/var/lib/kubelet/config.yaml"'
  - '[kubelet-start] Starting the kubelet'
  - '[wait-control-plane] Waiting for the kubelet to boot up the control plane as static Pods from directory "/etc/kubernetes/manifests". This can take up to 4m0s'
  - '[apiclient] All control plane components are healthy after 25.037002 seconds'
  - '[upload-config] Storing the configuration used in ConfigMap "kubeadm-config" in the "kube-system" Namespace'
  - '[kubelet] Creating a ConfigMap "kubelet-config" in namespace kube-system with the configuration for the kubelets in the cluster'
  - '[upload-certs] Skipping phase. Please see --upload-certs'
  - '[mark-control-plane] Marking the node master as control-plane by adding the labels: [node-role.kubernetes.io/control-plane node.kubernetes.io/exclude-from-external-load-balancers]'
  - '[mark-control-plane] Marking the node master as control-plane by adding the taints [node-role.kubernetes.io/control-plane:NoSchedule]'
  - '[bootstrap-token] Using token: huyzvx.3o5rt23jj8qeg4bo'
  - '[bootstrap-token] Configuring bootstrap tokens, cluster-info ConfigMap, RBAC Roles'
  - '[bootstrap-token] Configured RBAC rules to allow Node Bootstrap tokens to get nodes'
  - '[bootstrap-token] Configured RBAC rules to allow Node Bootstrap tokens to post CSRs in order for nodes to get long term certificate credentials'
  - '[bootstrap-token] Configured RBAC rules to allow the csrapprover controller automatically approve CSRs from a Node Bootstrap Token'
  - '[bootstrap-token] Configured RBAC rules to allow certificate rotation for all node client certificates in the cluster'
  - '[bootstrap-token] Creating the "cluster-info" ConfigMap in the "kube-public" namespace'
  - '[kubelet-finalize] Updating "/etc/kubernetes/kubelet.conf" to point to a rotatable kubelet client certificate and key'
  - '[addons] Applied essential addon: CoreDNS'
  - '[addons] Applied essential addon: kube-proxy'
  - ''
  - Your Kubernetes control-plane has initialized successfully!
  - ''
  - 'To start using your cluster, you need to run the following as a regular user:'
  - ''
  - '  mkdir -p $HOME/.kube'
  - '  sudo cp -i /etc/kubernetes/admin.conf $HOME/.kube/config'
  - '  sudo chown $(id -u):$(id -g) $HOME/.kube/config'
  - ''
  - 'Alternatively, if you are the root user, you can run:'
  - ''
  - '  export KUBECONFIG=/etc/kubernetes/admin.conf'
  - ''
  - You should now deploy a pod network to the cluster.
  - 'Run "kubectl apply -f [podnetwork].yaml" with one of the options listed at:'
  - '  https://kubernetes.io/docs/concepts/cluster-administration/addons/'
  - ''
  - You can now join any number of control-plane nodes by copying certificate authorities
  - 'and service account keys on each node and then running the following as root:'
  - ''
  - '  kubeadm join 192.168.1.89:6443 --token huyzvx.3o5rt23jj8qeg4bo \'
  - "\t--discovery-token-ca-cert-hash sha256:e7a12648ba33e294905c21de24f3668b10f44c765a0127deeef5f72b28c98347 \\"
  - "\t--control-plane "
  - ''
  - 'Then you can join any number of worker nodes by running the following on each as root:'
  - ''
  - kubeadm join 192.168.1.89:6443 --token huyzvx.3o5rt23jj8qeg4bo \
  - "\t--discovery-token-ca-cert-hash sha256:e7a12648ba33e294905c21de24f3668b10f44c765a0127deeef5f72b28c98347 "
2026-05-04 13:24:50,043 p=8062 u=ansible n=ansible | TASK [master : Create .kube directory for root] ******************************************************
2026-05-04 13:24:50,672 p=8062 u=ansible n=ansible | changed: [Master]
2026-05-04 13:24:50,689 p=8062 u=ansible n=ansible | TASK [master : Copy admin.conf to root .kube/config] *************************************************
2026-05-04 13:24:51,731 p=8062 u=ansible n=ansible | changed: [Master]
2026-05-04 13:24:51,750 p=8062 u=ansible n=ansible | TASK [master : Create .kube directory for ansible user] **********************************************
2026-05-04 13:24:52,373 p=8062 u=ansible n=ansible | changed: [Master]
2026-05-04 13:24:52,392 p=8062 u=ansible n=ansible | TASK [master : Copy admin.conf to ansible user .kube/config] *****************************************
2026-05-04 13:24:52,991 p=8062 u=ansible n=ansible | changed: [Master]
2026-05-04 13:24:53,010 p=8062 u=ansible n=ansible | TASK [master : Wait for API Server to be ready] ******************************************************
2026-05-04 13:24:53,838 p=8062 u=ansible n=ansible | changed: [Master]
2026-05-04 13:24:53,857 p=8062 u=ansible n=ansible | TASK [master : Check if Calico is already installed] *************************************************
2026-05-04 13:24:54,595 p=8062 u=ansible n=ansible | fatal: [Master]: FAILED! => changed=false 
  cmd:
  - kubectl
  - get
  - daemonset
  - calico-node
  - -n
  - kube-system
  delta: '0:00:00.161524'
  end: '2026-05-04 13:24:54.518193'
  msg: non-zero return code
  rc: 1
  start: '2026-05-04 13:24:54.356669'
  stderr: 'Error from server (NotFound): daemonsets.apps "calico-node" not found'
  stderr_lines: <omitted>
  stdout: ''
  stdout_lines: <omitted>
2026-05-04 13:24:54,596 p=8062 u=ansible n=ansible | ...ignoring
2026-05-04 13:24:54,615 p=8062 u=ansible n=ansible | TASK [master : Download Calico manifest] *************************************************************
2026-05-04 13:24:56,692 p=8062 u=ansible n=ansible | ok: [Master]
2026-05-04 13:24:56,712 p=8062 u=ansible n=ansible | TASK [master : Apply Calico CNI manifest] ************************************************************
2026-05-04 13:24:58,336 p=8062 u=ansible n=ansible | changed: [Master]
2026-05-04 13:24:58,357 p=8062 u=ansible n=ansible | TASK [master : Wait for Calico pods to be running] ***************************************************
2026-05-04 13:25:33,475 p=8062 u=ansible n=ansible | changed: [Master]
2026-05-04 13:25:33,524 p=8062 u=ansible n=ansible | TASK [master : Generate kubeadm join command] ********************************************************
2026-05-04 13:25:34,270 p=8062 u=ansible n=ansible | changed: [Master]
2026-05-04 13:25:34,300 p=8062 u=ansible n=ansible | TASK [master : Save join command to controller] ******************************************************
2026-05-04 13:25:35,524 p=8062 u=ansible n=ansible | changed: [Master -> localhost]
2026-05-04 13:25:35,546 p=8062 u=ansible n=ansible | TASK [master : Install bash-completion] **************************************************************
2026-05-04 13:25:52,593 p=8062 u=ansible n=ansible | ok: [Master]
2026-05-04 13:25:52,613 p=8062 u=ansible n=ansible | TASK [master : Add kubectl bash completion] **********************************************************
2026-05-04 13:25:53,738 p=8062 u=ansible n=ansible | ok: [Master]
2026-05-04 13:25:53,758 p=8062 u=ansible n=ansible | TASK [master : Add kubectl alias k] ******************************************************************
2026-05-04 13:25:54,379 p=8062 u=ansible n=ansible | ok: [Master]
2026-05-04 13:25:54,400 p=8062 u=ansible n=ansible | TASK [master : Add alias completion] *****************************************************************
2026-05-04 13:25:55,014 p=8062 u=ansible n=ansible | ok: [Master]
2026-05-04 13:25:55,035 p=8062 u=ansible n=ansible | TASK [master : Get cluster info] *********************************************************************
2026-05-04 13:25:56,067 p=8062 u=ansible n=ansible | changed: [Master]
2026-05-04 13:25:56,086 p=8062 u=ansible n=ansible | TASK [master : Display cluster info] *****************************************************************
2026-05-04 13:25:56,129 p=8062 u=ansible n=ansible | ok: [Master] => 
  cluster_info.stdout_lines:
  - Kubernetes control plane is running at https://192.168.1.89:6443
  - CoreDNS is running at https://192.168.1.89:6443/api/v1/namespaces/kube-system/services/kube-dns:dns/proxy
  - ''
  - To further debug and diagnose cluster problems, use 'kubectl cluster-info dump'.
2026-05-04 13:25:56,218 p=8062 u=ansible n=ansible | PLAY [Join worker nodes to the cluster] **************************************************************
2026-05-04 13:25:56,236 p=8062 u=ansible n=ansible | TASK [Gathering Facts] *******************************************************************************
2026-05-04 13:25:58,520 p=8062 u=ansible n=ansible | ok: [worker-02]
2026-05-04 13:25:59,075 p=8062 u=ansible n=ansible | ok: [worker-01]
2026-05-04 13:25:59,235 p=8062 u=ansible n=ansible | TASK [worker : Verify containerd is working on worker] ***********************************************
2026-05-04 13:25:59,888 p=8062 u=ansible n=ansible | changed: [worker-01]
2026-05-04 13:25:59,933 p=8062 u=ansible n=ansible | changed: [worker-02]
2026-05-04 13:25:59,951 p=8062 u=ansible n=ansible | TASK [worker : Check if node is already part of a cluster] *******************************************
2026-05-04 13:26:00,558 p=8062 u=ansible n=ansible | ok: [worker-01]
2026-05-04 13:26:00,617 p=8062 u=ansible n=ansible | ok: [worker-02]
2026-05-04 13:26:00,649 p=8062 u=ansible n=ansible | TASK [worker : Read join command from controller] ****************************************************
2026-05-04 13:26:01,527 p=8062 u=ansible n=ansible | ok: [worker-02 -> localhost]
2026-05-04 13:26:01,531 p=8062 u=ansible n=ansible | ok: [worker-01 -> localhost]
2026-05-04 13:26:01,551 p=8062 u=ansible n=ansible | TASK [worker : Join the Kubernetes cluster] **********************************************************
2026-05-04 13:26:05,885 p=8062 u=ansible n=ansible | changed: [worker-02]
2026-05-04 13:26:07,377 p=8062 u=ansible n=ansible | changed: [worker-01]
2026-05-04 13:26:07,398 p=8062 u=ansible n=ansible | TASK [worker : Print join result] ********************************************************************
2026-05-04 13:26:07,550 p=8062 u=ansible n=ansible | ok: [worker-01] => 
  join_result.stdout_lines:
  - '[preflight] Running pre-flight checks'
  - '[preflight] Reading configuration from the cluster...'
  - '[preflight] FYI: You can look at this config file with ''kubectl -n kube-system get cm kubeadm-config -o yaml'''
  - '[kubelet-start] Writing kubelet configuration to file "/var/lib/kubelet/config.yaml"'
  - '[kubelet-start] Writing kubelet environment file with flags to file "/var/lib/kubelet/kubeadm-flags.env"'
  - '[kubelet-start] Starting the kubelet'
  - '[kubelet-start] Waiting for the kubelet to perform the TLS Bootstrap...'
  - ''
  - 'This node has joined the cluster:'
  - '* Certificate signing request was sent to apiserver and a response was received.'
  - '* The Kubelet was informed of the new secure connection details.'
  - ''
  - Run 'kubectl get nodes' on the control-plane to see this node join the cluster.
2026-05-04 13:26:07,553 p=8062 u=ansible n=ansible | ok: [worker-02] => 
  join_result.stdout_lines:
  - '[preflight] Running pre-flight checks'
  - '[preflight] Reading configuration from the cluster...'
  - '[preflight] FYI: You can look at this config file with ''kubectl -n kube-system get cm kubeadm-config -o yaml'''
  - '[kubelet-start] Writing kubelet configuration to file "/var/lib/kubelet/config.yaml"'
  - '[kubelet-start] Writing kubelet environment file with flags to file "/var/lib/kubelet/kubeadm-flags.env"'
  - '[kubelet-start] Starting the kubelet'
  - '[kubelet-start] Waiting for the kubelet to perform the TLS Bootstrap...'
  - ''
  - 'This node has joined the cluster:'
  - '* Certificate signing request was sent to apiserver and a response was received.'
  - '* The Kubelet was informed of the new secure connection details.'
  - ''
  - Run 'kubectl get nodes' on the control-plane to see this node join the cluster.
2026-05-04 13:26:07,572 p=8062 u=ansible n=ansible | TASK [worker : Ensure kubelet is running on worker] **************************************************
2026-05-04 13:26:08,767 p=8062 u=ansible n=ansible | ok: [worker-02]
2026-05-04 13:26:08,769 p=8062 u=ansible n=ansible | ok: [worker-01]
2026-05-04 13:26:08,951 p=8062 u=ansible n=ansible | PLAY [Install ArgoCD on control plane] ***************************************************************
2026-05-04 13:26:08,987 p=8062 u=ansible n=ansible | TASK [Gathering Facts] *******************************************************************************
2026-05-04 13:26:12,037 p=8062 u=ansible n=ansible | ok: [Master]
2026-05-04 13:26:12,106 p=8062 u=ansible n=ansible | TASK [argocd : Create argocd namespace] **************************************************************
2026-05-04 13:26:13,111 p=8062 u=ansible n=ansible | changed: [Master]
2026-05-04 13:26:13,132 p=8062 u=ansible n=ansible | TASK [argocd : Download ArgoCD install manifest] *****************************************************
2026-05-04 13:26:16,205 p=8062 u=ansible n=ansible | ok: [Master]
2026-05-04 13:26:16,229 p=8062 u=ansible n=ansible | TASK [argocd : Apply ArgoCD manifest] ****************************************************************
2026-05-04 13:26:21,669 p=8062 u=ansible n=ansible | changed: [Master]
2026-05-04 13:26:21,695 p=8062 u=ansible n=ansible | TASK [argocd : Wait for ArgoCD server to be ready] ***************************************************
2026-05-04 13:26:35,770 p=8062 u=ansible n=ansible | changed: [Master]
2026-05-04 13:26:35,794 p=8062 u=ansible n=ansible | TASK [argocd : Check current argocd-server service type] *********************************************
2026-05-04 13:26:36,595 p=8062 u=ansible n=ansible | ok: [Master]
2026-05-04 13:26:36,620 p=8062 u=ansible n=ansible | TASK [argocd : Patch argocd-server to NodePort] ******************************************************
2026-05-04 13:26:37,461 p=8062 u=ansible n=ansible | changed: [Master]
2026-05-04 13:26:37,484 p=8062 u=ansible n=ansible | TASK [argocd : Open ArgoCD HTTP NodePort in firewalld] ***********************************************
2026-05-04 13:26:38,694 p=8062 u=ansible n=ansible | ok: [Master]
2026-05-04 13:26:38,719 p=8062 u=ansible n=ansible | TASK [argocd : Open ArgoCD HTTPS NodePort in firewalld] **********************************************
2026-05-04 13:26:39,789 p=8062 u=ansible n=ansible | ok: [Master]
2026-05-04 13:26:39,818 p=8062 u=ansible n=ansible | TASK [argocd : Wait for admin secret to be created] **************************************************
2026-05-04 13:26:40,604 p=8062 u=ansible n=ansible | changed: [Master]
2026-05-04 13:26:40,629 p=8062 u=ansible n=ansible | TASK [argocd : Get ArgoCD initial admin password] ****************************************************
2026-05-04 13:26:41,368 p=8062 u=ansible n=ansible | changed: [Master]
2026-05-04 13:26:41,402 p=8062 u=ansible n=ansible | TASK [argocd : Decode ArgoCD password] ***************************************************************
2026-05-04 13:26:41,478 p=8062 u=ansible n=ansible | ok: [Master]
2026-05-04 13:26:41,501 p=8062 u=ansible n=ansible | TASK [argocd : Download ArgoCD CLI] ******************************************************************
2026-05-04 13:26:44,650 p=8062 u=ansible n=ansible | ok: [Master]
2026-05-04 13:26:44,672 p=8062 u=ansible n=ansible | TASK [argocd : Display ArgoCD access information] ****************************************************
2026-05-04 13:26:44,720 p=8062 u=ansible n=ansible | ok: [Master] => 
  msg:
  - =============================================
  - ✅ ArgoCD installed successfully!
  - =============================================
  - "\U0001F310 URL      : https://192.168.1.89:30443"
  - "\U0001F464 Username : admin"
  - "\U0001F511 Password : lDyqQndwotwXluXG"
  - =============================================
  - "\U0001F4A1 CLI Login:"
  - '   argocd login 192.168.1.89:30443 --username admin --password ''lDyqQndwotwXluXG'' --insecure'
  - =============================================
2026-05-04 13:26:44,825 p=8062 u=ansible n=ansible | PLAY [Verify cluster is healthy] *********************************************************************
2026-05-04 13:26:44,892 p=8062 u=ansible n=ansible | TASK [Wait for all nodes to be Ready] ****************************************************************
2026-05-04 13:26:45,962 p=8062 u=ansible n=ansible | changed: [Master]
2026-05-04 13:26:45,980 p=8062 u=ansible n=ansible | TASK [Get node status] *******************************************************************************
2026-05-04 13:26:46,753 p=8062 u=ansible n=ansible | changed: [Master]
2026-05-04 13:26:46,775 p=8062 u=ansible n=ansible | TASK [Display nodes] *********************************************************************************
2026-05-04 13:26:46,820 p=8062 u=ansible n=ansible | ok: [Master] => 
  nodes_output.stdout_lines:
  - NAME        STATUS   ROLES           AGE    VERSION    INTERNAL-IP    EXTERNAL-IP   OS-IMAGE                      KERNEL-VERSION                 CONTAINER-RUNTIME
  - master      Ready    control-plane   2m3s   v1.29.15   192.168.1.89   <none>        Rocky Linux 9.7 (Blue Onyx)   5.14.0-611.47.1.el9_7.x86_64   containerd://2.2.2
  - worker-01   Ready    <none>          40s    v1.29.15   192.168.1.90   <none>        Rocky Linux 9.7 (Blue Onyx)   5.14.0-611.47.1.el9_7.x86_64   containerd://2.2.2
  - worker-02   Ready    <none>          42s    v1.29.15   192.168.1.88   <none>        Rocky Linux 9.7 (Blue Onyx)   5.14.0-611.5.1.el9_7.x86_64    containerd://2.2.3
2026-05-04 13:26:46,842 p=8062 u=ansible n=ansible | TASK [Get all pods] **********************************************************************************
2026-05-04 13:26:47,645 p=8062 u=ansible n=ansible | changed: [Master]
2026-05-04 13:26:47,668 p=8062 u=ansible n=ansible | TASK [Display pods] **********************************************************************************
2026-05-04 13:26:47,715 p=8062 u=ansible n=ansible | ok: [Master] => 
  pods_output.stdout_lines:
  - NAMESPACE     NAME                                                READY   STATUS    RESTARTS   AGE    IP               NODE        NOMINATED NODE   READINESS GATES
  - argocd        argocd-application-controller-0                     1/1     Running   0          26s    192.168.37.199   worker-02   <none>           <none>
  - argocd        argocd-applicationset-controller-8478f5d679-xn8vh   1/1     Running   0          27s    192.168.37.193   worker-02   <none>           <none>
  - argocd        argocd-dex-server-7d5b457877-t4tlx                  1/1     Running   0          27s    192.168.37.194   worker-02   <none>           <none>
  - argocd        argocd-notifications-controller-5dfb54dc99-vckhb    1/1     Running   0          26s    192.168.37.196   worker-02   <none>           <none>
  - argocd        argocd-redis-76748db5f4-bpxkh                       1/1     Running   0          26s    192.168.37.195   worker-02   <none>           <none>
  - argocd        argocd-repo-server-65bbbc45d9-57dh8                 1/1     Running   0          26s    192.168.37.197   worker-02   <none>           <none>
  - argocd        argocd-server-8699f8544f-bc2nf                      1/1     Running   0          26s    192.168.37.198   worker-02   <none>           <none>
  - kube-system   calico-kube-controllers-5fc7d6cf67-ng96q            1/1     Running   0          105s   192.168.219.66   master      <none>           <none>
  - kube-system   calico-node-97vxr                                   1/1     Running   0          105s   192.168.1.89     master      <none>           <none>
  - kube-system   calico-node-cwl6h                                   1/1     Running   0          41s    192.168.1.90     worker-01   <none>           <none>
  - kube-system   calico-node-fxxjr                                   1/1     Running   0          43s    192.168.1.88     worker-02   <none>           <none>
  - kube-system   coredns-76f75df574-gnzqj                            1/1     Running   0          105s   192.168.219.65   master      <none>           <none>
  - kube-system   coredns-76f75df574-zvctc                            1/1     Running   0          105s   192.168.219.67   master      <none>           <none>
  - kube-system   etcd-master                                         1/1     Running   5          118s   192.168.1.89     master      <none>           <none>
  - kube-system   kube-apiserver-master                               1/1     Running   5          118s   192.168.1.89     master      <none>           <none>
  - kube-system   kube-controller-manager-master                      1/1     Running   7          118s   192.168.1.89     master      <none>           <none>
  - kube-system   kube-proxy-8gg9l                                    1/1     Running   0          105s   192.168.1.89     master      <none>           <none>
  - kube-system   kube-proxy-b48zd                                    1/1     Running   0          41s    192.168.1.90     worker-01   <none>           <none>
  - kube-system   kube-proxy-w4v76                                    1/1     Running   0          43s    192.168.1.88     worker-02   <none>           <none>
  - kube-system   kube-scheduler-master                               1/1     Running   7          118s   192.168.1.89     master      <none>           <none>
2026-05-04 13:26:47,795 p=8062 u=ansible n=ansible | PLAY RECAP *******************************************************************************************
2026-05-04 13:26:47,795 p=8062 u=ansible n=ansible | Master                     : ok=77   changed=32   unreachable=0    failed=0    skipped=5    rescued=0    ignored=1   
2026-05-04 13:26:47,796 p=8062 u=ansible n=ansible | worker-01                  : ok=46   changed=16   unreachable=0    failed=0    skipped=4    rescued=0    ignored=0   
2026-05-04 13:26:47,796 p=8062 u=ansible n=ansible | worker-02                  : ok=46   changed=16   unreachable=0    failed=0    skipped=4    rescued=0    ignored=0   
2026-05-04 13:30:34,503 p=15500 u=ansible n=ansible | PLAY [Configure all cluster nodes] *******************************************************************
2026-05-04 13:30:34,744 p=15500 u=ansible n=ansible | PLAY [Initialize Kubernetes control plane] ***********************************************************
2026-05-04 13:30:34,828 p=15500 u=ansible n=ansible | PLAY [Join worker nodes to the cluster] **************************************************************
2026-05-04 13:30:34,950 p=15500 u=ansible n=ansible | PLAY [Install ArgoCD on control plane] ***************************************************************
2026-05-04 13:30:34,970 p=15500 u=ansible n=ansible | TASK [Gathering Facts] *******************************************************************************
2026-05-04 13:30:38,142 p=15500 u=ansible n=ansible | ok: [Master]
2026-05-04 13:30:38,205 p=15500 u=ansible n=ansible | TASK [argocd : Create argocd namespace] **************************************************************
2026-05-04 13:30:39,348 p=15500 u=ansible n=ansible | ok: [Master]
2026-05-04 13:30:39,375 p=15500 u=ansible n=ansible | TASK [argocd : Download ArgoCD install manifest] *****************************************************
2026-05-04 13:30:42,748 p=15500 u=ansible n=ansible | ok: [Master]
2026-05-04 13:30:42,775 p=15500 u=ansible n=ansible | TASK [argocd : Apply ArgoCD manifest] ****************************************************************
2026-05-04 13:30:51,155 p=15500 u=ansible n=ansible | changed: [Master]
2026-05-04 13:30:51,178 p=15500 u=ansible n=ansible | TASK [argocd : Wait for ArgoCD server to be ready] ***************************************************
2026-05-04 13:30:52,038 p=15500 u=ansible n=ansible | changed: [Master]
2026-05-04 13:30:52,068 p=15500 u=ansible n=ansible | TASK [argocd : Check current argocd-server service type] *********************************************
2026-05-04 13:30:52,871 p=15500 u=ansible n=ansible | ok: [Master]
2026-05-04 13:30:52,892 p=15500 u=ansible n=ansible | TASK [argocd : Patch argocd-server to NodePort] ******************************************************
2026-05-04 13:30:52,932 p=15500 u=ansible n=ansible | skipping: [Master]
2026-05-04 13:30:52,958 p=15500 u=ansible n=ansible | TASK [argocd : Open ArgoCD HTTP NodePort in firewalld] ***********************************************
2026-05-04 13:30:54,570 p=15500 u=ansible n=ansible | ok: [Master]
2026-05-04 13:30:54,595 p=15500 u=ansible n=ansible | TASK [argocd : Open ArgoCD HTTPS NodePort in firewalld] **********************************************
2026-05-04 13:30:55,683 p=15500 u=ansible n=ansible | ok: [Master]
2026-05-04 13:30:55,704 p=15500 u=ansible n=ansible | TASK [argocd : Wait for admin secret to be created] **************************************************
2026-05-04 13:30:56,697 p=15500 u=ansible n=ansible | changed: [Master]
2026-05-04 13:30:56,720 p=15500 u=ansible n=ansible | TASK [argocd : Get ArgoCD initial admin password] ****************************************************
2026-05-04 13:30:57,496 p=15500 u=ansible n=ansible | changed: [Master]
2026-05-04 13:30:57,524 p=15500 u=ansible n=ansible | TASK [argocd : Decode ArgoCD password] ***************************************************************
2026-05-04 13:30:57,597 p=15500 u=ansible n=ansible | ok: [Master]
2026-05-04 13:30:57,619 p=15500 u=ansible n=ansible | TASK [argocd : Download ArgoCD CLI] ******************************************************************
2026-05-04 13:30:59,449 p=15500 u=ansible n=ansible | ok: [Master]
2026-05-04 13:30:59,478 p=15500 u=ansible n=ansible | TASK [argocd : Display ArgoCD access information] ****************************************************
2026-05-04 13:30:59,530 p=15500 u=ansible n=ansible | ok: [Master] => 
  msg:
  - =============================================
  - ✅ ArgoCD installed successfully!
  - =============================================
  - "\U0001F310 URL      : https://192.168.1.89:30443"
  - "\U0001F464 Username : admin"
  - "\U0001F511 Password : lDyqQndwotwXluXG"
  - =============================================
  - "\U0001F4A1 CLI Login:"
  - '   argocd login 192.168.1.89:30443 --username admin --password ''lDyqQndwotwXluXG'' --insecure'
  - =============================================
2026-05-04 13:30:59,636 p=15500 u=ansible n=ansible | PLAY [Verify cluster is healthy] *********************************************************************
2026-05-04 13:30:59,763 p=15500 u=ansible n=ansible | PLAY RECAP *******************************************************************************************
2026-05-04 13:30:59,763 p=15500 u=ansible n=ansible | Master                     : ok=13   changed=4    unreachable=0    failed=0    skipped=1    rescued=0    ignored=0   
2026-05-07 00:03:29,116 p=86403 u=ansible n=ansible | Master | SUCCESS => {
    "ansible_facts": {
        "discovered_interpreter_python": "/usr/bin/python3"
    },
    "changed": false,
    "ping": "pong"
}
2026-05-07 00:03:34,729 p=86403 u=ansible n=ansible | worker-01 | SUCCESS => {
    "ansible_facts": {
        "discovered_interpreter_python": "/usr/bin/python3"
    },
    "changed": false,
    "ping": "pong"
}
2026-05-07 00:04:28,318 p=86403 u=ansible n=ansible | [WARNING]: Unhandled error in Python interpreter discovery for host worker-02: Failed to connect to the host via ssh: ssh: connect to host 10.168.240.60 port 22:
Connection timed out

2026-05-07 00:05:14,266 p=86403 u=ansible n=ansible |  [ERROR]: User interrupted execution

2026-05-07 00:17:59,136 p=90956 u=ansible n=ansible | Master | SUCCESS => {
    "ansible_facts": {
        "discovered_interpreter_python": "/usr/bin/python3"
    },
    "changed": false,
    "ping": "pong"
}
2026-05-07 00:18:06,299 p=90956 u=ansible n=ansible | worker-01 | SUCCESS => {
    "ansible_facts": {
        "discovered_interpreter_python": "/usr/bin/python3"
    },
    "changed": false,
    "ping": "pong"
}
2026-05-07 00:18:58,644 p=90956 u=ansible n=ansible | [WARNING]: Unhandled error in Python interpreter discovery for host worker-02: Failed to connect to the host via ssh: ssh: connect to host 10.168.240.60 port 22:
Connection timed out

2026-05-07 00:19:40,931 p=90956 u=ansible n=ansible |  [ERROR]: User interrupted execution

2026-05-07 00:22:18,343 p=92356 u=ansible n=ansible | Master | SUCCESS => {
    "ansible_facts": {
        "discovered_interpreter_python": "/usr/bin/python3"
    },
    "changed": false,
    "ping": "pong"
}
2026-05-07 00:22:19,086 p=92356 u=ansible n=ansible | worker-01 | SUCCESS => {
    "ansible_facts": {
        "discovered_interpreter_python": "/usr/bin/python3"
    },
    "changed": false,
    "ping": "pong"
}
2026-05-07 00:22:19,119 p=92356 u=ansible n=ansible | worker-02 | SUCCESS => {
    "ansible_facts": {
        "discovered_interpreter_python": "/usr/bin/python3"
    },
    "changed": false,
    "ping": "pong"
}
2026-05-07 00:23:03,844 p=92616 u=ansible n=ansible | PLAY [Reset Kubernetes cluster on all nodes] ***************************************************************************************************************************
2026-05-07 00:23:03,895 p=92616 u=ansible n=ansible | TASK [Run kubeadm reset] ***********************************************************************************************************************************************
2026-05-07 00:23:25,921 p=92616 u=ansible n=ansible | changed: [worker-01]
2026-05-07 00:24:13,346 p=92616 u=ansible n=ansible | changed: [worker-02]
2026-05-07 00:24:35,886 p=92616 u=ansible n=ansible | changed: [Master]
2026-05-07 00:24:35,952 p=92616 u=ansible n=ansible | TASK [Unmount kubelet volumes] *****************************************************************************************************************************************
2026-05-07 00:24:36,572 p=92616 u=ansible n=ansible | changed: [worker-02]
2026-05-07 00:24:36,649 p=92616 u=ansible n=ansible | changed: [Master]
2026-05-07 00:24:37,207 p=92616 u=ansible n=ansible | changed: [worker-01]
2026-05-07 00:24:37,235 p=92616 u=ansible n=ansible | TASK [Remove Kubernetes data directories] ******************************************************************************************************************************
2026-05-07 00:24:38,296 p=92616 u=ansible n=ansible | changed: [Master] => (item=/etc/kubernetes)
2026-05-07 00:24:38,299 p=92616 u=ansible n=ansible | changed: [worker-02] => (item=/etc/kubernetes)
2026-05-07 00:24:38,334 p=92616 u=ansible n=ansible | changed: [worker-01] => (item=/etc/kubernetes)
2026-05-07 00:24:38,786 p=92616 u=ansible n=ansible | changed: [Master] => (item=/var/lib/etcd)
2026-05-07 00:24:38,812 p=92616 u=ansible n=ansible | ok: [worker-02] => (item=/var/lib/etcd)
2026-05-07 00:24:38,865 p=92616 u=ansible n=ansible | ok: [worker-01] => (item=/var/lib/etcd)
2026-05-07 00:24:39,329 p=92616 u=ansible n=ansible | changed: [Master] => (item=/var/lib/kubelet)
2026-05-07 00:24:39,335 p=92616 u=ansible n=ansible | changed: [worker-02] => (item=/var/lib/kubelet)
2026-05-07 00:24:39,408 p=92616 u=ansible n=ansible | changed: [worker-01] => (item=/var/lib/kubelet)
2026-05-07 00:24:40,021 p=92616 u=ansible n=ansible | changed: [Master] => (item=/etc/cni/net.d)
2026-05-07 00:24:40,024 p=92616 u=ansible n=ansible | changed: [worker-02] => (item=/etc/cni/net.d)
2026-05-07 00:24:40,130 p=92616 u=ansible n=ansible | changed: [worker-01] => (item=/etc/cni/net.d)
2026-05-07 00:24:40,724 p=92616 u=ansible n=ansible | changed: [Master] => (item=/var/lib/cni)
2026-05-07 00:24:40,735 p=92616 u=ansible n=ansible | changed: [worker-02] => (item=/var/lib/cni)
2026-05-07 00:24:40,859 p=92616 u=ansible n=ansible | changed: [worker-01] => (item=/var/lib/cni)
2026-05-07 00:24:40,873 p=92616 u=ansible n=ansible | TASK [Remove .kube directories] ****************************************************************************************************************************************
2026-05-07 00:24:41,582 p=92616 u=ansible n=ansible | changed: [Master] => (item=/root/.kube)
2026-05-07 00:24:41,601 p=92616 u=ansible n=ansible | ok: [worker-01] => (item=/root/.kube)
2026-05-07 00:24:41,606 p=92616 u=ansible n=ansible | ok: [worker-02] => (item=/root/.kube)
2026-05-07 00:24:42,282 p=92616 u=ansible n=ansible | ok: [worker-02] => (item=/home/ansible/.kube)
2026-05-07 00:24:42,319 p=92616 u=ansible n=ansible | ok: [worker-01] => (item=/home/ansible/.kube)
2026-05-07 00:24:42,410 p=92616 u=ansible n=ansible | changed: [Master] => (item=/home/ansible/.kube)
2026-05-07 00:24:42,420 p=92616 u=ansible n=ansible | TASK [Flush iptables rules] ********************************************************************************************************************************************
2026-05-07 00:24:43,309 p=92616 u=ansible n=ansible | changed: [worker-02]
2026-05-07 00:24:43,572 p=92616 u=ansible n=ansible | changed: [Master]
2026-05-07 00:24:43,828 p=92616 u=ansible n=ansible | changed: [worker-01]
2026-05-07 00:24:43,872 p=92616 u=ansible n=ansible | TASK [Remove join command file] ****************************************************************************************************************************************
2026-05-07 00:24:44,465 p=92616 u=ansible n=ansible | changed: [Master -> localhost]
2026-05-07 00:24:44,479 p=92616 u=ansible n=ansible | TASK [Restart containerd] **********************************************************************************************************************************************
2026-05-07 00:24:47,108 p=92616 u=ansible n=ansible | changed: [worker-02]
2026-05-07 00:24:53,168 p=92616 u=ansible n=ansible | changed: [Master]
2026-05-07 00:24:56,462 p=92616 u=ansible n=ansible | changed: [worker-01]
2026-05-07 00:24:56,502 p=92616 u=ansible n=ansible | TASK [Reset complete] **************************************************************************************************************************************************
2026-05-07 00:24:56,601 p=92616 u=ansible n=ansible | ok: [Master] => 
  msg: ✅ Cluster reset complete on Master
2026-05-07 00:24:56,619 p=92616 u=ansible n=ansible | ok: [worker-01] => 
  msg: ✅ Cluster reset complete on worker-01
2026-05-07 00:24:56,659 p=92616 u=ansible n=ansible | ok: [worker-02] => 
  msg: ✅ Cluster reset complete on worker-02
2026-05-07 00:24:56,732 p=92616 u=ansible n=ansible | PLAY RECAP *************************************************************************************************************************************************************
2026-05-07 00:24:56,733 p=92616 u=ansible n=ansible | Master                     : ok=8    changed=7    unreachable=0    failed=0    skipped=0    rescued=0    ignored=0   
2026-05-07 00:24:56,734 p=92616 u=ansible n=ansible | worker-01                  : ok=7    changed=5    unreachable=0    failed=0    skipped=0    rescued=0    ignored=0   
2026-05-07 00:24:56,735 p=92616 u=ansible n=ansible | worker-02                  : ok=7    changed=5    unreachable=0    failed=0    skipped=0    rescued=0    ignored=0   
2026-05-07 00:25:10,241 p=94063 u=ansible n=ansible | PLAY [Configure all cluster nodes] *************************************************************************************************************************************
2026-05-07 00:25:10,279 p=94063 u=ansible n=ansible | TASK [Gathering Facts] *************************************************************************************************************************************************
2026-05-07 00:25:13,092 p=94063 u=ansible n=ansible | ok: [worker-02]
2026-05-07 00:25:15,413 p=94063 u=ansible n=ansible | ok: [Master]
2026-05-07 00:25:16,082 p=94063 u=ansible n=ansible | ok: [worker-01]
2026-05-07 00:25:16,163 p=94063 u=ansible n=ansible | TASK [common : Check if K3s server is installed] ***********************************************************************************************************************
2026-05-07 00:25:17,133 p=94063 u=ansible n=ansible | ok: [Master]
2026-05-07 00:25:17,169 p=94063 u=ansible n=ansible | ok: [worker-02]
2026-05-07 00:25:17,176 p=94063 u=ansible n=ansible | ok: [worker-01]
2026-05-07 00:25:17,195 p=94063 u=ansible n=ansible | TASK [common : Uninstall K3s server] ***********************************************************************************************************************************
2026-05-07 00:25:17,252 p=94063 u=ansible n=ansible | skipping: [Master]
2026-05-07 00:25:17,253 p=94063 u=ansible n=ansible | skipping: [worker-01]
2026-05-07 00:25:17,268 p=94063 u=ansible n=ansible | skipping: [worker-02]
2026-05-07 00:25:17,284 p=94063 u=ansible n=ansible | TASK [common : Check if K3s agent is installed] ************************************************************************************************************************
2026-05-07 00:25:17,903 p=94063 u=ansible n=ansible | ok: [Master]
2026-05-07 00:25:17,915 p=94063 u=ansible n=ansible | ok: [worker-01]
2026-05-07 00:25:17,937 p=94063 u=ansible n=ansible | ok: [worker-02]
2026-05-07 00:25:17,957 p=94063 u=ansible n=ansible | TASK [common : Uninstall K3s agent] ************************************************************************************************************************************
2026-05-07 00:25:18,032 p=94063 u=ansible n=ansible | skipping: [Master]
2026-05-07 00:25:18,034 p=94063 u=ansible n=ansible | skipping: [worker-01]
2026-05-07 00:25:18,055 p=94063 u=ansible n=ansible | skipping: [worker-02]
2026-05-07 00:25:18,076 p=94063 u=ansible n=ansible | TASK [common : Verify critical ports are free after K3s removal] *******************************************************************************************************
2026-05-07 00:25:18,957 p=94063 u=ansible n=ansible | changed: [worker-02]
2026-05-07 00:25:19,553 p=94063 u=ansible n=ansible | changed: [worker-01]
2026-05-07 00:25:20,392 p=94063 u=ansible n=ansible | changed: [Master]
2026-05-07 00:25:20,477 p=94063 u=ansible n=ansible | TASK [common : Fail if ports are still in use] *************************************************************************************************************************
2026-05-07 00:25:20,526 p=94063 u=ansible n=ansible | skipping: [Master]
2026-05-07 00:25:20,554 p=94063 u=ansible n=ansible | skipping: [worker-01]
2026-05-07 00:25:20,582 p=94063 u=ansible n=ansible | skipping: [worker-02]
2026-05-07 00:25:20,604 p=94063 u=ansible n=ansible | TASK [common : Disable swap immediately] *******************************************************************************************************************************
2026-05-07 00:25:21,313 p=94063 u=ansible n=ansible | changed: [worker-02]
2026-05-07 00:29:29,375 p=94063 u=ansible n=ansible | changed: [Master]
2026-05-07 00:29:56,063 p=94063 u=ansible n=ansible | changed: [worker-01]
2026-05-07 00:29:56,080 p=94063 u=ansible n=ansible | TASK [common : Remove swap from /etc/fstab permanently] ****************************************************************************************************************
2026-05-07 00:29:58,614 p=94063 u=ansible n=ansible | ok: [worker-01]
2026-05-07 00:29:59,050 p=94063 u=ansible n=ansible | ok: [worker-02]
2026-05-07 00:29:59,830 p=94063 u=ansible n=ansible | ok: [Master]
2026-05-07 00:29:59,867 p=94063 u=ansible n=ansible | TASK [common : Set hostname] *******************************************************************************************************************************************
2026-05-07 00:30:01,617 p=94063 u=ansible n=ansible | ok: [worker-02]
2026-05-07 00:30:01,888 p=94063 u=ansible n=ansible | ok: [worker-01]
2026-05-07 00:30:02,433 p=94063 u=ansible n=ansible | ok: [Master]
2026-05-07 00:30:02,475 p=94063 u=ansible n=ansible | TASK [common : Update /etc/hosts dynamically from inventory] ***********************************************************************************************************
2026-05-07 00:30:03,322 p=94063 u=ansible n=ansible | changed: [worker-01]
2026-05-07 00:30:03,335 p=94063 u=ansible n=ansible | changed: [worker-02]
2026-05-07 00:30:03,377 p=94063 u=ansible n=ansible | changed: [Master]
2026-05-07 00:30:03,392 p=94063 u=ansible n=ansible | TASK [common : Set SELinux to permissive mode (runtime)] ***************************************************************************************************************
2026-05-07 00:30:03,977 p=94063 u=ansible n=ansible | changed: [Master]
2026-05-07 00:30:04,014 p=94063 u=ansible n=ansible | changed: [worker-02]
2026-05-07 00:30:04,026 p=94063 u=ansible n=ansible | changed: [worker-01]
2026-05-07 00:30:04,046 p=94063 u=ansible n=ansible | TASK [common : Set SELinux to permissive mode (permanent)] *************************************************************************************************************
2026-05-07 00:30:04,921 p=94063 u=ansible n=ansible | ok: [Master]
2026-05-07 00:30:05,009 p=94063 u=ansible n=ansible | ok: [worker-02]
2026-05-07 00:30:05,043 p=94063 u=ansible n=ansible | ok: [worker-01]
2026-05-07 00:30:05,061 p=94063 u=ansible n=ansible | TASK [common : Ensure firewalld is started and enabled] ****************************************************************************************************************
2026-05-07 00:30:06,407 p=94063 u=ansible n=ansible | ok: [worker-02]
2026-05-07 00:30:07,540 p=94063 u=ansible n=ansible | ok: [Master]
2026-05-07 00:30:08,466 p=94063 u=ansible n=ansible | ok: [worker-01]
2026-05-07 00:30:08,516 p=94063 u=ansible n=ansible | TASK [common : Open required ports on control plane] *******************************************************************************************************************
2026-05-07 00:30:08,654 p=94063 u=ansible n=ansible | skipping: [worker-01] => (item=6443/tcp) 
2026-05-07 00:30:08,662 p=94063 u=ansible n=ansible | skipping: [worker-01] => (item=2379/tcp) 
2026-05-07 00:30:08,672 p=94063 u=ansible n=ansible | skipping: [worker-01] => (item=2380/tcp) 
2026-05-07 00:30:08,677 p=94063 u=ansible n=ansible | skipping: [worker-02] => (item=6443/tcp) 
2026-05-07 00:30:08,681 p=94063 u=ansible n=ansible | skipping: [worker-01] => (item=10250/tcp) 
2026-05-07 00:30:08,686 p=94063 u=ansible n=ansible | skipping: [worker-02] => (item=2379/tcp) 
2026-05-07 00:30:08,693 p=94063 u=ansible n=ansible | skipping: [worker-02] => (item=2380/tcp) 
2026-05-07 00:30:08,697 p=94063 u=ansible n=ansible | skipping: [worker-01] => (item=10257/tcp) 
2026-05-07 00:30:08,700 p=94063 u=ansible n=ansible | skipping: [worker-02] => (item=10250/tcp) 
2026-05-07 00:30:08,707 p=94063 u=ansible n=ansible | skipping: [worker-01] => (item=10259/tcp) 
2026-05-07 00:30:08,709 p=94063 u=ansible n=ansible | skipping: [worker-02] => (item=10257/tcp) 
2026-05-07 00:30:08,715 p=94063 u=ansible n=ansible | skipping: [worker-01] => (item=179/tcp) 
2026-05-07 00:30:08,717 p=94063 u=ansible n=ansible | skipping: [worker-02] => (item=10259/tcp) 
2026-05-07 00:30:08,718 p=94063 u=ansible n=ansible | skipping: [worker-01] => (item=4789/udp) 
2026-05-07 00:30:08,720 p=94063 u=ansible n=ansible | skipping: [worker-01]
2026-05-07 00:30:08,725 p=94063 u=ansible n=ansible | skipping: [worker-02] => (item=179/tcp) 
2026-05-07 00:30:08,729 p=94063 u=ansible n=ansible | skipping: [worker-02] => (item=4789/udp) 
2026-05-07 00:30:08,731 p=94063 u=ansible n=ansible | skipping: [worker-02]
2026-05-07 00:30:11,273 p=94063 u=ansible n=ansible | ok: [Master] => (item=6443/tcp)
2026-05-07 00:30:12,207 p=94063 u=ansible n=ansible | ok: [Master] => (item=2379/tcp)
2026-05-07 00:30:13,264 p=94063 u=ansible n=ansible | ok: [Master] => (item=2380/tcp)
2026-05-07 00:30:14,189 p=94063 u=ansible n=ansible | ok: [Master] => (item=10250/tcp)
2026-05-07 00:30:15,245 p=94063 u=ansible n=ansible | ok: [Master] => (item=10257/tcp)
2026-05-07 00:30:16,300 p=94063 u=ansible n=ansible | ok: [Master] => (item=10259/tcp)
2026-05-07 00:30:17,111 p=94063 u=ansible n=ansible | ok: [Master] => (item=179/tcp)
2026-05-07 00:30:17,977 p=94063 u=ansible n=ansible | ok: [Master] => (item=4789/udp)
2026-05-07 00:30:18,004 p=94063 u=ansible n=ansible | TASK [common : Open required ports on worker nodes] ********************************************************************************************************************
2026-05-07 00:30:18,047 p=94063 u=ansible n=ansible | skipping: [Master] => (item=10250/tcp) 
2026-05-07 00:30:18,057 p=94063 u=ansible n=ansible | skipping: [Master] => (item=179/tcp) 
2026-05-07 00:30:18,065 p=94063 u=ansible n=ansible | skipping: [Master] => (item=4789/udp) 
2026-05-07 00:30:18,073 p=94063 u=ansible n=ansible | skipping: [Master]
2026-05-07 00:30:19,153 p=94063 u=ansible n=ansible | ok: [worker-02] => (item=10250/tcp)
2026-05-07 00:30:20,095 p=94063 u=ansible n=ansible | ok: [worker-01] => (item=10250/tcp)
2026-05-07 00:30:20,230 p=94063 u=ansible n=ansible | ok: [worker-02] => (item=179/tcp)
2026-05-07 00:30:20,876 p=94063 u=ansible n=ansible | ok: [worker-01] => (item=179/tcp)
2026-05-07 00:30:21,046 p=94063 u=ansible n=ansible | ok: [worker-02] => (item=4789/udp)
2026-05-07 00:30:21,721 p=94063 u=ansible n=ansible | ok: [worker-01] => (item=4789/udp)
2026-05-07 00:30:21,755 p=94063 u=ansible n=ansible | TASK [common : Open NodePort range on workers] *************************************************************************************************************************
2026-05-07 00:30:21,848 p=94063 u=ansible n=ansible | skipping: [Master]
2026-05-07 00:30:22,884 p=94063 u=ansible n=ansible | changed: [worker-02]
2026-05-07 00:30:23,253 p=94063 u=ansible n=ansible | changed: [worker-01]
2026-05-07 00:30:23,268 p=94063 u=ansible n=ansible | TASK [common : Allow Kubernetes Service CIDR traffic] ******************************************************************************************************************
2026-05-07 00:30:24,228 p=94063 u=ansible n=ansible | ok: [worker-01]
2026-05-07 00:30:24,267 p=94063 u=ansible n=ansible | ok: [worker-02]
2026-05-07 00:30:24,289 p=94063 u=ansible n=ansible | ok: [Master]
2026-05-07 00:30:24,307 p=94063 u=ansible n=ansible | TASK [common : Allow Kubernetes Pod CIDR destination traffic] **********************************************************************************************************
2026-05-07 00:30:25,149 p=94063 u=ansible n=ansible | ok: [Master]
2026-05-07 00:30:25,198 p=94063 u=ansible n=ansible | ok: [worker-02]
2026-05-07 00:30:25,235 p=94063 u=ansible n=ansible | ok: [worker-01]
2026-05-07 00:30:25,249 p=94063 u=ansible n=ansible | TASK [common : Allow Kubernetes Pod CIDR source traffic] ***************************************************************************************************************
2026-05-07 00:30:26,111 p=94063 u=ansible n=ansible | ok: [Master]
2026-05-07 00:30:26,149 p=94063 u=ansible n=ansible | ok: [worker-02]
2026-05-07 00:30:26,188 p=94063 u=ansible n=ansible | ok: [worker-01]
2026-05-07 00:30:26,205 p=94063 u=ansible n=ansible | TASK [common : Add Calico tunnel interface to trusted zone] ************************************************************************************************************
2026-05-07 00:30:27,209 p=94063 u=ansible n=ansible | ok: [Master]
2026-05-07 00:30:27,264 p=94063 u=ansible n=ansible | ok: [worker-01]
2026-05-07 00:30:27,304 p=94063 u=ansible n=ansible | ok: [worker-02]
2026-05-07 00:30:27,321 p=94063 u=ansible n=ansible | TASK [common : Add kube-ipvs0 interface to trusted zone] ***************************************************************************************************************
2026-05-07 00:30:28,255 p=94063 u=ansible n=ansible | ok: [Master]
2026-05-07 00:30:28,260 p=94063 u=ansible n=ansible | ok: [worker-02]
2026-05-07 00:30:28,299 p=94063 u=ansible n=ansible | ok: [worker-01]
2026-05-07 00:30:28,320 p=94063 u=ansible n=ansible | TASK [common : Enable masquerade] **************************************************************************************************************************************
2026-05-07 00:30:29,406 p=94063 u=ansible n=ansible | ok: [Master]
2026-05-07 00:30:29,407 p=94063 u=ansible n=ansible | ok: [worker-02]
2026-05-07 00:30:29,446 p=94063 u=ansible n=ansible | ok: [worker-01]
2026-05-07 00:30:29,460 p=94063 u=ansible n=ansible | TASK [common : Reload firewalld to apply all rules] ********************************************************************************************************************
2026-05-07 00:30:31,385 p=94063 u=ansible n=ansible | changed: [worker-02]
2026-05-07 00:30:32,604 p=94063 u=ansible n=ansible | changed: [worker-01]
2026-05-07 00:30:33,416 p=94063 u=ansible n=ansible | changed: [Master]
2026-05-07 00:30:33,446 p=94063 u=ansible n=ansible | TASK [common : Create kernel modules config for Kubernetes] ************************************************************************************************************
2026-05-07 00:30:35,373 p=94063 u=ansible n=ansible | ok: [Master]
2026-05-07 00:30:35,575 p=94063 u=ansible n=ansible | ok: [worker-02]
2026-05-07 00:30:35,579 p=94063 u=ansible n=ansible | ok: [worker-01]
2026-05-07 00:30:35,598 p=94063 u=ansible n=ansible | TASK [common : Load overlay module] ************************************************************************************************************************************
2026-05-07 00:30:36,655 p=94063 u=ansible n=ansible | ok: [Master]
2026-05-07 00:30:36,732 p=94063 u=ansible n=ansible | ok: [worker-01]
2026-05-07 00:30:36,746 p=94063 u=ansible n=ansible | ok: [worker-02]
2026-05-07 00:30:36,762 p=94063 u=ansible n=ansible | TASK [common : Load br_netfilter module] *******************************************************************************************************************************
2026-05-07 00:30:37,317 p=94063 u=ansible n=ansible | ok: [Master]
2026-05-07 00:30:37,361 p=94063 u=ansible n=ansible | ok: [worker-02]
2026-05-07 00:30:39,272 p=94063 u=ansible n=ansible | ok: [worker-01]
2026-05-07 00:30:39,293 p=94063 u=ansible n=ansible | TASK [common : Set sysctl params for Kubernetes networking] ************************************************************************************************************
2026-05-07 00:30:40,342 p=94063 u=ansible n=ansible | ok: [Master]
2026-05-07 00:30:40,799 p=94063 u=ansible n=ansible | ok: [worker-02]
2026-05-07 00:30:40,842 p=94063 u=ansible n=ansible | ok: [worker-01]
2026-05-07 00:30:40,863 p=94063 u=ansible n=ansible | TASK [common : Apply sysctl params] ************************************************************************************************************************************
2026-05-07 00:30:41,798 p=94063 u=ansible n=ansible | changed: [worker-02]
2026-05-07 00:30:41,836 p=94063 u=ansible n=ansible | changed: [Master]
2026-05-07 00:30:41,892 p=94063 u=ansible n=ansible | changed: [worker-01]
2026-05-07 00:30:41,914 p=94063 u=ansible n=ansible | TASK [common : Install required system packages] ***********************************************************************************************************************
2026-05-07 00:31:33,974 p=94063 u=ansible n=ansible | ok: [worker-02]
2026-05-07 00:32:15,423 p=94063 u=ansible n=ansible | ok: [Master]
2026-05-07 00:34:43,027 p=94063 u=ansible n=ansible | ok: [worker-01]
2026-05-07 00:34:43,142 p=94063 u=ansible n=ansible | TASK [common : Add Docker repository (contains containerd)] ************************************************************************************************************
2026-05-07 00:34:45,484 p=94063 u=ansible n=ansible | ok: [worker-02]
2026-05-07 00:34:46,953 p=94063 u=ansible n=ansible | ok: [Master]
2026-05-07 00:34:47,995 p=94063 u=ansible n=ansible | ok: [worker-01]
2026-05-07 00:34:48,046 p=94063 u=ansible n=ansible | TASK [common : Install containerd] *************************************************************************************************************************************
2026-05-07 00:34:49,749 p=94063 u=ansible n=ansible | ok: [worker-02]
2026-05-07 00:35:08,362 p=94063 u=ansible n=ansible | ok: [worker-01]
2026-05-07 00:35:15,414 p=94063 u=ansible n=ansible | ok: [Master]
2026-05-07 00:35:15,436 p=94063 u=ansible n=ansible | TASK [common : Create containerd config directory] *********************************************************************************************************************
2026-05-07 00:35:16,163 p=94063 u=ansible n=ansible | ok: [worker-02]
2026-05-07 00:35:16,190 p=94063 u=ansible n=ansible | ok: [worker-01]
2026-05-07 00:35:16,771 p=94063 u=ansible n=ansible | ok: [Master]
2026-05-07 00:35:16,787 p=94063 u=ansible n=ansible | TASK [common : Remove old containerd config (force fresh)] *************************************************************************************************************
2026-05-07 00:35:17,371 p=94063 u=ansible n=ansible | changed: [Master]
2026-05-07 00:35:17,432 p=94063 u=ansible n=ansible | changed: [worker-01]
2026-05-07 00:35:17,457 p=94063 u=ansible n=ansible | changed: [worker-02]
2026-05-07 00:35:17,479 p=94063 u=ansible n=ansible | TASK [common : Generate fresh default containerd config] ***************************************************************************************************************
2026-05-07 00:35:18,234 p=94063 u=ansible n=ansible | changed: [worker-02]
2026-05-07 00:35:21,992 p=94063 u=ansible n=ansible | changed: [worker-01]
2026-05-07 00:35:22,106 p=94063 u=ansible n=ansible | changed: [Master]
2026-05-07 00:35:22,123 p=94063 u=ansible n=ansible | TASK [common : Enable SystemdCgroup in containerd config] **************************************************************************************************************
2026-05-07 00:35:22,742 p=94063 u=ansible n=ansible | changed: [Master]
2026-05-07 00:35:22,788 p=94063 u=ansible n=ansible | changed: [worker-02]
2026-05-07 00:35:22,788 p=94063 u=ansible n=ansible | changed: [worker-01]
2026-05-07 00:35:22,804 p=94063 u=ansible n=ansible | TASK [common : Restart and enable containerd] **************************************************************************************************************************
2026-05-07 00:35:24,661 p=94063 u=ansible n=ansible | changed: [worker-02]
2026-05-07 00:35:31,902 p=94063 u=ansible n=ansible | changed: [worker-01]
2026-05-07 00:35:35,053 p=94063 u=ansible n=ansible | changed: [Master]
2026-05-07 00:35:35,071 p=94063 u=ansible n=ansible | TASK [common : Verify containerd CRI is working] ***********************************************************************************************************************
2026-05-07 00:35:35,787 p=94063 u=ansible n=ansible | changed: [worker-02]
2026-05-07 00:35:39,181 p=94063 u=ansible n=ansible | changed: [Master]
2026-05-07 00:35:39,337 p=94063 u=ansible n=ansible | changed: [worker-01]
2026-05-07 00:35:39,371 p=94063 u=ansible n=ansible | TASK [common : Print containerd version] *******************************************************************************************************************************
2026-05-07 00:35:39,473 p=94063 u=ansible n=ansible | ok: [Master] => 
  msg: 'containerd is working: [''Version:  0.1.0'', ''RuntimeName:  containerd'', ''RuntimeVersion:  v2.2.2'', ''RuntimeApiVersion:  v1'']'
2026-05-07 00:35:39,475 p=94063 u=ansible n=ansible | ok: [worker-01] => 
  msg: 'containerd is working: [''Version:  0.1.0'', ''RuntimeName:  containerd'', ''RuntimeVersion:  v2.2.2'', ''RuntimeApiVersion:  v1'']'
2026-05-07 00:35:39,476 p=94063 u=ansible n=ansible | ok: [worker-02] => 
  msg: 'containerd is working: [''Version:  0.1.0'', ''RuntimeName:  containerd'', ''RuntimeVersion:  v2.2.3'', ''RuntimeApiVersion:  v1'']'
2026-05-07 00:35:39,492 p=94063 u=ansible n=ansible | TASK [common : Add Kubernetes yum repository] **************************************************************************************************************************
2026-05-07 00:35:41,255 p=94063 u=ansible n=ansible | ok: [Master]
2026-05-07 00:35:41,463 p=94063 u=ansible n=ansible | ok: [worker-02]
2026-05-07 00:35:41,467 p=94063 u=ansible n=ansible | ok: [worker-01]
2026-05-07 00:35:41,488 p=94063 u=ansible n=ansible | TASK [common : Install kubelet, kubeadm, kubectl] **********************************************************************************************************************
2026-05-07 00:35:43,757 p=94063 u=ansible n=ansible | ok: [worker-02]
2026-05-07 00:35:45,254 p=94063 u=ansible n=ansible | ok: [worker-01]
2026-05-07 00:35:59,245 p=94063 u=ansible n=ansible | ok: [Master]
2026-05-07 00:35:59,284 p=94063 u=ansible n=ansible | TASK [common : Enable and start kubelet] *******************************************************************************************************************************
2026-05-07 00:36:00,989 p=94063 u=ansible n=ansible | changed: [worker-02]
2026-05-07 00:36:01,103 p=94063 u=ansible n=ansible | changed: [worker-01]
2026-05-07 00:36:03,864 p=94063 u=ansible n=ansible | changed: [Master]
2026-05-07 00:36:04,042 p=94063 u=ansible n=ansible | RUNNING HANDLER [common : Reload firewalld] ****************************************************************************************************************************
2026-05-07 00:36:05,594 p=94063 u=ansible n=ansible | changed: [worker-02]
2026-05-07 00:36:13,955 p=94063 u=ansible n=ansible | changed: [worker-01]
2026-05-07 00:36:14,007 p=94063 u=ansible n=ansible | PLAY [Initialize Kubernetes control plane] *****************************************************************************************************************************
2026-05-07 00:36:14,032 p=94063 u=ansible n=ansible | TASK [Gathering Facts] *************************************************************************************************************************************************
2026-05-07 00:36:17,811 p=94063 u=ansible n=ansible | ok: [Master]
2026-05-07 00:36:17,895 p=94063 u=ansible n=ansible | TASK [master : Check if Kubernetes is already initialized] *************************************************************************************************************
2026-05-07 00:36:18,558 p=94063 u=ansible n=ansible | ok: [Master]
2026-05-07 00:36:18,575 p=94063 u=ansible n=ansible | TASK [master : Initialize Kubernetes control plane with kubeadm] *******************************************************************************************************
2026-05-07 00:37:31,561 p=94063 u=ansible n=ansible | changed: [Master]
2026-05-07 00:37:31,672 p=94063 u=ansible n=ansible | TASK [master : Print kubeadm init output] ******************************************************************************************************************************
2026-05-07 00:37:31,967 p=94063 u=ansible n=ansible | ok: [Master] => 
  kubeadm_init_output.stdout_lines:
  - '[init] Using Kubernetes version: v1.29.15'
  - '[preflight] Running pre-flight checks'
  - '[preflight] Pulling images required for setting up a Kubernetes cluster'
  - '[preflight] This might take a minute or two, depending on the speed of your internet connection'
  - '[preflight] You can also perform this action in beforehand using ''kubeadm config images pull'''
  - '[certs] Using certificateDir folder "/etc/kubernetes/pki"'
  - '[certs] Generating "ca" certificate and key'
  - '[certs] Generating "apiserver" certificate and key'
  - '[certs] apiserver serving cert is signed for DNS names [kubernetes kubernetes.default kubernetes.default.svc kubernetes.default.svc.cluster.local master] and IPs [10.96.0.1 10.178.240.63]'
  - '[certs] Generating "apiserver-kubelet-client" certificate and key'
  - '[certs] Generating "front-proxy-ca" certificate and key'
  - '[certs] Generating "front-proxy-client" certificate and key'
  - '[certs] Generating "etcd/ca" certificate and key'
  - '[certs] Generating "etcd/server" certificate and key'
  - '[certs] etcd/server serving cert is signed for DNS names [localhost master] and IPs [10.178.240.63 127.0.0.1 ::1]'
  - '[certs] Generating "etcd/peer" certificate and key'
  - '[certs] etcd/peer serving cert is signed for DNS names [localhost master] and IPs [10.178.240.63 127.0.0.1 ::1]'
  - '[certs] Generating "etcd/healthcheck-client" certificate and key'
  - '[certs] Generating "apiserver-etcd-client" certificate and key'
  - '[certs] Generating "sa" key and public key'
  - '[kubeconfig] Using kubeconfig folder "/etc/kubernetes"'
  - '[kubeconfig] Writing "admin.conf" kubeconfig file'
  - '[kubeconfig] Writing "super-admin.conf" kubeconfig file'
  - '[kubeconfig] Writing "kubelet.conf" kubeconfig file'
  - '[kubeconfig] Writing "controller-manager.conf" kubeconfig file'
  - '[kubeconfig] Writing "scheduler.conf" kubeconfig file'
  - '[etcd] Creating static Pod manifest for local etcd in "/etc/kubernetes/manifests"'
  - '[control-plane] Using manifest folder "/etc/kubernetes/manifests"'
  - '[control-plane] Creating static Pod manifest for "kube-apiserver"'
  - '[control-plane] Creating static Pod manifest for "kube-controller-manager"'
  - '[control-plane] Creating static Pod manifest for "kube-scheduler"'
  - '[kubelet-start] Writing kubelet environment file with flags to file "/var/lib/kubelet/kubeadm-flags.env"'
  - '[kubelet-start] Writing kubelet configuration to file "/var/lib/kubelet/config.yaml"'
  - '[kubelet-start] Starting the kubelet'
  - '[wait-control-plane] Waiting for the kubelet to boot up the control plane as static Pods from directory "/etc/kubernetes/manifests". This can take up to 4m0s'
  - '[kubelet-check] Initial timeout of 40s passed.'
  - '[apiclient] All control plane components are healthy after 41.011678 seconds'
  - '[upload-config] Storing the configuration used in ConfigMap "kubeadm-config" in the "kube-system" Namespace'
  - '[kubelet] Creating a ConfigMap "kubelet-config" in namespace kube-system with the configuration for the kubelets in the cluster'
  - '[upload-certs] Skipping phase. Please see --upload-certs'
  - '[mark-control-plane] Marking the node master as control-plane by adding the labels: [node-role.kubernetes.io/control-plane node.kubernetes.io/exclude-from-external-load-balancers]'
  - '[mark-control-plane] Marking the node master as control-plane by adding the taints [node-role.kubernetes.io/control-plane:NoSchedule]'
  - '[bootstrap-token] Using token: wqky6h.fzf5z2mmrlffizad'
  - '[bootstrap-token] Configuring bootstrap tokens, cluster-info ConfigMap, RBAC Roles'
  - '[bootstrap-token] Configured RBAC rules to allow Node Bootstrap tokens to get nodes'
  - '[bootstrap-token] Configured RBAC rules to allow Node Bootstrap tokens to post CSRs in order for nodes to get long term certificate credentials'
  - '[bootstrap-token] Configured RBAC rules to allow the csrapprover controller automatically approve CSRs from a Node Bootstrap Token'
  - '[bootstrap-token] Configured RBAC rules to allow certificate rotation for all node client certificates in the cluster'
  - '[bootstrap-token] Creating the "cluster-info" ConfigMap in the "kube-public" namespace'
  - '[kubelet-finalize] Updating "/etc/kubernetes/kubelet.conf" to point to a rotatable kubelet client certificate and key'
  - '[addons] Applied essential addon: CoreDNS'
  - '[addons] Applied essential addon: kube-proxy'
  - ''
  - Your Kubernetes control-plane has initialized successfully!
  - ''
  - 'To start using your cluster, you need to run the following as a regular user:'
  - ''
  - '  mkdir -p $HOME/.kube'
  - '  sudo cp -i /etc/kubernetes/admin.conf $HOME/.kube/config'
  - '  sudo chown $(id -u):$(id -g) $HOME/.kube/config'
  - ''
  - 'Alternatively, if you are the root user, you can run:'
  - ''
  - '  export KUBECONFIG=/etc/kubernetes/admin.conf'
  - ''
  - You should now deploy a pod network to the cluster.
  - 'Run "kubectl apply -f [podnetwork].yaml" with one of the options listed at:'
  - '  https://kubernetes.io/docs/concepts/cluster-administration/addons/'
  - ''
  - You can now join any number of control-plane nodes by copying certificate authorities
  - 'and service account keys on each node and then running the following as root:'
  - ''
  - '  kubeadm join 10.178.240.63:6443 --token wqky6h.fzf5z2mmrlffizad \'
  - "\t--discovery-token-ca-cert-hash sha256:3d1513b21866bbe062f6653392eadff8f550e07951406ca732075f4e19372680 \\"
  - "\t--control-plane "
  - ''
  - 'Then you can join any number of worker nodes by running the following on each as root:'
  - ''
  - kubeadm join 10.178.240.63:6443 --token wqky6h.fzf5z2mmrlffizad \
  - "\t--discovery-token-ca-cert-hash sha256:3d1513b21866bbe062f6653392eadff8f550e07951406ca732075f4e19372680 "
2026-05-07 00:37:31,992 p=94063 u=ansible n=ansible | TASK [master : Create .kube directory for root] ************************************************************************************************************************
2026-05-07 00:37:36,392 p=94063 u=ansible n=ansible | changed: [Master]
2026-05-07 00:37:36,418 p=94063 u=ansible n=ansible | TASK [master : Copy admin.conf to root .kube/config] *******************************************************************************************************************
2026-05-07 00:37:38,126 p=94063 u=ansible n=ansible | changed: [Master]
2026-05-07 00:37:38,155 p=94063 u=ansible n=ansible | TASK [master : Create .kube directory for ansible user] ****************************************************************************************************************
2026-05-07 00:37:38,950 p=94063 u=ansible n=ansible | changed: [Master]
2026-05-07 00:37:38,972 p=94063 u=ansible n=ansible | TASK [master : Copy admin.conf to ansible user .kube/config] ***********************************************************************************************************
2026-05-07 00:37:40,247 p=94063 u=ansible n=ansible | changed: [Master]
2026-05-07 00:37:40,293 p=94063 u=ansible n=ansible | TASK [master : Wait for API Server to be ready] ************************************************************************************************************************
2026-05-07 00:37:45,721 p=94063 u=ansible n=ansible | changed: [Master]
2026-05-07 00:37:45,758 p=94063 u=ansible n=ansible | TASK [master : Check if Calico is already installed] *******************************************************************************************************************
2026-05-07 00:37:46,722 p=94063 u=ansible n=ansible | fatal: [Master]: FAILED! => changed=false 
  cmd:
  - kubectl
  - get
  - daemonset
  - calico-node
  - -n
  - kube-system
  delta: '0:00:00.210361'
  end: '2026-05-07 00:37:46.582620'
  msg: non-zero return code
  rc: 1
  start: '2026-05-07 00:37:46.372259'
  stderr: 'Error from server (NotFound): daemonsets.apps "calico-node" not found'
  stderr_lines: <omitted>
  stdout: ''
  stdout_lines: <omitted>
2026-05-07 00:37:46,723 p=94063 u=ansible n=ansible | ...ignoring
2026-05-07 00:37:46,768 p=94063 u=ansible n=ansible | TASK [master : Download Calico manifest] *******************************************************************************************************************************
2026-05-07 00:37:50,127 p=94063 u=ansible n=ansible | ok: [Master]
2026-05-07 00:37:50,167 p=94063 u=ansible n=ansible | TASK [master : Apply Calico CNI manifest] ******************************************************************************************************************************
2026-05-07 00:37:52,521 p=94063 u=ansible n=ansible | changed: [Master]
2026-05-07 00:37:52,578 p=94063 u=ansible n=ansible | TASK [master : Wait for Calico pods to be running] *********************************************************************************************************************
2026-05-07 00:38:33,518 p=94063 u=ansible n=ansible | changed: [Master]
2026-05-07 00:38:33,697 p=94063 u=ansible n=ansible | TASK [master : Generate kubeadm join command] **************************************************************************************************************************
2026-05-07 00:38:39,621 p=94063 u=ansible n=ansible | changed: [Master]
2026-05-07 00:38:39,690 p=94063 u=ansible n=ansible | TASK [master : Save join command to controller] ************************************************************************************************************************
2026-05-07 00:38:44,676 p=94063 u=ansible n=ansible | changed: [Master -> localhost]
2026-05-07 00:38:44,738 p=94063 u=ansible n=ansible | TASK [master : Install bash-completion] ********************************************************************************************************************************
2026-05-07 00:39:14,703 p=94063 u=ansible n=ansible | ok: [Master]
2026-05-07 00:39:14,720 p=94063 u=ansible n=ansible | TASK [master : Add kubectl bash completion] ****************************************************************************************************************************
2026-05-07 00:39:17,568 p=94063 u=ansible n=ansible | ok: [Master]
2026-05-07 00:39:17,616 p=94063 u=ansible n=ansible | TASK [master : Add kubectl alias k] ************************************************************************************************************************************
2026-05-07 00:39:18,505 p=94063 u=ansible n=ansible | ok: [Master]
2026-05-07 00:39:18,529 p=94063 u=ansible n=ansible | TASK [master : Add alias completion] ***********************************************************************************************************************************
2026-05-07 00:39:19,265 p=94063 u=ansible n=ansible | ok: [Master]
2026-05-07 00:39:19,290 p=94063 u=ansible n=ansible | TASK [master : Get cluster info] ***************************************************************************************************************************************
2026-05-07 00:39:23,203 p=94063 u=ansible n=ansible | changed: [Master]
2026-05-07 00:39:23,231 p=94063 u=ansible n=ansible | TASK [master : Display cluster info] ***********************************************************************************************************************************
2026-05-07 00:39:23,278 p=94063 u=ansible n=ansible | ok: [Master] => 
  cluster_info.stdout_lines:
  - Kubernetes control plane is running at https://10.178.240.63:6443
  - CoreDNS is running at https://10.178.240.63:6443/api/v1/namespaces/kube-system/services/kube-dns:dns/proxy
  - ''
  - To further debug and diagnose cluster problems, use 'kubectl cluster-info dump'.
2026-05-07 00:39:23,361 p=94063 u=ansible n=ansible | PLAY [Join worker nodes to the cluster] ********************************************************************************************************************************
2026-05-07 00:39:23,382 p=94063 u=ansible n=ansible | TASK [Gathering Facts] *************************************************************************************************************************************************
2026-05-07 00:39:26,819 p=94063 u=ansible n=ansible | ok: [worker-02]
2026-05-07 00:39:27,951 p=94063 u=ansible n=ansible | ok: [worker-01]
2026-05-07 00:39:28,009 p=94063 u=ansible n=ansible | TASK [worker : Verify containerd is working on worker] *****************************************************************************************************************
2026-05-07 00:39:28,583 p=94063 u=ansible n=ansible | changed: [worker-01]
2026-05-07 00:39:28,631 p=94063 u=ansible n=ansible | changed: [worker-02]
2026-05-07 00:39:28,651 p=94063 u=ansible n=ansible | TASK [worker : Check if node is already part of a cluster] *************************************************************************************************************
2026-05-07 00:39:29,350 p=94063 u=ansible n=ansible | ok: [worker-01]
2026-05-07 00:39:29,436 p=94063 u=ansible n=ansible | ok: [worker-02]
2026-05-07 00:39:29,461 p=94063 u=ansible n=ansible | TASK [worker : Read join command from controller] **********************************************************************************************************************
2026-05-07 00:39:30,615 p=94063 u=ansible n=ansible | ok: [worker-01 -> localhost]
2026-05-07 00:39:30,618 p=94063 u=ansible n=ansible | ok: [worker-02 -> localhost]
2026-05-07 00:39:30,638 p=94063 u=ansible n=ansible | TASK [worker : Join the Kubernetes cluster] ****************************************************************************************************************************
2026-05-07 00:39:39,816 p=94063 u=ansible n=ansible | changed: [worker-02]
2026-05-07 00:39:45,572 p=94063 u=ansible n=ansible | changed: [worker-01]
2026-05-07 00:39:45,606 p=94063 u=ansible n=ansible | TASK [worker : Print join result] **************************************************************************************************************************************
2026-05-07 00:39:45,735 p=94063 u=ansible n=ansible | ok: [worker-01] => 
  join_result.stdout_lines:
  - '[preflight] Running pre-flight checks'
  - '[preflight] Reading configuration from the cluster...'
  - '[preflight] FYI: You can look at this config file with ''kubectl -n kube-system get cm kubeadm-config -o yaml'''
  - '[kubelet-start] Writing kubelet configuration to file "/var/lib/kubelet/config.yaml"'
  - '[kubelet-start] Writing kubelet environment file with flags to file "/var/lib/kubelet/kubeadm-flags.env"'
  - '[kubelet-start] Starting the kubelet'
  - '[kubelet-start] Waiting for the kubelet to perform the TLS Bootstrap...'
  - ''
  - 'This node has joined the cluster:'
  - '* Certificate signing request was sent to apiserver and a response was received.'
  - '* The Kubelet was informed of the new secure connection details.'
  - ''
  - Run 'kubectl get nodes' on the control-plane to see this node join the cluster.
2026-05-07 00:39:45,737 p=94063 u=ansible n=ansible | ok: [worker-02] => 
  join_result.stdout_lines:
  - '[preflight] Running pre-flight checks'
  - '[preflight] Reading configuration from the cluster...'
  - '[preflight] FYI: You can look at this config file with ''kubectl -n kube-system get cm kubeadm-config -o yaml'''
  - '[kubelet-start] Writing kubelet configuration to file "/var/lib/kubelet/config.yaml"'
  - '[kubelet-start] Writing kubelet environment file with flags to file "/var/lib/kubelet/kubeadm-flags.env"'
  - '[kubelet-start] Starting the kubelet'
  - '[kubelet-start] Waiting for the kubelet to perform the TLS Bootstrap...'
  - ''
  - 'This node has joined the cluster:'
  - '* Certificate signing request was sent to apiserver and a response was received.'
  - '* The Kubelet was informed of the new secure connection details.'
  - ''
  - Run 'kubectl get nodes' on the control-plane to see this node join the cluster.
2026-05-07 00:39:45,755 p=94063 u=ansible n=ansible | TASK [worker : Ensure kubelet is running on worker] ********************************************************************************************************************
2026-05-07 00:39:46,845 p=94063 u=ansible n=ansible | ok: [worker-02]
2026-05-07 00:39:46,849 p=94063 u=ansible n=ansible | ok: [worker-01]
2026-05-07 00:39:47,090 p=94063 u=ansible n=ansible | PLAY [Install ArgoCD on control plane] *********************************************************************************************************************************
2026-05-07 00:39:47,131 p=94063 u=ansible n=ansible | TASK [Gathering Facts] *************************************************************************************************************************************************
2026-05-07 00:39:53,985 p=94063 u=ansible n=ansible | ok: [Master]
2026-05-07 00:39:54,063 p=94063 u=ansible n=ansible | TASK [argocd : Create argocd namespace] ********************************************************************************************************************************
2026-05-07 00:39:55,710 p=94063 u=ansible n=ansible | changed: [Master]
2026-05-07 00:39:55,773 p=94063 u=ansible n=ansible | TASK [argocd : Download ArgoCD install manifest] ***********************************************************************************************************************
2026-05-07 00:40:00,434 p=94063 u=ansible n=ansible | ok: [Master]
2026-05-07 00:40:00,459 p=94063 u=ansible n=ansible | TASK [argocd : Apply ArgoCD manifest] **********************************************************************************************************************************
2026-05-07 00:40:25,616 p=94063 u=ansible n=ansible | changed: [Master]
2026-05-07 00:40:25,776 p=94063 u=ansible n=ansible | TASK [argocd : Wait for ArgoCD server to be ready] *********************************************************************************************************************
2026-05-07 00:40:56,803 p=94063 u=ansible n=ansible | changed: [Master]
2026-05-07 00:40:56,827 p=94063 u=ansible n=ansible | TASK [argocd : Check current argocd-server service type] ***************************************************************************************************************
2026-05-07 00:40:58,433 p=94063 u=ansible n=ansible | ok: [Master]
2026-05-07 00:40:58,492 p=94063 u=ansible n=ansible | TASK [argocd : Patch argocd-server to NodePort] ************************************************************************************************************************
2026-05-07 00:41:00,027 p=94063 u=ansible n=ansible | changed: [Master]
2026-05-07 00:41:00,050 p=94063 u=ansible n=ansible | TASK [argocd : Open ArgoCD HTTP NodePort in firewalld] *****************************************************************************************************************
2026-05-07 00:41:03,771 p=94063 u=ansible n=ansible | ok: [Master]
2026-05-07 00:41:03,834 p=94063 u=ansible n=ansible | TASK [argocd : Open ArgoCD HTTPS NodePort in firewalld] ****************************************************************************************************************
2026-05-07 00:41:05,649 p=94063 u=ansible n=ansible | ok: [Master]
2026-05-07 00:41:05,670 p=94063 u=ansible n=ansible | TASK [argocd : Wait for admin secret to be created] ********************************************************************************************************************
2026-05-07 00:41:07,130 p=94063 u=ansible n=ansible | changed: [Master]
2026-05-07 00:41:07,180 p=94063 u=ansible n=ansible | TASK [argocd : Get ArgoCD initial admin password] **********************************************************************************************************************
2026-05-07 00:41:08,169 p=94063 u=ansible n=ansible | changed: [Master]
2026-05-07 00:41:08,243 p=94063 u=ansible n=ansible | TASK [argocd : Decode ArgoCD password] *********************************************************************************************************************************
2026-05-07 00:41:08,365 p=94063 u=ansible n=ansible | ok: [Master]
2026-05-07 00:41:08,390 p=94063 u=ansible n=ansible | TASK [argocd : Download ArgoCD CLI] ************************************************************************************************************************************
2026-05-07 00:41:11,345 p=94063 u=ansible n=ansible | ok: [Master]
2026-05-07 00:41:11,387 p=94063 u=ansible n=ansible | TASK [argocd : Display ArgoCD access information] **********************************************************************************************************************
2026-05-07 00:41:11,508 p=94063 u=ansible n=ansible | ok: [Master] => 
  msg:
  - =============================================
  - ✅ ArgoCD installed successfully!
  - =============================================
  - "\U0001F310 URL      : https://10.178.240.63:30443"
  - "\U0001F464 Username : admin"
  - "\U0001F511 Password : 9Tm0x7sGIw2ILZpi"
  - =============================================
  - "\U0001F4A1 CLI Login:"
  - '   argocd login 10.178.240.63:30443 --username admin --password ''9Tm0x7sGIw2ILZpi'' --insecure'
  - =============================================
2026-05-07 00:41:11,743 p=94063 u=ansible n=ansible | PLAY [Verify cluster is healthy] ***************************************************************************************************************************************
2026-05-07 00:41:11,902 p=94063 u=ansible n=ansible | TASK [Wait for all nodes to be Ready] **********************************************************************************************************************************
2026-05-07 00:41:13,081 p=94063 u=ansible n=ansible | changed: [Master]
2026-05-07 00:41:13,107 p=94063 u=ansible n=ansible | TASK [Get node status] *************************************************************************************************************************************************
2026-05-07 00:41:14,057 p=94063 u=ansible n=ansible | changed: [Master]
2026-05-07 00:41:14,156 p=94063 u=ansible n=ansible | TASK [Display nodes] ***************************************************************************************************************************************************
2026-05-07 00:41:14,215 p=94063 u=ansible n=ansible | ok: [Master] => 
  nodes_output.stdout_lines:
  - NAME        STATUS   ROLES           AGE     VERSION    INTERNAL-IP     EXTERNAL-IP   OS-IMAGE                      KERNEL-VERSION                 CONTAINER-RUNTIME
  - master      Ready    control-plane   3m56s   v1.29.15   10.178.240.63   <none>        Rocky Linux 9.7 (Blue Onyx)   5.14.0-611.47.1.el9_7.x86_64   containerd://2.2.2
  - worker-01   Ready    <none>          89s     v1.29.15   10.178.240.64   <none>        Rocky Linux 9.7 (Blue Onyx)   5.14.0-611.47.1.el9_7.x86_64   containerd://2.2.2
  - worker-02   Ready    <none>          95s     v1.29.15   10.178.240.60   <none>        Rocky Linux 9.7 (Blue Onyx)   5.14.0-611.5.1.el9_7.x86_64    containerd://2.2.3
2026-05-07 00:41:14,236 p=94063 u=ansible n=ansible | TASK [Get all pods] ****************************************************************************************************************************************************
2026-05-07 00:41:15,244 p=94063 u=ansible n=ansible | changed: [Master]
2026-05-07 00:41:15,267 p=94063 u=ansible n=ansible | TASK [Display pods] ****************************************************************************************************************************************************
2026-05-07 00:41:15,317 p=94063 u=ansible n=ansible | ok: [Master] => 
  pods_output.stdout_lines:
  - NAMESPACE     NAME                                                READY   STATUS    RESTARTS   AGE     IP               NODE        NOMINATED NODE   READINESS GATES
  - argocd        argocd-application-controller-0                     1/1     Running   0          51s     192.168.171.4    worker-01   <none>           <none>
  - argocd        argocd-applicationset-controller-8478f5d679-hhnbc   1/1     Running   0          56s     192.168.171.1    worker-01   <none>           <none>
  - argocd        argocd-dex-server-7d5b457877-q7prq                  1/1     Running   0          56s     192.168.171.3    worker-01   <none>           <none>
  - argocd        argocd-notifications-controller-5dfb54dc99-phvfm    1/1     Running   0          56s     192.168.37.195   worker-02   <none>           <none>
  - argocd        argocd-redis-76748db5f4-k7rrd                       1/1     Running   0          56s     192.168.37.194   worker-02   <none>           <none>
  - argocd        argocd-repo-server-65bbbc45d9-x8qtt                 1/1     Running   0          55s     192.168.37.193   worker-02   <none>           <none>
  - argocd        argocd-server-8699f8544f-tf4rw                      1/1     Running   0          54s     192.168.171.2    worker-01   <none>           <none>
  - kube-system   calico-kube-controllers-5fc7d6cf67-wrqn5            1/1     Running   0          3m23s   192.168.219.66   master      <none>           <none>
  - kube-system   calico-node-gth7r                                   1/1     Running   0          91s     10.178.240.64    worker-01   <none>           <none>
  - kube-system   calico-node-m8mhp                                   1/1     Running   0          3m23s   10.178.240.63    master      <none>           <none>
  - kube-system   calico-node-qb2jp                                   1/1     Running   0          97s     10.178.240.60    worker-02   <none>           <none>
  - kube-system   coredns-76f75df574-7svg8                            1/1     Running   0          3m39s   192.168.219.67   master      <none>           <none>
  - kube-system   coredns-76f75df574-q9khx                            1/1     Running   0          3m39s   192.168.219.65   master      <none>           <none>
  - kube-system   etcd-master                                         1/1     Running   0          3m39s   10.178.240.63    master      <none>           <none>
  - kube-system   kube-apiserver-master                               1/1     Running   0          3m39s   10.178.240.63    master      <none>           <none>
  - kube-system   kube-controller-manager-master                      1/1     Running   11         3m39s   10.178.240.63    master      <none>           <none>
  - kube-system   kube-proxy-6shfz                                    1/1     Running   0          3m39s   10.178.240.63    master      <none>           <none>
  - kube-system   kube-proxy-dxrqj                                    1/1     Running   0          91s     10.178.240.64    worker-01   <none>           <none>
  - kube-system   kube-proxy-fqdjw                                    1/1     Running   0          97s     10.178.240.60    worker-02   <none>           <none>
  - kube-system   kube-scheduler-master                               1/1     Running   11         3m39s   10.178.240.63    master      <none>           <none>
2026-05-07 00:41:15,386 p=94063 u=ansible n=ansible | PLAY RECAP *************************************************************************************************************************************************************
2026-05-07 00:41:15,387 p=94063 u=ansible n=ansible | Master                     : ok=77   changed=32   unreachable=0    failed=0    skipped=5    rescued=0    ignored=1   
2026-05-07 00:41:15,387 p=94063 u=ansible n=ansible | worker-01                  : ok=46   changed=16   unreachable=0    failed=0    skipped=4    rescued=0    ignored=0   
2026-05-07 00:41:15,388 p=94063 u=ansible n=ansible | worker-02                  : ok=46   changed=16   unreachable=0    failed=0    skipped=4    rescued=0    ignored=0   
